H,V,C,x,y,Y,OKLCH_L,OKLCH_C,OKLCH_h,sRGB_R,sRGB_G,sRGB_B,IN_SRGB_GAMUT
2.5GY,0.2,2,0.713,1.414,0.237,0.1292934358,0.1898692652,120.6128437,0.01291060407,0.04122976735,-0.02826350963,FALSE
5GY,0.2,2,0.449,1.145,0.237,0.1279868936,0.1577769982,125.1650343,-0.001980776106,0.04469579124,-0.02038231387,FALSE
7.5GY,0.2,2,0.262,0.837,0.237,0.1265392172,0.06857042648,143.9839708,-0.01548219875,0.04728311364,-0.008906427878,FALSE
7.5GY,0.2,4,-0.078,2.16,0.237,0.1229201045,0.1907375691,136.0216239,-0.04354952888,0.05551453377,-0.02055369319,FALSE
10GY,0.2,2,0.185,0.676,0.237,0.1258195114,0.06285344149,155.795213,-0.02402557591,0.04867991413,0.0004142511089,FALSE
10GY,0.2,4,-0.257,1.233,0.237,0.118425482,0.1299222756,164.9046879,-0.06779851627,0.05998514139,-0.005754169285,FALSE
2.5G,0.2,2,0.144,0.584,0.237,0.1252487786,0.06301894818,164.2014489,-0.03045166771,0.04966852991,0.007907155391,FALSE
2.5G,0.2,4,-0.235,0.891,0.237,0.1155481163,0.1494288255,172.5812365,-0.07850742099,0.0615643449,0.004778445562,FALSE
5G,0.2,2,0.117,0.516,0.237,0.1247378958,0.06518871783,170.8344051,-0.03596262941,0.05044574389,0.01498743889,FALSE
5G,0.2,4,-0.209,0.719,0.237,0.1123505835,0.1769148411,176.6610868,-0.08543524794,0.06243537036,0.01329392903,FALSE
7.5G,0.2,2,0.097,0.458,0.237,0.1242293005,0.06873088437,176.5293822,-0.04122136657,0.05111025332,0.02250691013,FALSE
7.5G,0.2,4,-0.181,0.575,0.237,0.09474578438,0.3412848749,180.1243301,-0.09321841537,0.06331041464,0.02404455148,FALSE
10G,0.2,2,0.08,0.397,0.237,0.1236170686,0.07442259359,182.3280918,-0.04728076355,0.05174774067,0.0325077674,FALSE
10G,0.2,4,-0.137,0.425,0.237,0.09035807078,0.383394212,181.9725271,-0.1030562946,0.06406195115,0.0419907496,FALSE
2.5BG,0.2,2,0.068,0.332,0.237,0.1228987032,0.08293899728,188.1238137,-0.05414148192,0.05220468771,0.04634301199,FALSE
2.5BG,0.2,4,-0.1,0.325,0.237,0.08846860078,0.4041018753,183.4544678,-0.1120388305,0.06442170596,0.05950488945,FALSE
5BG,0.2,2,0.066,0.261,0.237,0.1223032961,0.09378239068,194.2280672,-0.06081167408,0.05187018464,0.06433007916,FALSE
5BG,0.2,4,-0.048,0.223,0.237,0.08752562336,0.4215183882,185.5011527,-0.1223951732,0.06370753956,0.08466806401,FALSE
7.5BG,0.2,2,0.072,0.226,0.237,0.1224818263,0.09691728896,197.7937815,-0.06220739949,0.05082457581,0.07475624751,FALSE
7.5BG,0.2,4,-0.016,0.181,0.237,0.08816637144,0.4230454822,186.7014985,-0.1235522812,0.06185726417,0.09901507046,FALSE
10BG,0.2,2,0.085,0.195,0.237,0.1236016819,0.09314521948,202.7604564,-0.05948264334,0.04851254861,0.0851499149,FALSE
10BG,0.2,4,0.015,0.148,0.237,0.0896708302,0.4185156953,187.9852827,-0.1205248473,0.05868335875,0.1134085063,FALSE
2.5B,0.2,2,0.097,0.177,0.237,0.1249384488,0.08648263827,207.6009495,-0.0546680198,0.04605381686,0.09183950493,FALSE
2.5B,0.2,4,0.039,0.128,0.237,0.09183796049,0.4067812669,189.1083223,-0.1134058443,0.05485899516,0.1240453479,FALSE
5B,0.2,2,0.111,0.164,0.237,0.1266152542,0.07697591006,213.9164631,-0.04692009461,0.04293384423,0.09680524681,FALSE
5B,0.2,4,0.063,0.114,0.237,0.09588921981,0.3769708828,190.5305956,-0.09991865976,0.04955625495,0.1323381668,FALSE
7.5B,0.2,2,0.121,0.157,0.237,0.1278096819,0.0703601729,219.1960442,-0.04047458711,0.04049913581,0.09949720992,FALSE
7.5B,0.2,4,0.074,0.109,0.237,0.09935490193,0.3482089087,191.6498902,-0.09178653348,0.04660328332,0.1354397806,FALSE
10B,0.2,2,0.133,0.149,0.237,0.1292496266,0.06343519709,226.8549178,-0.03194059285,0.03720939524,0.1027418426,FALSE
10B,0.2,4,0.088,0.102,0.237,0.1195822364,0.1709093078,204.4367947,-0.08058722181,0.04213058934,0.1402912809,FALSE
10B,0.2,6,0.063,0.074,0.237,0.09243927673,0.4484275407,192.1766303,-0.1362252809,0.0469633286,0.1748186128,FALSE
2.5PB,0.2,2,0.147,0.143,0.237,0.130801821,0.05653408671,236.9557025,-0.02102842113,0.03342747143,0.1048890942,FALSE
2.5PB,0.2,4,0.109,0.094,0.237,0.1276513763,0.1128114731,220.3407458,-0.05983533899,0.03417108672,0.1459679557,FALSE
2.5PB,0.2,6,0.087,0.067,0.237,0.09816381454,0.4071375356,193.9815305,-0.1072344746,0.03553138917,0.1828582426,FALSE
5PB,0.2,2,0.165,0.136,0.237,0.1327237214,0.0510444358,252.4502253,-0.005718959641,0.02821762598,0.107419701,FALSE
5PB,0.2,4,0.133,0.09,0.237,0.1327902889,0.08412115826,240.624177,-0.03140905676,0.02503214488,0.1476879987,FALSE
5PB,0.2,6,0.115,0.062,0.237,0.1304762475,0.1396425286,224.1260253,-0.06306131366,0.02004764767,0.1881558725,FALSE
5PB,0.2,8,0.104,0.045,0.237,0.1039363101,0.4128904603,197.217427,-0.1016725662,0.01404372444,0.2272261659,FALSE
5PB,0.2,10,0.096,0.032,0.237,0.1018402451,0.4993689838,197.1408361,-0.1574499222,0.004753571367,0.2739921883,FALSE
5PB,0.2,12,0.086,0.018,0.237,0.105345959,0.6250145117,197.9917054,-0.3161668459,-0.01789924568,0.36834393,FALSE
7.5PB,0.2,2,0.192,0.13,0.237,0.1352034177,0.04930932472,276.1688044,0.01860591312,0.02057563145,0.1086355747,TRUE
7.5PB,0.2,4,0.171,0.087,0.237,0.1381687194,0.0722641776,275.0115966,0.01716914814,0.01057616648,0.1469164352,TRUE
7.5PB,0.2,6,0.159,0.061,0.237,0.1418431868,0.09367265567,272.9557165,0.01658855749,-0.002659919548,0.1846937329,FALSE
7.5PB,0.2,8,0.152,0.045,0.237,0.145968856,0.1131459795,270.6580909,0.01684748337,-0.01866959401,0.2208344032,FALSE
7.5PB,0.2,10,0.148,0.034,0.237,0.1508841254,0.1321726709,268.8836358,0.01982212008,-0.03914971373,0.2577351512,FALSE
7.5PB,0.2,12,0.145,0.025,0.237,0.1575679103,0.1545051037,266.7496632,0.02541508557,-0.06964591263,0.3029459385,FALSE
7.5PB,0.2,14,0.142,0.018,0.237,0.1658887768,0.1810982188,262.8028677,0.0295166319,-0.1133130911,0.357758789,FALSE
7.5PB,0.2,16,0.139,0.012,0.237,0.1779373687,0.2202693187,256.1976705,0.03287251656,-0.1901948837,0.4361499203,FALSE
7.5PB,0.2,18,0.137,0.006,0.237,0.2054512143,0.3069498909,246.2229069,0.05862402119,-0.4259517172,0.6035164346,FALSE
7.5PB,0.2,20,0.136,0,0.237,,,,,,,
10PB,0.2,2,0.227,0.126,0.237,0.1378549157,0.0556799836,300.3496917,0.05021354244,0.01093878475,0.1077962254,TRUE
10PB,0.2,4,0.213,0.088,0.237,0.1419021855,0.07991050262,301.8121915,0.06469215012,-0.003547449636,0.1412130755,FALSE
10PB,0.2,6,0.206,0.064,0.237,0.1468306109,0.1037235248,303.6239237,0.08175245814,-0.02244267345,0.173778668,FALSE
10PB,0.2,8,0.202,0.049,0.237,0.1520377639,0.1252788132,304.9703137,0.09833359858,-0.04388630786,0.2038797243,FALSE
10PB,0.2,10,0.2,0.04,0.237,0.1567707968,0.1428272561,305.9946749,0.1126761759,-0.06477888425,0.2287075328,FALSE
10PB,0.2,12,0.198,0.031,0.237,0.1637060158,0.1660505093,307.0645623,0.1323622005,-0.09780263402,0.2626830754,FALSE
10PB,0.2,14,0.196,0.024,0.237,0.1718132761,0.1903181876,307.7557964,0.1535430532,-0.140043259,0.3003874249,FALSE
10PB,0.2,16,0.195,0.018,0.237,0.1826766521,0.2200669906,308.6973479,0.1814158452,-0.2036154806,0.3473781254,FALSE
10PB,0.2,18,0.193,0.012,0.237,0.2009276186,0.2639678112,309.2783141,0.224461288,-0.3282041959,0.4237115533,FALSE
10PB,0.2,20,0.192,0.006,0.237,0.2422210362,0.3514204549,310.3496003,0.3201037472,-0.7070817976,0.5867078875,FALSE
2.5P,0.2,2,0.25,0.127,0.237,0.1390809291,0.06077847007,310.8820989,0.06535602792,0.005737722928,0.1047876964,TRUE
2.5P,0.2,4,0.241,0.09,0.237,0.1436212857,0.0879596971,312.9248309,0.08528518822,-0.01177033837,0.1359678525,FALSE
2.5P,0.2,6,0.236,0.067,0.237,0.1486425145,0.1135642801,314.4619304,0.1050567042,-0.03267221786,0.1652957161,FALSE
2.5P,0.2,8,0.232,0.052,0.237,0.1538262942,0.1367380569,315.3204088,0.1232538193,-0.05582954963,0.1930087993,FALSE
2.5P,0.2,10,0.231,0.043,0.237,0.1585030168,0.1559838757,316.2864589,0.1395015595,-0.07847747911,0.2152754464,FALSE
2.5P,0.2,12,0.229,0.035,0.237,0.1641282564,0.1770239749,316.8674908,0.1572860927,-0.107413515,0.2414117944,FALSE
2.5P,0.2,14,0.228,0.028,0.237,0.1712008064,0.201603052,317.6143082,0.1791556942,-0.1471177972,0.2720031087,FALSE
2.5P,0.2,16,0.227,0.022,0.237,0.1799398527,0.2294301541,318.2468483,0.2048489356,-0.2010608526,0.3082061036,FALSE
2.5P,0.2,18,0.226,0.016,0.237,0.1934173538,0.2684879964,318.9153498,0.2427898835,-0.2954611995,0.3616004694,FALSE
5P,0.2,2,0.275,0.129,0.237,0.1401774448,0.06657078069,319.4094591,0.07850168772,0.000570094066,0.1008957887,TRUE
5P,0.2,4,0.269,0.093,0.237,0.1448709931,0.09548685024,320.7725361,0.1007653511,-0.01882473631,0.1297732579,FALSE
5P,0.2,6,0.266,0.072,0.237,0.1494430345,0.1202425188,321.7887739,0.1203765987,-0.03930800512,0.1543254327,FALSE
5P,0.2,8,0.264,0.056,0.237,0.1548133937,0.1463978052,322.6893228,0.1416761621,-0.06538208369,0.1805060495,FALSE
5P,0.2,10,0.263,0.047,0.237,0.159130364,0.1657100577,323.2522901,0.1578263241,-0.08793173846,0.2001563312,FALSE
5P,0.2,12,0.263,0.039,0.237,0.1643663262,0.1877589108,323.9394882,0.1769491996,-0.1174120667,0.2223744179,FALSE
5P,0.2,14,0.262,0.032,0.237,0.1704955776,0.2114632305,324.3754319,0.1978089494,-0.1543404969,0.2478726118,FALSE
7.5P,0.2,2,0.288,0.131,0.237,0.1405958206,0.06901182959,322.9455296,0.08396546197,-0.001630394735,0.09826565581,FALSE
7.5P,0.2,4,0.283,0.094,0.237,0.1455058667,0.09970554444,323.9470609,0.1078707219,-0.02259870127,0.127194739,FALSE
7.5P,0.2,6,0.28,0.074,0.237,0.149820167,0.1235521607,324.5573289,0.1266896778,-0.04254012094,0.1498980954,FALSE
7.5P,0.2,8,0.277,0.058,0.237,0.1549588646,0.1491545092,325.028262,0.1472357184,-0.0680779402,0.1749946258,FALSE
7.5P,0.2,10,0.276,0.049,0.237,0.1590880027,0.1682135617,325.460989,0.163118748,-0.09020235821,0.1935413065,FALSE
7.5P,0.2,12,0.275,0.04,0.237,0.1646743661,0.1922027937,325.9237322,0.1836210701,-0.1222827643,0.2174175254,FALSE
10P,0.2,2,0.3,0.134,0.237,0.1408345045,0.07043006725,325.8059182,0.08794527661,-0.003091432516,0.09515379686,FALSE
10P,0.2,4,0.296,0.097,0.237,0.1456781482,0.1012894144,326.4422019,0.1121507845,-0.02428471034,0.122887258,FALSE
10P,0.2,6,0.293,0.075,0.237,0.1503603375,0.1276997722,326.8797902,0.1330396621,-0.04654503541,0.1469728988,FALSE
10P,0.2,8,0.291,0.06,0.237,0.1551390067,0.1521626889,327.2792204,0.1528519908,-0.07110521854,0.1695429965,FALSE
10P,0.2,10,0.29,0.051,0.237,0.159097482,0.1709843063,327.5896091,0.1684940053,-0.0928962379,0.1870756388,FALSE
2.5RP,0.2,2,0.315,0.137,0.237,0.1411818381,0.07268652788,329.0488982,0.09291454289,-0.005160061403,0.09176926204,FALSE
2.5RP,0.2,4,0.313,0.1,0.237,0.1460287574,0.1041777348,329.3936,0.117954812,-0.0270963083,0.118234318,FALSE
2.5RP,0.2,6,0.312,0.078,0.237,0.1506682581,0.1311874385,329.7936881,0.1396811354,-0.05007985968,0.1408489726,FALSE
2.5RP,0.2,8,0.31,0.064,0.237,0.1548566673,0.1534061186,329.9247804,0.1575958677,-0.07227936952,0.1603750856,FALSE
2.5RP,0.2,10,0.31,0.053,0.237,0.1594851191,0.1764547624,330.2886429,0.1769153143,-0.09885873831,0.1800145122,FALSE
5RP,0.2,2,0.337,0.143,0.237,0.1414794903,0.07472751476,333.2141293,0.09854852534,-0.007321198838,0.08598909705,FALSE
5RP,0.2,4,0.341,0.106,0.237,0.1463431912,0.107385006,333.5592839,0.1254120043,-0.03050609687,0.1099429773,FALSE
5RP,0.2,6,0.342,0.084,0.237,0.1507449596,0.1342073053,333.6908258,0.1472179289,-0.05347121387,0.1302080568,FALSE
5RP,0.2,8,0.342,0.069,0.237,0.1549674387,0.1579504252,333.7689565,0.166657266,-0.07722253469,0.148637318,FALSE
7.5RP,0.2,2,0.37,0.152,0.237,0.1418488414,0.07747893102,338.5736577,0.1057340107,-0.01024299978,0.07760257597,FALSE
7.5RP,0.2,4,0.381,0.115,0.237,0.1466144415,0.1107346024,338.5338393,0.1338047097,-0.03442027785,0.0984028121,FALSE
7.5RP,0.2,6,0.388,0.093,0.237,0.1508152482,0.137908845,338.6234665,0.1565602334,-0.0580675276,0.1153375286,FALSE
7.5RP,0.2,8,0.393,0.077,0.237,0.154999404,0.1632842227,338.7019557,0.1778773413,-0.08371664333,0.1314084786,FALSE
10RP,0.2,2,0.404,0.164,0.237,0.1419209191,0.07817613141,343.499933,0.1105165693,-0.01176984542,0.06796719255,FALSE
10RP,0.2,4,0.424,0.125,0.237,0.1467722403,0.1131868287,343.0683157,0.1407997935,-0.03775391187,0.08646799814,FALSE
10RP,0.2,6,0.435,0.103,0.237,0.150666148,0.1395379999,342.8729111,0.1631887402,-0.06100836934,0.1006282353,FALSE
2.5R,0.2,2,0.451,0.183,0.237,0.1418027405,0.07748067433,349.872707,0.1147170538,-0.01263263862,0.05424180546,FALSE
2.5R,0.2,4,0.488,0.142,0.237,0.1466672166,0.1138808132,349.0542551,0.1474704405,-0.04037813689,0.06847517395,FALSE
2.5R,0.2,6,0.51,0.119,0.237,0.1504172617,0.1406355739,348.7340646,0.1710449534,-0.06463411307,0.07895318981,FALSE
5R,0.2,2,0.501,0.204,0.237,0.141640101,0.0763967453,356.3613469,0.1178777146,-0.0131065077,0.03986106024,FALSE
5R,0.2,4,0.556,0.159,0.237,0.146661227,0.1146779195,354.7537863,0.1534300505,-0.04321274741,0.05061476954,FALSE
7.5R,0.2,2,0.543,0.224,0.237,0.1413868251,0.07459448993,2.06736477,0.1191062935,-0.01270588056,0.02805036702,FALSE
7.5R,0.2,4,0.626,0.178,0.237,0.1465069121,0.1138584333,0.596713871,0.1573520356,-0.04470632576,0.03157302105,FALSE
10R,0.2,2,0.592,0.246,0.237,0.141213582,0.07356632491,8.636597754,0.1207466509,-0.01268950549,0.01696525199,FALSE
10R,0.2,4,0.696,0.198,0.237,0.1463031219,0.1122957883,6.816993595,0.1599388378,-0.04539818318,0.01517897111,FALSE
2.5YR,0.2,2,0.679,0.29,0.237,0.1407713743,0.07165872049,22.08889196,0.1214989463,-0.01150091195,0.0008785990858,FALSE
2.5YR,0.2,4,0.843,0.245,0.237,0.1457239543,0.108341117,24.69463938,0.1618024049,-0.04438879984,-0.0108568002,FALSE
5YR,0.2,2,0.837,0.375,0.237,0.1401924904,0.08340011162,58.342511,0.1212086919,-0.009171230664,-0.0187728999,FALSE
5YR,0.2,4,1.174,0.355,0.237,0.1453185151,0.1909266857,83.1347347,0.162943471,-0.04194443038,-0.04383762537,FALSE
7.5YR,0.2,2,1,0.48,0.237,0.1397686437,0.1715493204,94.61759605,0.1178426925,-0.005376677034,-0.03160496005,FALSE
10YR,0.2,2,1.29,0.74,0.237,0.1378889782,0.1912678814,100.1963788,0.1056612568,0.004093683325,-0.04350554316,FALSE
2.5Y,0.2,2,1.43,0.97,0.237,0.1363372934,0.1958388454,103.7658677,0.09302280614,0.01192393902,-0.0454274312,FALSE
5Y,0.2,2,1.495,1.284,0.237,0.1344130707,0.198518459,108.1350819,0.07519280276,0.0210975075,-0.04425157125,FALSE
7.5Y,0.2,2,1.434,1.459,0.237,0.1331867991,0.1990486848,110.9622364,0.06235284041,0.0265403313,-0.04199238326,FALSE
10Y,0.4,2,0.542,0.67,0.467,0.1645364321,0.06998857256,110.9812471,0.06457777318,0.06122658857,-0.02728983303,FALSE
2.5GY,0.4,2,0.423,0.59,0.467,0.1634313739,0.05061170203,120.9127022,0.04337041741,0.06564787961,-0.01077563083,FALSE
2.5GY,0.4,4,0.735,1.82,0.467,0.1609756264,0.2481087124,122.3111996,0.008015022528,0.07628873844,-0.05928519708,FALSE
5GY,0.4,2,0.358,0.528,0.467,0.1628872451,0.04164096227,130.9836118,0.02921507898,0.06765449546,0.002684676544,TRUE
5GY,0.4,4,0.323,1.467,0.467,0.1582581207,0.2214594387,128.8561202,-0.03601654334,0.08322920733,-0.04183415337,FALSE
7.5GY,0.4,2,0.312,0.482,0.467,0.1624266687,0.03730454656,142.2991078,0.01726722521,0.06924836941,0.0146600432,TRUE
7.5GY,0.4,4,0.128,1.141,0.467,0.1558037959,0.1156384237,148.2893043,-0.06528627844,0.08726198097,-0.0248926776,FALSE
10GY,0.4,2,0.277,0.445,0.467,0.1620217152,0.03575539512,153.6458631,0.006848539865,0.07056154175,0.02584666622,TRUE
10GY,0.4,4,0.041,0.906,0.467,0.154174034,0.1126242474,159.2035197,-0.08650537741,0.08983412497,-0.008306274764,FALSE
2.5G,0.4,2,0.258,0.423,0.467,0.161790702,0.03565512157,160.7571322,0.000726851853,0.07126868667,0.03319510062,TRUE
2.5G,0.4,4,0.005,0.743,0.467,0.1528922193,0.1164597708,166.8466627,-0.1019334415,0.09144149019,0.007594276481,FALSE
5G,0.4,2,0.239,0.399,0.467,0.1615561521,0.0361973045,168.4815336,-0.005773465194,0.07194926606,0.04186326912,FALSE
5G,0.4,4,-0.011,0.604,0.467,0.1515792189,0.1242343964,173.5126621,-0.1163397482,0.09268022151,0.02662110177,FALSE
7.5G,0.4,2,0.226,0.38,0.467,0.1614138375,0.03684967338,174.3069973,-0.01032552956,0.07233182148,0.04864006348,FALSE
7.5G,0.4,4,-0.011,0.501,0.467,0.1505382545,0.1325240579,178.445777,-0.1269901267,0.09326866494,0.04593464551,FALSE
10G,0.4,2,0.213,0.361,0.467,0.1612506789,0.038183166,180.093282,-0.01535675859,0.0727527824,0.05547235918,FALSE
10G,0.4,4,-0.004,0.405,0.467,0.149332806,0.1445604531,183.1936117,-0.1380099862,0.09352967793,0.06680040322,FALSE
2.5BG,0.4,2,0.196,0.332,0.467,0.1610710176,0.04061984366,188.3037283,-0.02227197838,0.07314744164,0.06583693001,FALSE
2.5BG,0.4,4,0.008,0.334,0.467,0.1484324188,0.1557815115,186.8155899,-0.1457625924,0.09316470129,0.084610112,FALSE
5BG,0.4,2,0.18,0.298,0.467,0.1609855645,0.0439795602,197.2186687,-0.02920531244,0.0731878373,0.07827313695,FALSE
5BG,0.4,4,0.031,0.259,0.467,0.1483636805,0.1633444554,191.3293596,-0.1498411168,0.09126407949,0.1075184391,FALSE
7.5BG,0.4,2,0.173,0.275,0.467,0.1611114855,0.04574531861,203.2476528,-0.03182352756,0.07267268006,0.08691684379,FALSE
7.5BG,0.4,4,0.051,0.22,0.467,0.1499895653,0.1550323133,195.1585736,-0.1450595444,0.08851934866,0.1220175248,FALSE
7.5BG,0.4,6,-0.005,0.193,0.467,0.1131081743,0.5032275864,186.4769873,-0.2198521551,0.09767122689,0.1413115927,FALSE
10BG,0.4,2,0.169,0.249,0.467,0.1615126959,0.04689821482,210.8212461,-0.03192498293,0.07134266939,0.09711986534,FALSE
10BG,0.4,4,0.074,0.187,0.467,0.1530089607,0.1364730326,200.9375844,-0.1323408199,0.08407261143,0.1364840947,FALSE
10BG,0.4,6,0.032,0.149,0.467,0.1158351376,0.4924282365,188.2741817,-0.2113490145,0.09213621102,0.165785586,FALSE
2.5B,0.4,2,0.169,0.236,0.467,0.1618716757,0.04688361054,215.356299,-0.03012864199,0.07021496202,0.1024238347,FALSE
2.5B,0.4,4,0.087,0.172,0.467,0.1550302201,0.1241366856,205.240605,-0.1217060371,0.08085819024,0.1439535797,FALSE
2.5B,0.4,6,0.048,0.134,0.467,0.1181734152,0.4781735737,189.2171423,-0.2016408833,0.08846331734,0.1761287209,FALSE
5B,0.4,2,0.172,0.223,0.467,0.1624668224,0.04568600802,221.3824372,-0.0251774368,0.06838245805,0.1077275266,FALSE
5B,0.4,4,0.102,0.159,0.467,0.1574990028,0.1089876278,211.3012192,-0.1057253322,0.07658244632,0.1507591805,FALSE
5B,0.4,6,0.067,0.119,0.467,0.1230425453,0.4425797483,190.7752383,-0.1839657453,0.08277821718,0.1878684243,FALSE
7.5B,0.4,2,0.176,0.213,0.467,0.1630806982,0.04428412504,227.3730292,-0.01921803031,0.06645373129,0.1118714431,FALSE
7.5B,0.4,4,0.113,0.151,0.467,0.1593136093,0.09854765345,216.7433306,-0.09195806504,0.07300482856,0.1551422588,FALSE
7.5B,0.4,6,0.081,0.111,0.467,0.1456903533,0.2424273833,200.208051,-0.1649588633,0.07764003026,0.1945443995,FALSE
10B,0.4,2,0.183,0.203,0.467,0.1639449627,0.04210394664,235.9084094,-0.009435875088,0.06363918374,0.115917467,FALSE
10B,0.4,4,0.126,0.145,0.467,0.1613335361,0.08688056706,224.0407342,-0.07346339449,0.06860894165,0.1580901907,FALSE
10B,0.4,6,0.093,0.105,0.467,0.1540432172,0.1760398212,209.1276308,-0.1456752523,0.07247815659,0.199837063,FALSE
10B,0.4,8,0.067,0.067,0.467,0.1165186025,0.5709905109,192.7359292,-0.2766578916,0.07698838254,0.2634884475,FALSE
2.5PB,0.4,2,0.19,0.196,0.467,0.164726257,0.04043790161,244.1351488,0.0003513710763,0.06095041809,0.1186623027,TRUE
2.5PB,0.4,4,0.141,0.139,0.467,0.1635380503,0.07610326678,234.2593088,-0.0502217986,0.06293779462,0.1609862621,FALSE
2.5PB,0.4,6,0.113,0.098,0.467,0.1611070536,0.128661167,223.225099,-0.1067886467,0.06249514955,0.2058104321,FALSE
2.5PB,0.4,8,0.093,0.065,0.467,0.12582262,0.4898470958,194.7626792,-0.1956074199,0.05995964428,0.2640319312,FALSE
5PB,0.4,2,0.202,0.188,0.467,0.1659226593,0.03876770821,257.7791821,0.01708761714,0.05649643678,0.1214918392,TRUE
5PB,0.4,4,0.161,0.134,0.467,0.1661415175,0.06627806307,250.1135879,-0.01700960337,0.05478692081,0.1626187721,FALSE
5PB,0.4,6,0.135,0.095,0.467,0.1662870034,0.1002197785,241.2773353,-0.05742030118,0.05033451091,0.2067577417,FALSE
5PB,0.4,8,0.116,0.066,0.467,0.1639478969,0.1626126965,225.9478176,-0.117323063,0.04277515712,0.2583465431,FALSE
5PB,0.4,10,0.107,0.053,0.467,0.1348303057,0.4435292421,198.2296557,-0.1674500096,0.03666700215,0.2925670849,FALSE
5PB,0.4,12,0.099,0.042,0.467,0.1274629922,0.5588725873,196.6337266,-0.2361072983,0.02899194056,0.3318934249,FALSE
5PB,0.4,14,0.096,0.036,0.467,0.1267876874,0.6025044761,196.7786471,-0.2829478753,0.02053955608,0.3595750569,FALSE
5PB,0.4,16,0.094,0.03,0.467,0.127481693,0.6463908671,197.1630001,-0.3412265736,0.006691829673,0.3942550539,FALSE
5PB,0.4,18,0.091,0.025,0.467,0.1284935269,0.6942996009,197.4666841,-0.4228379868,-0.006702420983,0.4317539095,FALSE
5PB,0.4,20,0.086,0.018,0.467,0.1320709776,0.7835732699,197.9917054,-0.6229954305,-0.03526982165,0.5066040442,FALSE
7.5PB,0.4,2,0.22,0.18,0.467,0.1675410463,0.03929592052,277.1562308,0.0425411831,0.04962268973,0.1237703795,TRUE
7.5PB,0.4,4,0.192,0.13,0.467,0.1695029189,0.06181851475,276.1688044,0.03666228451,0.04054188161,0.1620774021,TRUE
7.5PB,0.4,6,0.175,0.095,0.467,0.1723069819,0.08417059741,275.5411381,0.03476634627,0.02579711806,0.2012395995,TRUE
7.5PB,0.4,8,0.165,0.072,0.467,0.175667971,0.1047184498,274.8681951,0.03607897304,0.007317153595,0.2387126719,TRUE
7.5PB,0.4,10,0.16,0.058,0.467,0.1790854728,0.1213910511,274.7694581,0.04146571658,-0.01223992575,0.2701935128,FALSE
7.5PB,0.4,12,0.155,0.046,0.467,0.1832656644,0.1399275545,273.4832028,0.04510908996,-0.03753961537,0.3068215349,FALSE
7.5PB,0.4,14,0.152,0.04,0.467,0.1860027172,0.1515183747,271.9885322,0.04516638772,-0.05512649478,0.3305268854,FALSE
7.5PB,0.4,16,0.15,0.032,0.467,0.1917053992,0.1706459655,271.7588872,0.05687856489,-0.0926116581,0.370598114,FALSE
7.5PB,0.4,18,0.147,0.026,0.467,0.1971759676,0.1894650644,269.3337206,0.05943200165,-0.1323773286,0.4114265953,FALSE
7.5PB,0.4,20,0.145,0.02,0.467,0.2057670439,0.214530042,267.5276988,0.0709773158,-0.1990239836,0.4676842759,FALSE
7.5PB,0.4,22,0.143,0.016,0.467,0.2137123252,0.2378439905,264.6669438,0.07644337671,-0.2687065414,0.5205211526,FALSE
7.5PB,0.4,24,0.141,0.01,0.467,0.2350368417,0.2919237458,260.4783309,0.1024318802,-0.4837973791,0.6481599449,FALSE
7.5PB,0.4,26,0.139,0.005,0.467,0.2760228019,0.3927713392,252.9911829,0.1474453247,-1.05334417,0.8872205888,FALSE
7.5PB,0.4,28,0.137,0.001,0.467,0.3830366318,1.067806691,218.7670999,0.3156238955,-5.58554584,1.793388195,FALSE
10PB,0.4,2,0.241,0.176,0.467,0.1690787022,0.0425388784,294.9834645,0.06578511975,0.04181459815,0.1234746211,TRUE
10PB,0.4,4,0.223,0.131,0.467,0.1719288843,0.06519042311,296.8656556,0.07676837957,0.02677253274,0.1571749814,TRUE
10PB,0.4,6,0.212,0.1,0.467,0.1754122272,0.08725460957,298.5551637,0.09025622502,0.007643657194,0.1897721047,TRUE
10PB,0.4,8,0.206,0.078,0.467,0.1796068061,0.1093806334,300.5640994,0.1067409801,-0.01655551212,0.22176291,FALSE
10PB,0.4,10,0.202,0.062,0.467,0.1843389242,0.1311841233,302.1621733,0.1240117543,-0.04529607229,0.2536238299,FALSE
10PB,0.4,12,0.199,0.05,0.467,0.1895809609,0.1527022277,303.3720069,0.141640721,-0.07892252768,0.2858562058,FALSE
10PB,0.4,14,0.197,0.043,0.467,0.1937316419,0.1682413143,303.9795601,0.1545002227,-0.1068538973,0.3100348632,FALSE
10PB,0.4,16,0.195,0.036,0.467,0.1992152471,0.1872254062,304.6132115,0.1707124035,-0.1456474661,0.3402977744,FALSE
10PB,0.4,18,0.193,0.029,0.467,0.2068262374,0.2113485626,305.2828027,0.1921157881,-0.2031689648,0.3799670812,FALSE
10PB,0.4,20,0.192,0.024,0.467,0.2144987928,0.2339168521,305.9878078,0.2133919624,-0.2658782785,0.4173965722,FALSE
10PB,0.4,22,0.191,0.018,0.467,0.2279872787,0.2703487899,306.9624691,0.2493910477,-0.3877877476,0.4798476875,FALSE
10PB,0.4,24,0.19,0.013,0.467,0.2459932838,0.3141671837,307.739561,0.294869586,-0.5745660123,0.5597418139,FALSE
10PB,0.4,26,0.188,0.008,0.467,0.2785873272,0.3838446142,308.1191202,0.3715777121,-0.9872631524,0.7006498733,FALSE
10PB,0.4,28,0.187,0.004,0.467,0.3397971126,0.5012476396,308.7390073,0.5152027422,-2.069340463,0.9566492928,FALSE
2.5P,0.4,2,0.259,0.177,0.467,0.1700261712,0.0453888223,306.0634707,0.07982775982,0.03609083498,0.1206184939,TRUE
2.5P,0.4,4,0.246,0.134,0.467,0.173227891,0.06935221703,308.0143039,0.09613099702,0.01826149385,0.1516250484,TRUE
2.5P,0.4,6,0.238,0.104,0.467,0.1769651927,0.09296989628,309.7259898,0.1137523237,-0.003530468824,0.1814072988,FALSE
2.5P,0.4,8,0.233,0.082,0.467,0.1813136361,0.1169663076,311.300832,0.1328386445,-0.03028409838,0.2111789871,FALSE
2.5P,0.4,10,0.23,0.064,0.467,0.1868832146,0.1442892816,312.9802546,0.1558516523,-0.0668843498,0.2445229078,FALSE
2.5P,0.4,12,0.227,0.054,0.467,0.1911529821,0.1631358678,313.5050097,0.1712567322,-0.09626896574,0.2693064982,FALSE
2.5P,0.4,14,0.226,0.045,0.467,0.1965667708,0.1855772673,314.5467323,0.1912252583,-0.1361642474,0.2972803536,FALSE
2.5P,0.4,16,0.224,0.038,0.467,0.2020229368,0.2062177897,315.0106463,0.2092832743,-0.1783153245,0.3252067902,FALSE
2.5P,0.4,18,0.223,0.031,0.467,0.209595402,0.2331583694,315.8024921,0.2342513798,-0.2414517798,0.3610410615,FALSE
2.5P,0.4,20,0.222,0.026,0.467,0.2168845853,0.2571324584,316.3077147,0.2569946202,-0.3066993799,0.3944029305,FALSE
2.5P,0.4,22,0.22,0.02,0.467,0.2290839318,0.2936666272,316.7287801,0.2926279282,-0.4256426503,0.4488203559,FALSE
2.5P,0.4,24,0.219,0.016,0.467,0.2410316719,0.3269380153,317.1288204,0.326845408,-0.5557568525,0.4996376098,FALSE
2.5P,0.4,26,0.218,0.01,0.467,0.2712661102,0.4035738332,317.9067277,0.4112492259,-0.9491210413,0.622583615,FALSE
5P,0.4,2,0.281,0.182,0.467,0.1708133949,0.04804437276,316.333124,0.09242057106,0.03081424155,0.11495962,TRUE
5P,0.4,4,0.272,0.138,0.467,0.1744255765,0.07483329621,317.6162231,0.1132720047,0.009532649988,0.144924575,TRUE
5P,0.4,6,0.265,0.11,0.467,0.1779497072,0.09783100724,318.1681506,0.1309151945,-0.01217537036,0.1710241375,FALSE
5P,0.4,8,0.26,0.087,0.467,0.1823700471,0.1235298789,318.9959463,0.1515061552,-0.04098092091,0.1996148069,FALSE
5P,0.4,10,0.257,0.069,0.467,0.1876403917,0.1511165406,319.9685536,0.1745654198,-0.07771945563,0.2298025373,FALSE
5P,0.4,12,0.253,0.057,0.467,0.1924698565,0.1738319554,320.2018547,0.1931290638,-0.1129821175,0.2568549,FALSE
5P,0.4,14,0.252,0.048,0.467,0.197620185,0.1966929885,320.8862751,0.2132998694,-0.15351766,0.2823721129,FALSE
5P,0.4,16,0.25,0.04,0.467,0.2036086824,0.2211008212,321.2795895,0.2348833311,-0.2031840237,0.3114743064,FALSE
5P,0.4,18,0.248,0.034,0.467,0.2094975594,0.2433158532,321.5001167,0.254911426,-0.2548832375,0.3392265907,FALSE
5P,0.4,20,0.247,0.028,0.467,0.2174938091,0.2719675262,321.9581849,0.2820371511,-0.3308975303,0.3744488729,FALSE
7.5P,0.4,2,0.296,0.185,0.467,0.1713287128,0.05046718096,322.2038363,0.1000813574,0.02719720813,0.1113516293,TRUE
7.5P,0.4,4,0.289,0.142,0.467,0.1749548457,0.07754846944,322.5599956,0.1218340272,0.005125746629,0.1395451263,TRUE
7.5P,0.4,6,0.284,0.114,0.467,0.1785513936,0.101484611,322.9589164,0.1410410292,-0.0179631904,0.1642231504,FALSE
7.5P,0.4,8,0.28,0.091,0.467,0.1829143612,0.1277105633,323.4829493,0.1624299252,-0.04762950252,0.1910468934,FALSE
7.5P,0.4,10,0.276,0.072,0.467,0.1882016432,0.156378073,323.8991499,0.1860297326,-0.08584829825,0.2210311512,FALSE
7.5P,0.4,12,0.273,0.059,0.467,0.1934017967,0.1820385982,324.2217126,0.2076184317,-0.1259113465,0.2484283032,FALSE
7.5P,0.4,14,0.272,0.049,0.467,0.1990508126,0.2080975561,324.7631812,0.2306003785,-0.1728073163,0.2754743566,FALSE
7.5P,0.4,16,0.27,0.042,0.467,0.2041314685,0.229645723,324.9383116,0.2496101955,-0.2170511832,0.2996059164,FALSE
7.5P,0.4,18,0.269,0.034,0.467,0.2120975256,0.2615999237,325.3959997,0.2791385256,-0.292208665,0.3346947232,FALSE
10P,0.4,2,0.309,0.189,0.467,0.1716423104,0.0518873087,326.5915804,0.1054095773,0.02479132489,0.1074881425,TRUE
10P,0.4,4,0.304,0.146,0.467,0.1753206381,0.07957427117,326.3525945,0.1282470137,0.001788148172,0.1345398222,TRUE
10P,0.4,6,0.302,0.119,0.467,0.1788490526,0.1035386453,326.7958519,0.1483326654,-0.02173078116,0.1568190114,FALSE
10P,0.4,8,0.298,0.095,0.467,0.1832261244,0.1306317279,326.9040754,0.1704452354,-0.05244595843,0.1831271236,FALSE
10P,0.4,10,0.296,0.073,0.467,0.1894355436,0.1654839676,327.4760811,0.199971514,-0.09972312731,0.2158948205,FALSE
10P,0.4,12,0.294,0.061,0.467,0.1942613459,0.1901478561,327.7021951,0.2210128353,-0.13898344,0.2400678442,FALSE
10P,0.4,14,0.293,0.052,0.467,0.1990979354,0.2133739461,327.9870707,0.2414005281,-0.1809010927,0.2627391486,FALSE
10P,0.4,16,0.291,0.043,0.467,0.2054269311,0.2415166358,328.1620811,0.2664231605,-0.2389602828,0.2916724366,FALSE
2.5RP,0.4,2,0.32,0.193,0.467,0.171844892,0.05278339884,329.972264,0.1092554778,0.02311140204,0.1039294241,TRUE
2.5RP,0.4,4,0.32,0.151,0.467,0.1755900985,0.08110829037,329.9553077,0.1339056902,-0.001034611456,0.1287951065,FALSE
2.5RP,0.4,6,0.32,0.123,0.467,0.1792539665,0.1064732135,330.203555,0.155606668,-0.02629304292,0.1505567729,FALSE
2.5RP,0.4,8,0.32,0.1,0.467,0.1835087356,0.1336819791,330.5272303,0.1787961009,-0.0576225188,0.173722832,FALSE
2.5RP,0.4,10,0.32,0.078,0.467,0.18944649,0.168498526,330.9338565,0.2086627926,-0.1048786848,0.203468239,FALSE
2.5RP,0.4,12,0.32,0.065,0.467,0.1944472844,0.1955525565,331.2215545,0.2322056687,-0.1478388356,0.2268649636,FALSE
2.5RP,0.4,14,0.32,0.054,0.467,0.2001507955,0.2243700396,331.4957099,0.2577397889,-0.2003456867,0.2522045424,FALSE
5RP,0.4,2,0.337,0.199,0.467,0.1721442966,0.05432190185,334.7309506,0.1147678087,0.02056630682,0.09858962897,TRUE
5RP,0.4,4,0.344,0.158,0.467,0.1759911799,0.08368196083,334.7320929,0.1416860074,-0.005298299425,0.1207398623,FALSE
5RP,0.4,6,0.348,0.131,0.467,0.1795287311,0.1088574499,334.7959783,0.1639311561,-0.03089125013,0.1396390536,FALSE
5RP,0.4,8,0.35,0.106,0.467,0.1839695367,0.138305922,334.7439427,0.1893068729,-0.06524215845,0.1623963726,FALSE
5RP,0.4,10,0.353,0.082,0.467,0.1902815019,0.1769211601,334.9515814,0.2229032025,-0.1187206512,0.1917358931,FALSE
5RP,0.4,12,0.353,0.07,0.467,0.194597534,0.2013005882,334.9364824,0.2440519925,-0.1579165462,0.2113307691,FALSE
7.5RP,0.4,2,0.36,0.209,0.467,0.1723770238,0.05539352672,340.5895601,0.1204718363,0.01819132981,0.09057469331,TRUE
7.5RP,0.4,4,0.374,0.169,0.467,0.1761889454,0.08494912944,340.0155157,0.1485687599,-0.008526259625,0.1096046789,FALSE
7.5RP,0.4,6,0.384,0.141,0.467,0.1798325113,0.1116667351,339.85522,0.1729821981,-0.03633384589,0.1265102684,FALSE
7.5RP,0.4,8,0.391,0.117,0.467,0.1839220995,0.140025529,339.6383324,0.1981482636,-0.0699506278,0.1450410651,FALSE
7.5RP,0.4,10,0.398,0.09,0.467,0.1904261688,0.1820063253,339.4355264,0.2350806416,-0.128612676,0.1730065374,FALSE
10RP,0.4,2,0.381,0.22,0.467,0.1724410869,0.05543803258,345.6938754,0.1241700617,0.01700939165,0.08255730279,TRUE
10RP,0.4,4,0.406,0.181,0.467,0.1763285714,0.0859312934,345.0801826,0.1545457965,-0.01135737936,0.09802909654,FALSE
10RP,0.4,6,0.423,0.153,0.467,0.1799356949,0.1130528239,344.6896868,0.180121044,-0.04026693835,0.1121349558,FALSE
10RP,0.4,8,0.437,0.128,0.467,0.1840559777,0.1426848504,344.3217505,0.2072100728,-0.07621044008,0.128052572,FALSE
10RP,0.4,10,0.454,0.098,0.467,0.1909814484,0.1895624033,343.9864465,0.2495598267,-0.1436728202,0.1535125547,FALSE
2.5R,0.4,2,0.411,0.236,0.467,0.1724973747,0.05555723985,352.6019566,0.1285828754,0.01562656756,0.071233394,TRUE
2.5R,0.4,4,0.45,0.198,0.467,0.176430248,0.08673615174,351.4470619,0.161007179,-0.01437375169,0.08236059845,FALSE
2.5R,0.4,6,0.477,0.17,0.467,0.1799803686,0.1140286172,350.7090037,0.1877113357,-0.04444397167,0.09286207186,FALSE
2.5R,0.4,8,0.501,0.143,0.467,0.184198647,0.1453635301,349.9918717,0.217270851,-0.08373238133,0.1058002106,FALSE
2.5R,0.4,10,0.529,0.113,0.467,0.1905243462,0.1902466168,349.3846798,0.2590011126,-0.1501192802,0.1243933698,FALSE
5R,0.4,2,0.441,0.255,0.467,0.1723788592,0.05462392581,359.7711487,0.1311031986,0.0155429017,0.05884592389,TRUE
5R,0.4,4,0.498,0.219,0.467,0.1763272038,0.08607224709,358.2443984,0.1654128908,-0.01570026624,0.06437153254,FALSE
5R,0.4,6,0.537,0.19,0.467,0.1798918686,0.1137868627,357.0188681,0.1935636429,-0.04727859189,0.07128204814,FALSE
5R,0.4,8,0.575,0.161,0.467,0.1842031864,0.146428098,356.0100505,0.2255809365,-0.08985760849,0.08011107596,FALSE
7.5R,0.4,2,0.466,0.272,0.467,0.1722344339,0.05378886383,5.956037354,0.1324618297,0.01588722061,0.0480609224,TRUE
7.5R,0.4,4,0.539,0.238,0.467,0.1761801374,0.08517975504,4.10011122,0.1679811962,-0.01608208574,0.04827962365,FALSE
7.5R,0.4,6,0.588,0.208,0.467,0.1797380383,0.1128274671,2.399915726,0.1969523085,-0.04849206285,0.05195710145,FALSE
7.5R,0.4,8,0.635,0.176,0.467,0.1841448312,0.1462837938,0.8229941401,0.2305783882,-0.09343262834,0.05822787504,FALSE
10R,0.4,2,0.49,0.289,0.467,0.1720813067,0.05318223884,12.06776889,0.133361992,0.01640013745,0.03723777175,TRUE
10R,0.4,4,0.582,0.258,0.467,0.1760454574,0.08461983044,10.29682084,0.1702018709,-0.0163862625,0.03076088927,FALSE
10R,0.4,6,0.649,0.229,0.467,0.179625918,0.1122146376,8.917837474,0.2005283401,-0.05006251494,0.02760321166,FALSE
10R,0.4,8,0.706,0.196,0.467,0.1838587464,0.1440477905,7.06914399,0.2338277269,-0.09457320384,0.02816665104,FALSE
2.5YR,0.4,2,0.534,0.324,0.467,0.171693694,0.05232895966,24.41164829,0.1335242807,0.01829604878,0.01845237362,TRUE
2.5YR,0.4,4,0.665,0.298,0.467,0.1757761082,0.08462005064,23.10733041,0.1730477399,-0.01626375647,0.00236885651,FALSE
2.5YR,0.4,6,0.755,0.27,0.467,0.1792096851,0.1104435679,22.59207159,0.2032043971,-0.04949357547,-0.008215848516,FALSE
2.5YR,0.4,8,0.844,0.241,0.467,0.1830129957,0.1379861501,23.96370971,0.2349985986,-0.09099345125,-0.02082855228,FALSE
5YR,0.4,2,0.585,0.367,0.467,0.1712643259,0.05371007191,39.2259746,0.1329886175,0.02063366466,0.0007274409037,TRUE
5YR,0.4,4,0.775,0.362,0.467,0.1751235485,0.08918060806,46.04526614,0.1722572809,-0.01231786702,-0.02661144051,FALSE
5YR,0.4,6,0.889,0.344,0.467,0.178266924,0.1678911005,79.54755352,0.1974002075,-0.03874090867,-0.04226853368,FALSE
7.5YR,0.4,2,0.638,0.42,0.467,0.1706905669,0.05834073365,56.04696259,0.1304985126,0.02427511301,-0.01486008374,FALSE
7.5YR,0.4,4,0.908,0.452,0.467,0.1747356779,0.19731763,94.01157158,0.1684109039,-0.005759934306,-0.05089280669,FALSE
10YR,0.4,2,0.698,0.499,0.467,0.1697937693,0.07220455845,76.95135482,0.1243685657,0.03056812084,-0.0298951429,FALSE
2.5Y,0.4,2,0.729,0.588,0.467,0.168628861,0.1025589276,95.48153249,0.1133040484,0.03939315564,-0.03863813273,FALSE
5Y,0.4,2,0.721,0.656,0.467,0.1677410174,0.1738497605,108.163549,0.1012795523,0.0470056054,-0.04111508299,FALSE
7.5Y,0.4,2,0.659,0.7,0.467,0.1659922657,0.1038922469,106.8890967,0.08436271948,0.05488865486,-0.03808438715,FALSE
10Y,0.6,2,0.432,0.501,0.699,0.1885973159,0.0420900949,108.0510553,0.08399791171,0.08078442642,-0.002129725302,FALSE
10Y,0.6,4,0.902,1.223,0.699,0.1883002097,0.2709922261,115.8014305,0.0896779752,0.08474118757,-0.09274958721,FALSE
2.5GY,0.6,2,0.377,0.468,0.699,0.1878454667,0.03476066129,119.5628513,0.06846930969,0.08413281036,0.01447423597,TRUE
2.5GY,0.6,4,0.603,1.169,0.699,0.1854443365,0.2548058427,121.0527183,0.03546635282,0.09577268297,-0.07162923138,FALSE
5GY,0.6,2,0.342,0.442,0.699,0.1873836668,0.0307480842,130.3230407,0.05684040676,0.08606469921,0.02778076626,TRUE
5GY,0.6,4,0.41,0.995,0.699,0.183300916,0.1211993121,130.5535989,-0.005005524607,0.1008196362,-0.05047230374,FALSE
7.5GY,0.6,2,0.315,0.42,0.699,0.187013791,0.02861710686,141.316103,0.04594048502,0.08753746453,0.03982435859,TRUE
7.5GY,0.6,4,0.274,0.792,0.699,0.181939872,0.09255075029,143.5475982,-0.03780342447,0.1042207026,-0.02312604296,FALSE
7.5GY,0.6,6,-0.045,1.459,0.699,0.1754553452,0.1591960429,151.4840354,-0.1363329867,0.1185995923,-0.04203863825,FALSE
10GY,0.6,2,0.292,0.399,0.699,0.186702398,0.02765860136,152.5981862,0.0348889717,0.08872409413,0.05097976693,TRUE
10GY,0.6,4,0.208,0.652,0.699,0.1811798308,0.08393171136,154.2732267,-0.05835253527,0.1058826494,0.002214635965,FALSE
10GY,0.6,6,-0.128,1.125,0.699,0.172718466,0.1619567877,162.149575,-0.1723083166,0.1220780196,-0.01795764324,FALSE
2.5G,0.6,2,0.281,0.388,0.699,0.1865579796,0.02755092446,158.573982,0.02932584124,0.08925627085,0.05645728484,TRUE
2.5G,0.6,4,0.175,0.561,0.699,0.1807589507,0.08073025426,162.4132282,-0.07142621893,0.1066385869,0.024044212,FALSE
2.5G,0.6,6,-0.143,0.889,0.699,0.1703840715,0.1739162999,169.1149092,-0.1979368857,0.124200421,0.006005002417,FALSE
5G,0.6,2,0.27,0.376,0.699,0.186424317,0.0276548596,164.9293703,0.02375731125,0.08973695584,0.06220296994,TRUE
5G,0.6,4,0.152,0.493,0.699,0.1803801476,0.08050667437,169.5465192,-0.08324331484,0.1072384612,0.04510363884,FALSE
5G,0.6,6,-0.128,0.682,0.699,0.1676920852,0.1935584638,175.1283838,-0.2214880616,0.1257166985,0.0373435988,FALSE
7.5G,0.6,2,0.259,0.363,0.699,0.1863015257,0.02804072522,171.624023,0.01813682532,0.09016599129,0.06825850521,TRUE
7.5G,0.6,4,0.137,0.44,0.699,0.1801078627,0.08148406971,175.505315,-0.09280692069,0.1075511516,0.06203277285,FALSE
7.5G,0.6,6,-0.102,0.541,0.699,0.1650857703,0.216419701,179.2371652,-0.2382889605,0.1263408769,0.06500252199,FALSE
10G,0.6,2,0.247,0.349,0.699,0.1861488062,0.02914062009,178.7529546,0.01147126188,0.09068325185,0.07482238999,TRUE
10G,0.6,4,0.124,0.389,0.699,0.1798228995,0.08406968919,181.598129,-0.1032619652,0.1077761729,0.07871385379,FALSE
10G,0.6,6,-0.068,0.425,0.699,0.1622025975,0.2446302547,182.575554,-0.2507458872,0.1260882252,0.09029064996,FALSE
2.5BG,0.6,2,0.236,0.334,0.699,0.1860461617,0.03037332786,185.7202082,0.005531679106,0.09100999132,0.08165663005,TRUE
2.5BG,0.6,4,0.117,0.341,0.699,0.1797682418,0.08630415353,187.5087914,-0.1109275118,0.1074018566,0.09505280251,FALSE
2.5BG,0.6,6,-0.036,0.334,0.699,0.1555025095,0.3113297236,184.7312233,-0.2613473,0.1251849671,0.1149136472,FALSE
5BG,0.6,2,0.221,0.311,0.699,0.1859497657,0.03282029064,195.4919239,-0.00272150496,0.09127659298,0.09214945464,FALSE
5BG,0.6,4,0.112,0.284,0.699,0.179900415,0.090277606,195.1386275,-0.1195734923,0.1062938371,0.1168774991,FALSE
5BG,0.6,6,0.009,0.243,0.699,0.1440446522,0.4282565642,186.134644,-0.2623569646,0.121594977,0.1473587107,FALSE
7.5BG,0.6,2,0.213,0.295,0.699,0.1859926211,0.03432621755,201.8688377,-0.006517107192,0.09108234026,0.09939650639,FALSE
7.5BG,0.6,4,0.113,0.254,0.699,0.1803020571,0.09139988253,199.7703374,-0.1209971738,0.1048885601,0.1297699677,FALSE
7.5BG,0.6,6,0.03,0.211,0.699,0.1612559888,0.2742768475,190.9497122,-0.2548802233,0.1186110244,0.1620071926,FALSE
10BG,0.6,2,0.206,0.276,0.699,0.1861846406,0.03578779602,209.520437,-0.00862755694,0.09037581316,0.1080671308,FALSE
10BG,0.6,4,0.116,0.221,0.699,0.1810605497,0.09234783345,205.729784,-0.1201922231,0.102493454,0.1458511303,FALSE
10BG,0.6,6,0.052,0.176,0.699,0.1662898088,0.2389280732,195.2717121,-0.2453932519,0.1141836525,0.1819343654,FALSE
2.5B,0.6,2,0.202,0.26,0.699,0.1864780184,0.03680015863,216.3822607,-0.008255836709,0.08933360802,0.1155316192,FALSE
2.5B,0.6,4,0.123,0.202,0.699,0.1821873262,0.08876726172,210.958476,-0.1110553306,0.09955105811,0.1557717818,FALSE
2.5B,0.6,6,0.071,0.157,0.699,0.1722632499,0.1937789195,200.9109233,-0.2237411946,0.108989164,0.1941814986,FALSE
2.5B,0.6,8,0.017,0.111,0.699,0.1255907448,0.654372347,189.3495578,-0.4358593314,0.1250469565,0.2494249403,FALSE
5B,0.6,2,0.202,0.245,0.699,0.1870177828,0.03661968753,224.5604163,-0.00284725941,0.08744714333,0.1224390168,FALSE
5B,0.6,4,0.134,0.187,0.699,0.1838205996,0.08148368828,217.8785287,-0.09293801722,0.09536412056,0.1637463933,FALSE
5B,0.6,6,0.088,0.145,0.699,0.1769544127,0.1599504909,207.226545,-0.1958421909,0.1033455069,0.202347184,FALSE
5B,0.6,8,0.044,0.1,0.699,0.129930999,0.6256675371,190.3150969,-0.3846961497,0.1157723776,0.2610401999,FALSE
7.5B,0.6,2,0.204,0.235,0.699,0.1875391445,0.03607738117,231.5352054,0.00393108147,0.08559381756,0.1270288476,TRUE
7.5B,0.6,4,0.143,0.178,0.699,0.1851443317,0.07570029884,224.0659372,-0.07618337437,0.09176260731,0.1686269067,FALSE
7.5B,0.6,6,0.099,0.136,0.699,0.1796734361,0.1435567539,212.3383134,-0.1759038656,0.09880947215,0.2093803928,FALSE
7.5B,0.6,8,0.06,0.096,0.699,0.13376118,0.5950055553,190.9997633,-0.3420817108,0.1090001349,0.2648113482,FALSE
10B,0.6,2,0.209,0.227,0.699,0.1882006708,0.03476467316,239.9184262,0.01469220284,0.08317517469,0.1303970392,TRUE
10B,0.6,4,0.153,0.172,0.699,0.1864835698,0.069577444,231.0560147,-0.0564183033,0.08790398625,0.1715238155,FALSE
10B,0.6,6,0.115,0.128,0.699,0.1834089152,0.1208780302,221.1921665,-0.1398966505,0.09170205625,0.2153111108,FALSE
10B,0.6,8,0.084,0.091,0.699,0.1442542795,0.5048167402,193.1108256,-0.2691404843,0.09698483195,0.2692635316,FALSE
2.5PB,0.6,2,0.215,0.221,0.699,0.1888615151,0.03362001862,248.6383806,0.02661075007,0.08065094711,0.1327099783,TRUE
2.5PB,0.6,4,0.166,0.165,0.699,0.1882030125,0.06337099761,241.7049685,-0.02889408909,0.08239933992,0.1749105068,FALSE
2.5PB,0.6,6,0.131,0.122,0.699,0.1867647896,0.1033036468,232.0826048,-0.099047612,0.08365256426,0.2195414122,FALSE
2.5PB,0.6,8,0.106,0.09,0.699,0.1818317714,0.1771785037,217.8652529,-0.1909503446,0.08473255049,0.2674602563,FALSE
2.5PB,0.6,10,0.089,0.068,0.699,0.1419891791,0.5701076571,194.1530557,-0.3034046939,0.08590672741,0.3154138248,FALSE
2.5PB,0.6,12,0.079,0.055,0.699,0.136714427,0.6594425747,194.0797424,-0.4118707079,0.08698706361,0.3546887584,FALSE
5PB,0.6,2,0.223,0.215,0.699,0.1896691683,0.03291908508,259.8390212,0.04219059108,0.07739057983,0.1348278484,TRUE
5PB,0.6,4,0.182,0.16,0.699,0.190077539,0.05824200305,255.6286048,0.005992762271,0.07557674531,0.1765039003,TRUE
5PB,0.6,6,0.152,0.118,0.699,0.1904561954,0.08772678092,248.7029207,-0.04080914826,0.07233607374,0.2209791753,FALSE
5PB,0.6,8,0.131,0.088,0.699,0.1902245502,0.1247448162,239.2446881,-0.09999485177,0.06764235645,0.2668316085,FALSE
5PB,0.6,10,0.118,0.069,0.699,0.1883324571,0.1730633641,228.4234811,-0.1626735678,0.06196680567,0.3078532017,FALSE
5PB,0.6,12,0.11,0.057,0.699,0.1807107446,0.2645392702,214.1206505,-0.2225792717,0.05576814737,0.3423637532,FALSE
5PB,0.6,14,0.104,0.048,0.699,0.1493415115,0.5739337836,197.1265854,-0.2871651087,0.04848967436,0.3753922862,FALSE
5PB,0.6,16,0.099,0.04,0.699,0.1459677863,0.6508115447,196.7741769,-0.3662429048,0.03733802664,0.4126416401,FALSE
5PB,0.6,18,0.093,0.032,0.699,0.1446890796,0.7286190936,196.8831683,-0.4951005893,0.02250002951,0.4620039313,FALSE
5PB,0.6,20,0.088,0.024,0.699,0.1464078713,0.8153318053,197.3729057,-0.6962087432,-0.005998855724,0.5318202731,FALSE
5PB,0.6,22,0.084,0.018,0.699,0.1502954758,0.9035594024,197.8690287,-0.9689044995,-0.0427410727,0.6099581856,FALSE
7.5PB,0.6,2,0.239,0.208,0.699,0.1910471546,0.03357614861,279.4806061,0.06645809587,0.07127995056,0.1364515611,TRUE
7.5PB,0.6,4,0.208,0.155,0.699,0.1927678832,0.05673388027,278.573832,0.06076355128,0.06358510595,0.176710903,TRUE
7.5PB,0.6,6,0.188,0.117,0.699,0.1951368641,0.07924919799,277.9052524,0.05788352133,0.05118379537,0.2165867295,TRUE
7.5PB,0.6,8,0.176,0.092,0.699,0.1978365739,0.09903801857,277.3264093,0.05784048827,0.033523632,0.2526856585,TRUE
7.5PB,0.6,10,0.168,0.074,0.699,0.2009127532,0.1175236839,276.7501136,0.0599678982,0.01143595118,0.2875232812,TRUE
7.5PB,0.6,12,0.163,0.062,0.699,0.2039175255,0.1330018491,276.2357334,0.06331195883,-0.01090053608,0.3176222929,FALSE
7.5PB,0.6,14,0.159,0.053,0.699,0.2068920591,0.1470634468,275.3321868,0.06558874011,-0.03386396443,0.3459151071,FALSE
7.5PB,0.6,16,0.156,0.045,0.699,0.2105597791,0.1621843189,274.7642847,0.07103468439,-0.06310378485,0.3770305718,FALSE
7.5PB,0.6,18,0.153,0.037,0.699,0.2155704971,0.18086569,273.8671264,0.07830521692,-0.1049878519,0.4167845407,FALSE
7.5PB,0.6,20,0.15,0.03,0.699,0.221599137,0.2016907346,272.2424915,0.08474387963,-0.158830023,0.4628377282,FALSE
7.5PB,0.6,22,0.148,0.025,0.699,0.2276432281,0.2206142075,270.8677771,0.09213637651,-0.2162657658,0.5059460768,FALSE
7.5PB,0.6,24,0.146,0.02,0.699,0.2360555057,0.2449725579,269.0318121,0.1023380988,-0.3024193801,0.5630435034,FALSE
7.5PB,0.6,26,0.144,0.014,0.699,0.2524091572,0.2868665413,266.5566013,0.125380811,-0.4896186497,0.6653142927,FALSE
7.5PB,0.6,28,0.142,0.008,0.699,0.2853998014,0.3620168178,262.4639845,0.1699661203,-0.9576168235,0.8585395966,FALSE
7.5PB,0.6,30,0.14,0.004,0.699,0.3387987858,0.4802175166,255.6857883,0.2315672725,-2.034537002,1.168404768,FALSE
10PB,0.6,2,0.257,0.204,0.699,0.1923621126,0.03671977937,297.0145943,0.08666465652,0.06462089642,0.1361230077,TRUE
10PB,0.6,4,0.237,0.157,0.699,0.194831715,0.05933399868,298.1303854,0.09658688864,0.05150365801,0.1707670073,TRUE
10PB,0.6,6,0.225,0.124,0.699,0.1978071237,0.08095021909,299.7545438,0.1095236266,0.03158806943,0.2029197409,TRUE
10PB,0.6,8,0.216,0.098,0.699,0.2014989631,0.1036407351,301.0909696,0.1246724494,0.004624693149,0.2367676254,TRUE
10PB,0.6,10,0.211,0.082,0.699,0.2048877328,0.1218331525,302.1440958,0.1381095078,-0.02106090047,0.2638571207,FALSE
10PB,0.6,12,0.208,0.07,0.699,0.2084323744,0.1390347059,303.2844525,0.1521077999,-0.04899991692,0.2890625634,FALSE
10PB,0.6,14,0.204,0.058,0.699,0.2130898972,0.1596412767,303.9724341,0.1682075112,-0.086940365,0.3210134284,FALSE
10PB,0.6,16,0.202,0.05,0.699,0.2173736691,0.1770432387,304.7584082,0.183089784,-0.1235574947,0.347597693,FALSE
10PB,0.6,18,0.2,0.042,0.699,0.2230207895,0.1982619164,305.5674417,0.2017189605,-0.1741240071,0.3807014735,FALSE
10PB,0.6,20,0.198,0.035,0.699,0.2296423507,0.221105469,306.194264,0.2221122174,-0.2366860522,0.4177417281,FALSE
10PB,0.6,22,0.196,0.029,0.699,0.2372937298,0.2453131464,306.637617,0.2441798468,-0.3134581144,0.45878756,FALSE
10PB,0.6,24,0.195,0.024,0.699,0.2461417003,0.2715920382,307.3265193,0.2698732622,-0.409270089,0.5030071203,FALSE
10PB,0.6,26,0.194,0.018,0.699,0.2616842006,0.314010123,308.2766395,0.313330589,-0.5955116105,0.5767857247,FALSE
10PB,0.6,28,0.192,0.012,0.699,0.2877978986,0.3765948887,308.8577445,0.3803815751,-0.9604568735,0.6966348559,FALSE
10PB,0.6,30,0.19,0.006,0.699,0.346438523,0.4986168263,309.5175314,0.5251724214,-2.055292663,0.953041717,FALSE
2.5P,0.6,2,0.272,0.205,0.699,0.1931433116,0.03905434429,307.5336932,0.09892339794,0.06008928893,0.133322286,TRUE
2.5P,0.6,4,0.258,0.16,0.699,0.1959994143,0.06289864394,308.9430944,0.1150093469,0.04276437079,0.1652182037,TRUE
2.5P,0.6,6,0.25,0.129,0.699,0.1991615794,0.08528801563,310.5717652,0.1320825039,0.01921113775,0.1937251534,TRUE
2.5P,0.6,8,0.244,0.104,0.699,0.2029783718,0.10915413,311.9985084,0.1511023462,-0.01050282652,0.2236500328,FALSE
2.5P,0.6,10,0.24,0.088,0.699,0.2064033102,0.128528436,312.8635718,0.1667669424,-0.03821546689,0.2481518335,FALSE
2.5P,0.6,12,0.238,0.075,0.699,0.2102561697,0.1486542855,313.999931,0.1842286997,-0.07094593105,0.2725599093,FALSE
2.5P,0.6,14,0.235,0.06,0.699,0.2163480722,0.1777145189,315.1090872,0.209380571,-0.1252922547,0.3090145015,FALSE
2.5P,0.6,16,0.233,0.053,0.699,0.2200931529,0.1941151193,315.4741412,0.2234913515,-0.160157336,0.3306538969,FALSE
2.5P,0.6,18,0.232,0.044,0.699,0.2265820762,0.221097173,316.4253401,0.2483571162,-0.2245149039,0.3645974228,FALSE
2.5P,0.6,20,0.23,0.038,0.699,0.2320629711,0.2418890893,316.7120831,0.2671080537,-0.281182349,0.3933498885,FALSE
2.5P,0.6,22,0.229,0.032,0.699,0.2393581281,0.2682837202,317.2970373,0.2922902027,-0.3619267536,0.4288523705,FALSE
2.5P,0.6,24,0.228,0.027,0.699,0.2473284609,0.295201585,317.7604679,0.3186046393,-0.4560686272,0.4663671948,FALSE
2.5P,0.6,26,0.227,0.021,0.699,0.2607045912,0.3371945837,318.3970511,0.3613517191,-0.629075228,0.5265391549,FALSE
2.5P,0.6,28,0.226,0.014,0.699,0.2865722402,0.4102588733,319.22724,0.4404311569,-1.019416905,0.6371044458,FALSE
5P,0.6,2,0.287,0.207,0.699,0.1938158911,0.04169187871,316.115476,0.1092993909,0.05575570737,0.1299223104,TRUE
5P,0.6,4,0.28,0.166,0.699,0.1968042438,0.06565663861,317.6783709,0.1291217101,0.03525450161,0.1573043733,TRUE
5P,0.6,6,0.274,0.136,0.699,0.1999377467,0.08825136094,318.4696791,0.1474372326,0.01072842913,0.1830431882,TRUE
5P,0.6,8,0.27,0.11,0.699,0.2039547982,0.114299325,319.6011802,0.1694245607,-0.02233546476,0.2115311001,FALSE
5P,0.6,10,0.268,0.094,0.699,0.2074107977,0.1348898688,320.4376461,0.1871624771,-0.05221781886,0.2336351741,FALSE
5P,0.6,12,0.266,0.08,0.699,0.211364228,0.1568321741,321.1245594,0.2060992447,-0.08788735938,0.2574773157,FALSE
5P,0.6,14,0.264,0.065,0.699,0.2171755352,0.1866328019,321.9325675,0.2322773882,-0.1433543471,0.2900276291,FALSE
5P,0.6,16,0.263,0.056,0.699,0.2219042639,0.20919173,322.4844216,0.2525386013,-0.1912205272,0.3148047182,FALSE
5P,0.6,18,0.262,0.046,0.699,0.2289070939,0.2403735835,323.1447987,0.2811595894,-0.2665912287,0.3495550734,FALSE
5P,0.6,20,0.261,0.041,0.699,0.2333615294,0.2588576494,323.3925073,0.2982663362,-0.3169608131,0.3711891829,FALSE
5P,0.6,22,0.26,0.034,0.699,0.2413818489,0.2904156113,323.8378306,0.3283684841,-0.4134308891,0.4083157772,FALSE
5P,0.6,24,0.26,0.03,0.699,0.2473520396,0.3128763618,324.2058339,0.3505678762,-0.4904923457,0.4344925879,FALSE
7.5P,0.6,2,0.301,0.211,0.699,0.1942617445,0.04340205464,322.6841688,0.1169067135,0.05251321462,0.1255419998,TRUE
7.5P,0.6,4,0.296,0.17,0.699,0.1973567111,0.06822826371,323.0742976,0.1381984079,0.0297830214,0.1519097704,TRUE
7.5P,0.6,6,0.292,0.141,0.699,0.200458103,0.09084558271,323.4522227,0.1572900014,0.004635149268,0.1755430771,TRUE
7.5P,0.6,8,0.288,0.115,0.699,0.2043464517,0.1167580308,323.8616362,0.1790572908,-0.02836879511,0.2024928254,FALSE
7.5P,0.6,10,0.284,0.098,0.699,0.2077252774,0.1374678715,323.9260845,0.196049677,-0.05813886328,0.2249118011,FALSE
7.5P,0.6,12,0.281,0.083,0.699,0.2117275983,0.1602926515,324.1970835,0.2153317689,-0.09511083198,0.2491959675,FALSE
7.5P,0.6,14,0.279,0.067,0.699,0.2177459897,0.1920871152,324.8089334,0.2432291067,-0.154414521,0.2821713591,FALSE
7.5P,0.6,16,0.277,0.056,0.699,0.2234284206,0.2196594547,325.1616006,0.2676708622,-0.2138338674,0.3118091208,FALSE
7.5P,0.6,18,0.276,0.049,0.699,0.228146445,0.2412333139,325.460989,0.2873050781,-0.2660398666,0.335048779,FALSE
7.5P,0.6,20,0.275,0.042,0.699,0.2341126302,0.2670231734,325.7815183,0.31125701,-0.3356478656,0.3633063091,FALSE
10P,0.6,2,0.311,0.214,0.699,0.1945511416,0.04469558951,326.8647874,0.1218263605,0.05025378867,0.1223465482,TRUE
10P,0.6,4,0.308,0.174,0.699,0.1976410531,0.06949369264,326.6301671,0.1437044137,0.02664249111,0.1472120338,TRUE
10P,0.6,6,0.306,0.145,0.699,0.2008017092,0.09275049462,326.870015,0.1640047148,0.0003126147529,0.1697487909,TRUE
10P,0.6,8,0.304,0.119,0.699,0.2047208628,0.119353,327.2107561,0.1870201697,-0.0340465972,0.1952355161,FALSE
10P,0.6,10,0.302,0.101,0.699,0.2083721499,0.1423275568,327.4234134,0.2067236535,-0.06764533651,0.217507416,FALSE
10P,0.6,12,0.301,0.087,0.699,0.2121223177,0.1644977121,327.7511867,0.2260811797,-0.1039671969,0.2385908023,FALSE
10P,0.6,14,0.299,0.069,0.699,0.2186838837,0.2003378799,328.1283426,0.2575363153,-0.1713881166,0.2735117108,FALSE
10P,0.6,16,0.298,0.06,0.699,0.2231533667,0.2230332224,328.3568339,0.2778265523,-0.2202682835,0.2958954105,FALSE
10P,0.6,18,0.297,0.051,0.699,0.2288796852,0.2504532338,328.614609,0.3027923173,-0.2864002739,0.3233224756,FALSE
2.5RP,0.6,2,0.322,0.218,0.699,0.1948054671,0.04582194732,331.0606026,0.1265102066,0.04809318003,0.118468206,TRUE
2.5RP,0.6,4,0.324,0.179,0.699,0.1980176537,0.07146468887,330.9287527,0.1505915742,0.02240888189,0.1412673119,TRUE
2.5RP,0.6,6,0.325,0.151,0.699,0.2011423551,0.09473665869,331.0065679,0.171685054,-0.004543738416,0.1615969131,FALSE
2.5RP,0.6,8,0.326,0.125,0.699,0.2050724713,0.1220793894,331.2458637,0.196115165,-0.04043471031,0.1850574812,FALSE
2.5RP,0.6,10,0.326,0.106,0.699,0.2088826751,0.1468636439,331.3837147,0.2179234773,-0.07717367422,0.2066110856,FALSE
2.5RP,0.6,12,0.326,0.092,0.699,0.2125064595,0.169111994,331.539627,0.2375512148,-0.1139546736,0.2259484443,FALSE
2.5RP,0.6,14,0.326,0.073,0.699,0.2191893214,0.207354719,331.823394,0.2716121136,-0.1864369951,0.2594042514,FALSE
2.5RP,0.6,16,0.325,0.062,0.699,0.2244484144,0.2351476875,331.907139,0.2964982064,-0.2472464141,0.2848229399,FALSE
5RP,0.6,2,0.337,0.226,0.699,0.1949611704,0.04606914924,336.4451671,0.1310815879,0.04639466939,0.1118998015,TRUE
5RP,0.6,4,0.347,0.189,0.699,0.1982435439,0.07228232885,336.4972403,0.1575693434,0.01892096783,0.1310996236,TRUE
5RP,0.6,6,0.354,0.159,0.699,0.2017163179,0.09858889983,336.4657254,0.182643768,-0.01253466463,0.1504419425,FALSE
5RP,0.6,8,0.359,0.135,0.699,0.2053271679,0.1245156619,336.4535089,0.2065740987,-0.04736295805,0.1695562719,FALSE
5RP,0.6,10,0.363,0.114,0.699,0.2094359733,0.1524455233,336.4699302,0.2319304949,-0.08956968008,0.1902385673,FALSE
5RP,0.6,12,0.366,0.099,0.699,0.2132124183,0.1768377097,336.5390903,0.2540162448,-0.1308106479,0.2082431465,FALSE
5RP,0.6,14,0.37,0.08,0.699,0.2195712313,0.2155471853,336.6873899,0.2892131686,-0.2054767283,0.2369319986,FALSE
5RP,0.6,16,0.373,0.068,0.699,0.2250213495,0.2467566436,336.8445598,0.317965407,-0.2747626291,0.2601044355,FALSE
7.5RP,0.6,2,0.355,0.236,0.699,0.1951017502,0.04635241593,342.5413353,0.1357839022,0.04464913837,0.1039579811,TRUE
7.5RP,0.6,4,0.373,0.2,0.699,0.1984798198,0.07345549477,342.1564538,0.1644909665,0.01517052966,0.120147245,TRUE
7.5RP,0.6,6,0.387,0.17,0.699,0.2020412206,0.1009040077,341.8624433,0.1917208974,-0.01863613052,0.136761871,FALSE
7.5RP,0.6,8,0.397,0.146,0.699,0.2056072618,0.1272602222,341.5850006,0.2167842072,-0.05494107296,0.1531343859,FALSE
7.5RP,0.6,10,0.406,0.124,0.699,0.2097702085,0.1566884994,341.3939384,0.2442107464,-0.1004446587,0.1714798684,FALSE
7.5RP,0.6,12,0.413,0.106,0.699,0.2141156643,0.1859876617,341.2512889,0.2712109177,-0.1514136967,0.1900037202,FALSE
7.5RP,0.6,14,0.421,0.087,0.699,0.2201890521,0.22484238,341.1880579,0.3071051121,-0.2287304531,0.2145231879,FALSE
10RP,0.6,2,0.372,0.247,0.699,0.1951264072,0.04602583026,348.2504363,0.1390117319,0.0438150202,0.0958352175,TRUE
10RP,0.6,4,0.399,0.211,0.699,0.1986770424,0.07462040899,347.3042648,0.1704412974,0.01181113244,0.1094502886,TRUE
10RP,0.6,6,0.419,0.182,0.699,0.2021532201,0.1017654915,346.6388484,0.1981583444,-0.02246312804,0.123043236,FALSE
10RP,0.6,8,0.434,0.158,0.699,0.205634894,0.1280758942,346.0869818,0.2238247826,-0.05945449729,0.1368409394,FALSE
10RP,0.6,10,0.447,0.135,0.699,0.2097355007,0.1579280296,345.5572235,0.2521082698,-0.1063251488,0.1531064587,FALSE
10RP,0.6,12,0.459,0.114,0.699,0.2145286493,0.1913701987,345.1685107,0.2834270135,-0.1657409312,0.1714054767,FALSE
2.5R,0.6,2,0.391,0.26,0.699,0.1951091076,0.0456151706,354.6015619,0.1419030372,0.04326831397,0.08657137037,TRUE
2.5R,0.6,4,0.432,0.227,0.699,0.1987341743,0.07486679262,353.6130524,0.1757843429,0.009425852917,0.09502310962,TRUE
2.5R,0.6,6,0.464,0.2,0.699,0.2021610366,0.1019236592,352.9378217,0.204862208,-0.02598574948,0.103637552,FALSE
2.5R,0.6,8,0.489,0.176,0.699,0.2056208517,0.1286114262,352.2031303,0.2320563071,-0.06481366347,0.1134732274,FALSE
2.5R,0.6,10,0.511,0.154,0.699,0.2093756925,0.1568351941,351.5793953,0.2599752857,-0.1104989577,0.1244187521,FALSE
2.5R,0.6,12,0.537,0.126,0.699,0.2153304064,0.1999895025,350.7802619,0.3016737774,-0.190281491,0.1423088447,FALSE
5R,0.6,2,0.411,0.274,0.699,0.1950741931,0.04540385252,1.212230693,0.1444608932,0.04287824353,0.07676878221,TRUE
5R,0.6,4,0.469,0.246,0.699,0.1987096661,0.07478788828,0.5033494524,0.1802456072,0.007800670499,0.07843694185,TRUE
5R,0.6,6,0.514,0.221,0.699,0.2020712374,0.1014390236,359.6920488,0.2102130519,-0.02834700083,0.08173444628,FALSE
5R,0.6,8,0.551,0.197,0.699,0.2055131146,0.1282151163,358.756582,0.238736812,-0.06883341313,0.08698871645,FALSE
5R,0.6,10,0.586,0.176,0.699,0.2090634686,0.1553175159,358.2378539,0.2670374231,-0.1146657998,0.09181863928,FALSE
7.5R,0.6,2,0.431,0.29,0.699,0.1949439001,0.04482497963,8.317471032,0.1459195437,0.04332196267,0.06609583589,TRUE
7.5R,0.6,4,0.502,0.264,0.699,0.198622776,0.07453057361,6.691534267,0.1830987412,0.007180093487,0.06286536572,TRUE
7.5R,0.6,6,0.558,0.24,0.699,0.2019620346,0.1009325564,5.614731193,0.2137598361,-0.02966068491,0.06152946128,FALSE
7.5R,0.6,8,0.604,0.214,0.699,0.2055195195,0.1285013161,4.154847356,0.2439264121,-0.07269719579,0.06381126206,FALSE
7.5R,0.6,10,0.64,0.192,0.699,0.2088596639,0.1539429823,3.072204831,0.2708947506,-0.1168394879,0.0670205945,FALSE
10R,0.6,2,0.447,0.305,0.699,0.1947492754,0.04403751053,14.76274067,0.1461168969,0.04445461167,0.05653600699,TRUE
10R,0.6,4,0.537,0.284,0.699,0.1984915332,0.07435918111,13.40010853,0.1852818009,0.007113654114,0.04494837129,TRUE
10R,0.6,6,0.605,0.261,0.699,0.2018156691,0.1004506876,12.14140133,0.2165553829,-0.03032468039,0.03721629354,FALSE
10R,0.6,8,0.66,0.235,0.699,0.2052681338,0.1268878419,10.49871335,0.2465923607,-0.07305301,0.03385135858,FALSE
10R,0.6,10,0.704,0.214,0.699,0.2083583529,0.1501491449,9.581822899,0.2724496629,-0.1149651214,0.03069617479,FALSE
2.5YR,0.6,2,0.474,0.332,0.699,0.1943940894,0.04346878866,26.29239019,0.1458112931,0.04664270619,0.03905499235,TRUE
2.5YR,0.6,4,0.603,0.322,0.699,0.1982810265,0.07573209641,26.13518423,0.1884934075,0.007150612781,0.01113703403,TRUE
2.5YR,0.6,6,0.693,0.303,0.699,0.2014582741,0.100551503,25.76905248,0.2194542583,-0.02958539878,-0.005672035927,FALSE
2.5YR,0.6,8,0.787,0.282,0.699,0.2049191651,0.1269561852,27.50317639,0.2514184781,-0.07419192372,-0.02531920044,FALSE
2.5YR,0.6,10,0.846,0.266,0.699,0.2073810225,0.1452179949,29.62310719,0.2730931548,-0.1086141028,-0.03854196535,FALSE
5YR,0.6,2,0.505,0.367,0.699,0.193911966,0.04423001942,40.64589911,0.1442333497,0.04978394919,0.01868141241,TRUE
5YR,0.6,4,0.673,0.371,0.699,0.1977665742,0.07885944792,42.27314158,0.1880980158,0.01086990246,-0.01917764224,FALSE
5YR,0.6,6,0.805,0.362,0.699,0.2009467706,0.109427799,49.22669871,0.220010475,-0.02593337052,-0.04652002722,FALSE
5YR,0.6,8,0.93,0.347,0.699,0.2046474682,0.2208123002,83.70576976,0.2499632415,-0.06675072263,-0.07314722741,FALSE
7.5YR,0.6,2,0.526,0.397,0.699,0.1934345123,0.04575323912,52.10820889,0.1414549618,0.05301383705,0.005210150303,TRUE
7.5YR,0.6,4,0.764,0.441,0.699,0.1971364447,0.09603116151,66.22769363,0.1858947861,0.0165954206,-0.04915133186,FALSE
10YR,0.6,2,0.551,0.444,0.699,0.1926434814,0.0499866935,67.81510259,0.1356133483,0.05826055167,-0.01079874453,FALSE
10YR,0.6,4,0.899,0.587,0.699,0.196033354,0.2373529381,102.0740182,0.1743573361,0.03258732878,-0.08112910439,FALSE
2.5Y,0.6,2,0.563,0.491,0.699,0.1917325742,0.05522775158,80.93473918,0.1272963631,0.06401332451,-0.02160598141,FALSE
2.5Y,0.6,4,0.995,0.734,0.699,0.1945091262,0.2565818888,105.3603681,0.1614929736,0.04677262086,-0.09608363959,FALSE
5Y,0.6,2,0.548,0.526,0.699,0.1906666886,0.05717443614,91.06570405,0.1154386633,0.07024920674,-0.02472669235,FALSE
7.5Y,0.6,2,0.502,0.531,0.699,0.1896067969,0.05239678339,98.8359728,0.1011471432,0.07588703993,-0.0184731353,FALSE
7.5Y,0.6,4,1.044,1.074,0.699,0.1908544926,0.2708182741,111.5269185,0.1234987882,0.07195258309,-0.1019850808,FALSE
10Y,0.8,2,0.397,0.448,0.943,0.2086048645,0.03407483387,107.0652048,0.1008892424,0.09797494423,0.02174684252,TRUE
10Y,0.8,4,0.761,0.998,0.943,0.2082833985,0.2812261995,115.7325878,0.1090397259,0.1022932539,-0.1065968536,FALSE
2.5GY,0.8,2,0.363,0.425,0.943,0.2081233278,0.02845994635,116.8539447,0.08985316586,0.1002575624,0.03916071912,TRUE
2.5GY,0.8,4,0.556,0.907,0.943,0.2057378556,0.1674088259,119.9951796,0.06940909463,0.1111148196,-0.07872907965,FALSE
5GY,0.8,2,0.336,0.41,0.943,0.2076051357,0.02614047608,129.3636615,0.07804518097,0.102558288,0.05170086091,TRUE
5GY,0.8,4,0.4,0.738,0.943,0.2042347312,0.0904150096,129.8157067,0.03028560155,0.1155498522,-0.04189374588,FALSE
5GY,0.8,6,0.425,1.266,0.943,0.2019946751,0.2695164159,126.0297457,-0.02796424049,0.1248858652,-0.08457692491,FALSE
7.5GY,0.8,2,0.314,0.394,0.943,0.2072343415,0.0246351392,141.4923362,0.06776788994,0.1041407735,0.06258393835,TRUE
7.5GY,0.8,4,0.305,0.613,0.943,0.2032719654,0.07340499308,142.3198945,-0.00548118143,0.1185091372,-0.005202325297,FALSE
7.5GY,0.8,6,0.237,0.969,0.943,0.199435327,0.1248984757,143.9525863,-0.08236863008,0.1298048592,-0.04674737926,FALSE
7.5GY,0.8,8,-0.119,1.632,0.943,0.1929159107,0.1878345247,151.7122882,-0.1982865124,0.1433553446,-0.06050761883,FALSE
10GY,0.8,2,0.298,0.381,0.943,0.2069723431,0.02418838326,151.5869367,0.05935355636,0.1052210028,0.07070142687,TRUE
10GY,0.8,4,0.254,0.537,0.943,0.2026411095,0.06783042217,152.988298,-0.0298015944,0.1202854394,0.02408551752,FALSE
10GY,0.8,6,0.15,0.791,0.943,0.1979479998,0.1164367183,154.994764,-0.1202053276,0.1328561546,-0.01399415227,FALSE
10GY,0.8,8,-0.156,1.22,0.943,0.1906051009,0.1838241017,161.1695815,-0.234649067,0.1460781924,-0.0306709092,FALSE
2.5G,0.8,2,0.287,0.371,0.943,0.2068054756,0.02419320404,159.0609446,0.05307221247,0.105892537,0.07658499246,TRUE
2.5G,0.8,4,0.225,0.488,0.943,0.2022445163,0.06616273343,160.9030198,-0.04598178646,0.1213022087,0.04655466487,FALSE
2.5G,0.8,6,0.102,0.66,0.943,0.1967293026,0.1168352212,163.9065217,-0.1503519399,0.1349698429,0.01875212639,FALSE
2.5G,0.8,8,-0.213,0.967,0.943,0.186059489,0.212568701,169.7056239,-0.2880065055,0.1503094757,0.004110726273,FALSE
5G,0.8,2,0.28,0.363,0.943,0.206736905,0.02404172366,164.3285432,0.0493015081,0.1061680045,0.08093193424,TRUE
5G,0.8,4,0.205,0.447,0.943,0.2020015574,0.06544426701,167.7457542,-0.05802758504,0.1218340999,0.06414622371,FALSE
5G,0.8,6,0.082,0.553,0.943,0.1960127846,0.1181331574,170.9850476,-0.1702183181,0.1358275846,0.05201753481,FALSE
5G,0.8,8,-0.185,0.737,0.943,0.1820875166,0.2434722838,175.3126956,-0.3204219054,0.1521272726,0.04447102124,FALSE
7.5G,0.8,2,0.272,0.355,0.943,0.2066217558,0.02449898173,170.0953475,0.04399120261,0.1066169875,0.08545169596,TRUE
7.5G,0.8,4,0.191,0.414,0.943,0.2018551519,0.06542556216,173.4927576,-0.06721601564,0.1220810285,0.07765949682,FALSE
7.5G,0.8,6,0.073,0.476,0.943,0.1955244649,0.1206986687,176.493924,-0.1850324654,0.1361650088,0.07594837011,FALSE
7.5G,0.8,8,-0.143,0.561,0.943,0.1759728686,0.2987682559,179.5242185,-0.3469645386,0.1530202078,0.08072498465,FALSE
10G,0.8,2,0.265,0.346,0.943,0.2065712788,0.02468164871,175.8279824,0.03973934961,0.1068139224,0.0901937127,TRUE
10G,0.8,4,0.178,0.382,0.943,0.2017085848,0.06639776557,179.3618858,-0.07697575676,0.1222846554,0.0908787714,FALSE
10G,0.8,6,0.07,0.408,0.943,0.1952146012,0.1237250139,181.7008668,-0.1974028753,0.1360180248,0.09762145117,FALSE
10G,0.8,8,-0.1,0.428,0.943,0.1508592633,0.5361123609,181.8351155,-0.3698707791,0.1531179277,0.1123677766,FALSE
2.5BG,0.8,2,0.253,0.332,0.943,0.2064334052,0.02606888483,184.777856,0.0309305665,0.1073318219,0.09781857097,TRUE
2.5BG,0.8,4,0.163,0.342,0.943,0.2015404972,0.06909092579,186.8752942,-0.09012790144,0.1224081629,0.1079863178,FALSE
2.5BG,0.8,6,0.07,0.341,0.943,0.1949756479,0.1286781966,187.3527483,-0.2105844259,0.1354207024,0.1213977087,FALSE
2.5BG,0.8,8,-0.062,0.33,0.943,0.1468955894,0.5777209383,183.3834343,-0.3901024997,0.1524678427,0.1421629295,FALSE
5BG,0.8,2,0.241,0.315,0.943,0.2063703244,0.02779221385,194.4393925,0.02279055633,0.1075551495,0.1068103038,TRUE
5BG,0.8,4,0.15,0.299,0.943,0.201492304,0.07328906031,194.9676185,-0.103570533,0.1220506921,0.1275769728,FALSE
5BG,0.8,6,0.072,0.275,0.943,0.1947457742,0.1377274793,193.4562329,-0.2266338473,0.1342085968,0.1494183464,FALSE
5BG,0.8,8,-0.018,0.239,0.943,0.1456030992,0.6005080331,185.3067245,-0.4076256187,0.1498866679,0.1799629651,FALSE
7.5BG,0.8,2,0.23,0.296,0.943,0.2064148026,0.02986541131,204.3140077,0.01618864128,0.1073707825,0.1167955187,TRUE
7.5BG,0.8,4,0.145,0.264,0.943,0.2018630025,0.0755583186,202.0443237,-0.1083981273,0.1205968251,0.1446597067,FALSE
7.5BG,0.8,6,0.077,0.233,0.943,0.1949804646,0.1437541394,197.8595807,-0.2345088457,0.1323251604,0.1708703573,FALSE
7.5BG,0.8,8,0.008,0.198,0.943,0.1466716532,0.6000255885,186.5280998,-0.4069942616,0.1466103003,0.2027137447,FALSE
10BG,0.8,2,0.223,0.28,0.943,0.2065834113,0.0314569948,212.4104364,0.01350760891,0.1067332968,0.1252033944,TRUE
10BG,0.8,4,0.146,0.237,0.943,0.20265022,0.07516124123,208.7739954,-0.104035878,0.1181015128,0.1588115825,FALSE
10BG,0.8,6,0.086,0.199,0.943,0.1960766853,0.1441995021,202.5931026,-0.2323161177,0.129000359,0.1911998439,FALSE
10BG,0.8,8,0.033,0.164,0.943,0.1491441716,0.5893762807,187.9150989,-0.3969604485,0.1416368373,0.2264250403,FALSE
2.5B,0.8,2,0.22,0.271,0.943,0.2067419532,0.03225758969,217.0918404,0.01338983224,0.1061406615,0.1299610975,TRUE
2.5B,0.8,4,0.149,0.222,0.943,0.2033948173,0.07358457209,213.6253338,-0.09628587705,0.1158415606,0.1671233848,FALSE
2.5B,0.8,6,0.094,0.181,0.943,0.1974227984,0.1398923528,206.3256386,-0.2229193083,0.125811537,0.2033335206,FALSE
2.5B,0.8,8,0.048,0.147,0.943,0.152015812,0.5713821019,188.9231983,-0.3826841723,0.1374230393,0.2405617193,FALSE
5B,0.8,2,0.218,0.258,0.943,0.2071342355,0.03279649421,224.8748121,0.0172035789,0.1046787036,0.1367279166,TRUE
5B,0.8,4,0.154,0.207,0.943,0.2044306362,0.07096666221,219.8814585,-0.08314113161,0.1126759988,0.1758343704,FALSE
5B,0.8,6,0.106,0.163,0.943,0.199774555,0.1295635411,212.2345298,-0.2005979019,0.1205601326,0.2165357995,FALSE
5B,0.8,8,0.069,0.127,0.943,0.1613541959,0.4984983442,191.3415476,-0.3493232505,0.1295093532,0.2598541779,FALSE
7.5B,0.8,2,0.22,0.249,0.943,0.2076423696,0.03210431211,232.540316,0.02608661685,0.1027604652,0.1410836482,TRUE
7.5B,0.8,4,0.16,0.196,0.943,0.2055045441,0.06787578194,226.251348,-0.06695977795,0.1093157867,0.1823791309,FALSE
7.5B,0.8,6,0.115,0.153,0.943,0.2016620832,0.1208581211,217.2878599,-0.1791853386,0.116180376,0.2243822249,FALSE
7.5B,0.8,8,0.082,0.12,0.943,0.1900158064,0.2452241884,203.6053375,-0.3142039293,0.1236386283,0.2667208725,FALSE
7.5B,0.8,10,0.049,0.089,0.943,0.14378164,0.7056456567,190.9511801,-0.5421821976,0.135863299,0.3224401129,FALSE
10B,0.8,2,0.222,0.241,0.943,0.2081355847,0.03189836148,240.0239831,0.03494729108,0.1008485858,0.1450713152,TRUE
10B,0.8,4,0.168,0.187,0.943,0.2067562899,0.06401857555,234.0016457,-0.04499698398,0.1052309422,0.1876173204,FALSE
10B,0.8,6,0.128,0.145,0.943,0.2042508802,0.10745245,225.0988818,-0.1422445574,0.1098914593,0.2302615078,FALSE
10B,0.8,8,0.097,0.112,0.943,0.1974164396,0.1914350672,212.1505085,-0.2681282451,0.1155355035,0.2753013023,FALSE
10B,0.8,10,0.071,0.083,0.943,0.1501704141,0.6570117661,192.088196,-0.4547710195,0.1229750982,0.3309753969,FALSE
2.5PB,0.8,2,0.225,0.234,0.943,0.20867137,0.03178579348,247.9368717,0.04529959818,0.09871001093,0.1484886633,TRUE
2.5PB,0.8,4,0.178,0.181,0.943,0.2080788286,0.05975218546,243.022447,-0.0177430249,0.1006396161,0.1905690151,FALSE
2.5PB,0.8,6,0.142,0.138,0.943,0.2069343709,0.09566483468,235.1946731,-0.09799835859,0.1023235761,0.2353788526,FALSE
2.5PB,0.8,8,0.117,0.105,0.943,0.2044520473,0.1468645635,225.4790665,-0.1931051417,0.1030406035,0.2823867778,FALSE
2.5PB,0.8,10,0.098,0.081,0.943,0.1925095234,0.280931877,207.9889326,-0.3154136073,0.1045148297,0.3303769371,FALSE
2.5PB,0.8,12,0.082,0.058,0.943,0.152350133,0.7047036748,194.0685683,-0.510775191,0.1048296197,0.3975432299,FALSE
5PB,0.8,2,0.234,0.226,0.943,0.2096764162,0.03132294265,262.7522444,0.06451851219,0.09447907528,0.1516555204,TRUE
5PB,0.8,4,0.192,0.174,0.943,0.2098691329,0.05626295698,256.910916,0.0223574703,0.09373921691,0.1938262115,TRUE
5PB,0.8,6,0.16,0.132,0.943,0.2100662431,0.08521364036,250.0810283,-0.03624224753,0.09175469418,0.2390798173,FALSE
5PB,0.8,8,0.139,0.102,0.943,0.2101022256,0.1171716756,242.9358877,-0.09959571532,0.08805227245,0.2832644899,FALSE
5PB,0.8,10,0.123,0.083,0.943,0.2084413193,0.1568764217,232.7779244,-0.1777889227,0.08645792617,0.3213224789,FALSE
5PB,0.8,12,0.109,0.06,0.943,0.19951518,0.282233372,214.2708667,-0.2991454565,0.07647356857,0.3850493978,FALSE
5PB,0.8,14,0.099,0.045,0.943,0.1609881746,0.6880654944,196.4417806,-0.453668167,0.06455195733,0.4479261707,FALSE
5PB,0.8,16,0.092,0.034,0.943,0.15876279,0.7942500269,196.6128579,-0.6493043606,0.04498261682,0.515689713,FALSE
5PB,0.8,18,0.087,0.026,0.943,0.1599971433,0.8834864202,197.0785942,-0.8940138839,0.01429707625,0.587543332,FALSE
5PB,0.8,20,0.081,0.018,0.943,0.1648258397,1.009949299,197.6961986,-1.38080443,-0.03732271582,0.6993013216,FALSE
7.5PB,0.8,2,0.247,0.221,0.943,0.2107916961,0.03182583805,279.6480194,0.08412529152,0.08936486249,0.1525148725,TRUE
7.5PB,0.8,4,0.216,0.17,0.943,0.2122831554,0.05462587018,278.4751557,0.0771831112,0.0827754343,0.1931540596,TRUE
7.5PB,0.8,6,0.194,0.131,0.943,0.2143367196,0.07746713915,277.3129463,0.07130185977,0.07252508451,0.2344303676,TRUE
7.5PB,0.8,8,0.179,0.104,0.943,0.2166135503,0.09812364277,275.5976929,0.06485061679,0.05911513814,0.2728805782,TRUE
7.5PB,0.8,10,0.17,0.089,0.943,0.218297943,0.1124225134,273.537526,0.05661516043,0.04705384189,0.3003019675,TRUE
7.5PB,0.8,12,0.162,0.072,0.943,0.2214003601,0.1324117722,272.2751479,0.05301886503,0.01985981985,0.3392421003,TRUE
7.5PB,0.8,14,0.155,0.056,0.943,0.225949444,0.1570791287,270.6406866,0.05094165045,-0.02263032727,0.3889218879,FALSE
7.5PB,0.8,16,0.15,0.046,0.943,0.229927095,0.1774818049,268.242647,0.04340632456,-0.06253878744,0.4311009949,FALSE
7.5PB,0.8,18,0.147,0.039,0.943,0.2339039597,0.1953336923,266.5332804,0.04071066447,-0.104216367,0.4687490987,FALSE
7.5PB,0.8,20,0.144,0.032,0.943,0.2392652587,0.2179621056,264.1547285,0.03668109829,-0.1641278875,0.5170196059,FALSE
7.5PB,0.8,22,0.14,0.025,0.943,0.2461318312,0.2502035932,259.0502505,0.01270295119,-0.2527087426,0.5828843822,FALSE
7.5PB,0.8,24,0.137,0.018,0.943,0.2574130518,0.2993409904,252.9827343,-0.005363419249,-0.4169651474,0.6805415785,FALSE
7.5PB,0.8,26,0.135,0.013,0.943,0.2697700956,0.3618692813,245.6500419,-0.02532155404,-0.6439330433,0.7906198592,FALSE
7.5PB,0.8,28,0.133,0.009,0.943,0.2672890212,0.5678448081,222.7673032,-0.07690372701,-1.001658213,0.9338487476,FALSE
7.5PB,0.8,30,0.131,0.005,0.943,0.2690245295,1.020680577,208.4728847,-0.2110173767,-1.931743656,1.212345843,FALSE
7.5PB,0.8,32,0.13,0.002,0.943,0.3435507389,1.439321353,207.939474,-0.5531244347,-5.101289005,1.805587252,FALSE
7.5PB,0.8,34,0.129,-0.001,0.943,-0.4076006862,1.855718119,27.88087956,0.3310820038,0.9220571454,-101.3693415,FALSE
7.5PB,0.8,36,0.128,-0.004,0.943,-0.2412051214,1.185697692,28.10908688,0.1656218026,0.5047515775,-25.47386576,FALSE
10PB,0.8,2,0.263,0.219,0.943,0.2118977232,0.03384970714,296.1175983,0.1023796395,0.08373288201,0.1510818024,TRUE
10PB,0.8,4,0.242,0.17,0.943,0.2143401656,0.05778077143,297.5396552,0.1124966876,0.07111583481,0.1888035821,TRUE
10PB,0.8,6,0.229,0.137,0.943,0.2170289164,0.07901534983,298.7454904,0.1240216122,0.05436149174,0.2217051303,TRUE
10PB,0.8,8,0.22,0.112,0.943,0.2201425617,0.09981769822,299.9432686,0.1373462206,0.02884633465,0.2536386887,TRUE
10PB,0.8,10,0.215,0.097,0.943,0.2227665663,0.1153369475,300.8122248,0.1483254502,0.005273101311,0.2773896763,TRUE
10PB,0.8,12,0.21,0.081,0.943,0.2265767104,0.135647805,301.8771087,0.1637087598,-0.02999716516,0.3085392576,FALSE
10PB,0.8,14,0.206,0.068,0.943,0.2308497443,0.1561857467,302.7710227,0.1799420713,-0.07098782136,0.340497101,FALSE
10PB,0.8,16,0.203,0.057,0.943,0.2358540189,0.1780274558,303.7242593,0.1983385593,-0.1210995815,0.3745944572,FALSE
10PB,0.8,18,0.2,0.05,0.943,0.2398120915,0.1938758108,303.8417114,0.2106207891,-0.1618066047,0.4015708747,FALSE
10PB,0.8,20,0.199,0.043,0.943,0.2452843509,0.2146144883,304.9031625,0.2301842646,-0.2214427948,0.4337083192,FALSE
10PB,0.8,22,0.197,0.036,0.943,0.2522616939,0.2388918326,305.5301263,0.2522475797,-0.3008811719,0.474231607,FALSE
10PB,0.8,24,0.196,0.03,0.943,0.2605140879,0.2657288364,306.4144983,0.2784385156,-0.4013823191,0.5185216041,FALSE
10PB,0.8,26,0.194,0.026,0.943,0.2673211977,0.2856967704,306.4298084,0.2967235408,-0.4878947666,0.5559399805,FALSE
10PB,0.8,28,0.193,0.021,0.943,0.2791438909,0.3190784605,307.1427074,0.3308490963,-0.6510975603,0.6152649184,FALSE
10PB,0.8,30,0.192,0.018,0.943,0.2884971493,0.3434615519,307.4094719,0.3560835763,-0.7898282498,0.6614407697,FALSE
10PB,0.8,32,0.191,0.014,0.943,0.3056915279,0.3857300476,307.9356511,0.4020854729,-1.070195056,0.7429261835,FALSE
10PB,0.8,34,0.19,0.01,0.943,0.3324962296,0.4462408708,308.4927301,0.4715900034,-1.574855306,0.8657582279,FALSE
10PB,0.8,36,0.189,0.008,0.943,0.3525971124,0.4877931236,308.5654424,0.5211023323,-2.00880628,0.9572195347,FALSE
2.5P,0.8,2,0.277,0.22,0.943,0.2126552797,0.03594242001,307.2289813,0.1148308665,0.07944209886,0.1481312635,TRUE
2.5P,0.8,4,0.264,0.174,0.943,0.2155382596,0.06094069012,309.3806459,0.1328105382,0.06263878914,0.1818423426,TRUE
2.5P,0.8,6,0.255,0.144,0.943,0.2182913779,0.08186582135,310.3008261,0.148054192,0.04205479573,0.2098960931,TRUE
2.5P,0.8,8,0.248,0.12,0.943,0.2214143501,0.1029999491,311.1519276,0.164164697,0.01324756675,0.2379145624,TRUE
2.5P,0.8,10,0.245,0.105,0.943,0.2241541255,0.1198021635,312.2186304,0.1783956451,-0.01308234754,0.2589808335,FALSE
2.5P,0.8,12,0.242,0.09,0.943,0.2276919879,0.1399779644,313.2641562,0.1956639532,-0.04818889994,0.2843157305,FALSE
2.5P,0.8,14,0.238,0.076,0.943,0.2319331445,0.1622714564,313.8634585,0.2141294836,-0.09153111869,0.3137702286,FALSE
2.5P,0.8,16,0.236,0.064,0.943,0.237023234,0.1870451279,314.868678,0.2363078562,-0.1464978093,0.3450693,FALSE
2.5P,0.8,18,0.235,0.057,0.943,0.2408437992,0.2045189109,315.5135792,0.2522956821,-0.1896064865,0.3671894529,FALSE
2.5P,0.8,20,0.233,0.05,0.943,0.2453949028,0.2239863859,315.8846134,0.269638139,-0.2423450349,0.3935753124,FALSE
2.5P,0.8,22,0.232,0.044,0.943,0.2503631407,0.244302566,316.4253401,0.2886649458,-0.3028863438,0.4203503968,FALSE
2.5P,0.8,24,0.231,0.038,0.943,0.2565939282,0.2683763234,316.9820145,0.3116514536,-0.3825459609,0.452651923,FALSE
2.5P,0.8,26,0.23,0.034,0.943,0.2616609408,0.2868045828,317.2762338,0.3293692317,-0.4500755529,0.478465423,FALSE
2.5P,0.8,28,0.228,0.028,0.943,0.2712857122,0.3194612731,317.6143082,0.3612997191,-0.5853674378,0.5263708814,FALSE
2.5P,0.8,30,0.228,0.026,0.943,0.2754082517,0.3332175816,317.9068877,0.3755532499,-0.6474697447,0.5454047975,FALSE
2.5P,0.8,32,0.227,0.022,0.943,0.2851336517,0.3635562476,318.2468483,0.4069791086,-0.8000016202,0.5907353063,FALSE
2.5P,0.8,34,0.227,0.019,0.943,0.2946326823,0.3923120543,318.6988707,0.4381149335,-0.9613643842,0.6327714582,FALSE
2.5P,0.8,36,0.227,0.015,0.943,0.3115764823,0.4405912453,319.3092832,0.4921327983,-1.276918234,0.7059595455,FALSE
5P,0.8,2,0.292,0.224,0.943,0.2132311325,0.03755026804,316.6653161,0.1250999814,0.07581220443,0.1431978533,TRUE
5P,0.8,4,0.283,0.179,0.943,0.2163146312,0.06359293653,317.5376636,0.1464270605,0.05605906887,0.1746809264,TRUE
5P,0.8,6,0.279,0.151,0.943,0.2191795614,0.08505475181,318.7564599,0.1650708569,0.03104424805,0.1988655236,TRUE
5P,0.8,8,0.275,0.127,0.943,0.2224674367,0.1077387649,319.5805452,0.1844573459,-0.001191402262,0.2244529064,FALSE
5P,0.8,10,0.269,0.112,0.943,0.2248424922,0.1230997915,319.1422118,0.1957540996,-0.02454088229,0.2443876221,FALSE
5P,0.8,12,0.266,0.095,0.943,0.2287065518,0.1462260959,319.8358394,0.2157075863,-0.06479850971,0.2706943802,FALSE
5P,0.8,14,0.263,0.08,0.943,0.2332343689,0.1712884779,320.4061074,0.2374194186,-0.1139901616,0.2996369326,FALSE
5P,0.8,16,0.262,0.069,0.943,0.237742043,0.194698004,321.1426164,0.2586958447,-0.1657793198,0.3255712862,FALSE
5P,0.8,18,0.26,0.062,0.943,0.2411333314,0.2111316156,321.3161689,0.2730729144,-0.2056202433,0.3454663903,FALSE
5P,0.8,20,0.258,0.056,0.943,0.2445669791,0.2269529312,321.4247771,0.2869847762,-0.2470745454,0.365144337,FALSE
5P,0.8,22,0.257,0.049,0.943,0.2496321837,0.2495508964,321.864467,0.3080091055,-0.3115894792,0.3916961522,FALSE
5P,0.8,24,0.256,0.044,0.943,0.2540049357,0.2680320637,322.1315316,0.3253357621,-0.3694470299,0.4141244601,FALSE
5P,0.8,26,0.256,0.039,0.943,0.2594258993,0.2903517553,322.6112098,0.3471423667,-0.4452687711,0.4400601814,FALSE
5P,0.8,28,0.255,0.035,0.943,0.2644791174,0.3098068074,322.8046467,0.3659681568,-0.5180372673,0.464639687,FALSE
5P,0.8,30,0.254,0.03,0.943,0.2723195996,0.3386685991,323.1114269,0.3946788036,-0.637302973,0.5013516063,FALSE
7.5P,0.8,2,0.304,0.228,0.943,0.2136091665,0.03880973693,323.185886,0.1320748641,0.07322103383,0.1387924174,TRUE
7.5P,0.8,4,0.298,0.184,0.943,0.2167676665,0.0652465251,322.9983003,0.1551144958,0.05155986401,0.1683180385,TRUE
7.5P,0.8,6,0.294,0.156,0.943,0.2195794044,0.08667303301,323.209979,0.1736028221,0.02542997018,0.1915989491,TRUE
7.5P,0.8,8,0.291,0.132,0.943,0.2228448626,0.1096403309,323.6726543,0.1936291534,-0.007529864542,0.2158213183,FALSE
7.5P,0.8,10,0.29,0.118,0.943,0.2253354768,0.1260838793,324.1711184,0.2083225024,-0.03372364338,0.2324659849,FALSE
7.5P,0.8,12,0.287,0.101,0.943,0.2289867165,0.1488032465,324.4086657,0.227856074,-0.07313534183,0.256768696,FALSE
7.5P,0.8,14,0.284,0.084,0.943,0.2338795071,0.1770500696,324.7430583,0.252465966,-0.1284993944,0.2869884023,FALSE
7.5P,0.8,16,0.283,0.072,0.943,0.2386024701,0.2025884611,325.2493215,0.2755687466,-0.1852148865,0.3133660088,FALSE
7.5P,0.8,18,0.281,0.066,0.943,0.2413319622,0.2163650469,325.2413097,0.2875186587,-0.2185332013,0.3292062772,FALSE
7.5P,0.8,20,0.28,0.06,0.943,0.2446295223,0.2326068254,325.4342074,0.3022735364,-0.2605489779,0.346844829,FALSE
7.5P,0.8,22,0.279,0.054,0.943,0.2485242588,0.2510274982,325.6419565,0.3192224572,-0.3119015937,0.3670300951,FALSE
7.5P,0.8,24,0.278,0.049,0.943,0.252338693,0.268304124,325.7993698,0.3352695416,-0.3638871611,0.3863638225,FALSE
7.5P,0.8,26,0.278,0.044,0.943,0.2569784195,0.2888527234,326.1327035,0.3550678076,-0.4304609921,0.4083139445,FALSE
10P,0.8,2,0.312,0.232,0.943,0.2137604854,0.03904164272,327.1344912,0.1356644949,0.07204460476,0.1351068779,TRUE
10P,0.8,4,0.31,0.189,0.943,0.2170059993,0.06595066736,326.9163912,0.1607146002,0.04875286399,0.162585448,TRUE
10P,0.8,6,0.309,0.162,0.943,0.2198131507,0.08743981243,327.1881727,0.1803864342,0.02141007279,0.1836491359,TRUE
10P,0.8,8,0.308,0.137,0.943,0.2232393486,0.1119547728,327.5473112,0.202519962,-0.01429638012,0.2072708638,FALSE
10P,0.8,10,0.307,0.123,0.943,0.2256370678,0.1281722601,327.7063979,0.2169187956,-0.04019554371,0.2230329393,FALSE
10P,0.8,12,0.306,0.106,0.943,0.2292772138,0.1515328191,328.0031654,0.2377584011,-0.08108855972,0.2454668525,FALSE
10P,0.8,14,0.304,0.089,0.943,0.2339740656,0.1796914482,328.1925829,0.2626256726,-0.1362325265,0.2732838117,FALSE
10P,0.8,16,0.303,0.078,0.943,0.2379375861,0.2020665355,328.4127173,0.282714356,-0.1851827565,0.29520476,FALSE
10P,0.8,18,0.302,0.071,0.943,0.2409480084,0.2182591094,328.5151506,0.297256673,-0.22360514,0.311486944,FALSE
10P,0.8,20,0.302,0.065,0.943,0.2440362848,0.2344535591,328.7458603,0.3122562949,-0.2647344654,0.3270374779,FALSE
10P,0.8,22,0.302,0.059,0.943,0.2476282657,0.2526383488,328.982372,0.3292402886,-0.3142290773,0.3446487797,FALSE
10P,0.8,24,0.302,0.053,0.943,0.2518671477,0.2732879441,329.2255682,0.3487322485,-0.3749300165,0.3648646218,FALSE
2.5RP,0.8,2,0.322,0.236,0.943,0.2140029597,0.04002343589,331.7744361,0.1404024617,0.07020062926,0.1310928933,TRUE
2.5RP,0.8,4,0.326,0.195,0.943,0.2173529299,0.06748151133,331.7102051,0.1679109831,0.04451777447,0.1555380485,TRUE
2.5RP,0.8,6,0.328,0.168,0.943,0.2202538778,0.08985495318,331.7524609,0.1892490975,0.01477188416,0.175178222,TRUE
2.5RP,0.8,8,0.329,0.144,0.943,0.2235306353,0.1137660714,331.7745101,0.2113368032,-0.02060730991,0.1962282763,FALSE
2.5RP,0.8,10,0.329,0.129,0.943,0.2260455548,0.1312321194,331.7517597,0.2271224568,-0.04881310778,0.2118194266,FALSE
2.5RP,0.8,12,0.33,0.111,0.943,0.2298708998,0.156554462,331.9639153,0.2502580512,-0.09382202485,0.2336174039,FALSE
2.5RP,0.8,14,0.33,0.093,0.943,0.2348045224,0.1872250296,332.0901768,0.2779648321,-0.1549416203,0.2607130059,FALSE
2.5RP,0.8,16,0.331,0.084,0.943,0.2379928056,0.2061636013,332.3146963,0.295468161,-0.1967769236,0.2767402728,FALSE
2.5RP,0.8,18,0.331,0.077,0.943,0.2408177656,0.2222748886,332.3961232,0.3101934619,-0.2348441486,0.2910450961,FALSE
2.5RP,0.8,20,0.331,0.07,0.943,0.244096171,0.2403518238,332.4899977,0.3268338042,-0.2805248186,0.3071866113,FALSE
2.5RP,0.8,22,0.331,0.065,0.943,0.2467839797,0.2547173625,332.5648202,0.3401600014,-0.3191776933,0.3200975814,FALSE
5RP,0.8,2,0.336,0.243,0.943,0.2142317938,0.04080891899,337.8290062,0.1457842627,0.06824862737,0.1247391899,TRUE
5RP,0.8,4,0.347,0.206,0.943,0.217487125,0.06738502028,337.5388378,0.1742531994,0.04170334712,0.1444283459,TRUE
5RP,0.8,6,0.355,0.179,0.943,0.220518313,0.09105157576,337.5188339,0.1982445734,0.009097824847,0.1615663866,TRUE
5RP,0.8,8,0.362,0.154,0.943,0.2240332528,0.1173313106,337.5168265,0.2238803244,-0.03100486115,0.1805424683,FALSE
5RP,0.8,10,0.366,0.139,0.943,0.2266023246,0.1358087267,337.5241741,0.2415038647,-0.06181509777,0.1938962602,FALSE
5RP,0.8,12,0.37,0.12,0.943,0.2305045467,0.162756244,337.4457577,0.2666674575,-0.1108141564,0.2139050488,FALSE
5RP,0.8,14,0.373,0.105,0.943,0.2343521954,0.1881320292,337.4130833,0.2902047811,-0.1618401983,0.2328345465,FALSE
5RP,0.8,16,0.376,0.094,0.943,0.2378381307,0.2102837049,337.4939742,0.3109313257,-0.2106477943,0.2489190872,FALSE
5RP,0.8,18,0.378,0.086,0.943,0.2407947476,0.2284492498,337.5410199,0.3279160411,-0.2537284759,0.2623055773,FALSE
5RP,0.8,20,0.379,0.081,0.943,0.2428559767,0.2407748602,337.5507025,0.3394202205,-0.2845986371,0.2715999605,FALSE
7.5RP,0.8,2,0.35,0.251,0.943,0.2143800229,0.04125241899,343.5863132,0.1501690768,0.06678404458,0.1179131505,TRUE
7.5RP,0.8,4,0.369,0.217,0.943,0.2176445505,0.06782930685,343.1779692,0.1803172243,0.03850090632,0.1334576306,TRUE
7.5RP,0.8,6,0.384,0.19,0.943,0.2208282392,0.09293523206,342.9879255,0.2069581031,0.00279625741,0.1480536202,TRUE
7.5RP,0.8,8,0.397,0.165,0.943,0.2244003613,0.120185535,342.7619924,0.2344975239,-0.0400250782,0.1642307484,FALSE
7.5RP,0.8,10,0.405,0.149,0.943,0.2271318572,0.1403797591,342.6197759,0.2543374363,-0.07470981292,0.1763567145,FALSE
7.5RP,0.8,12,0.413,0.132,0.943,0.2305437428,0.1648453327,342.4510198,0.27792539,-0.1203132492,0.1913099127,FALSE
7.5RP,0.8,14,0.421,0.115,0.943,0.2347044425,0.1936168406,342.3152745,0.3053834745,-0.1793994406,0.2089724757,FALSE
7.5RP,0.8,16,0.427,0.104,0.943,0.2379866322,0.215600503,342.3060817,0.3264137073,-0.2288912624,0.2221381386,FALSE
10RP,0.8,2,0.365,0.261,0.943,0.2144399125,0.04121960664,349.7263748,0.1537264251,0.06587756271,0.10993883,TRUE
10RP,0.8,4,0.393,0.23,0.943,0.2177127625,0.06784484696,349.0557398,0.1854726287,0.03613712894,0.1211717219,TRUE
10RP,0.8,6,0.415,0.203,0.943,0.2209805377,0.09384582585,348.3868943,0.2139902456,-0.001803268853,0.1331522037,FALSE
10RP,0.8,8,0.435,0.177,0.943,0.2247053338,0.1227104565,347.8003852,0.2440035257,-0.04846129045,0.1470342578,FALSE
10RP,0.8,10,0.447,0.16,0.943,0.2275431842,0.144131549,347.3958936,0.2654929965,-0.08634591802,0.1578459123,FALSE
10RP,0.8,12,0.459,0.143,0.943,0.2308592339,0.1685473797,347.0467408,0.2895754176,-0.1332380794,0.1702460028,FALSE
10RP,0.8,14,0.47,0.127,0.943,0.2345431814,0.1949105935,346.7344963,0.315229885,-0.188557113,0.1838791013,FALSE
2.5R,0.8,2,0.381,0.272,0.943,0.2144773355,0.04131695218,356.1277465,0.1569913804,0.06510760769,0.1013491723,TRUE
2.5R,0.8,4,0.421,0.245,0.943,0.2177871316,0.06822733336,355.515589,0.1907314928,0.03356814714,0.107169535,TRUE
2.5R,0.8,6,0.455,0.219,0.943,0.2212004148,0.0955080906,354.6983066,0.222051504,-0.007743286424,0.1147582155,FALSE
2.5R,0.8,8,0.483,0.195,0.943,0.2246878254,0.1228515542,353.8761713,0.2516093795,-0.05353673258,0.123777559,FALSE
2.5R,0.8,10,0.502,0.177,0.943,0.2276123195,0.1453416711,353.2329092,0.2749917976,-0.09465265168,0.1320842464,FALSE
2.5R,0.8,12,0.521,0.159,0.943,0.2309728404,0.170685421,352.6754346,0.3008288914,-0.1450778355,0.1416148001,FALSE
2.5R,0.8,14,0.536,0.143,0.943,0.2343539808,0.1956128756,352.1210502,0.3256881674,-0.1989454233,0.1518832935,FALSE
5R,0.8,2,0.399,0.286,0.943,0.2144275398,0.04110169906,3.620737609,0.1595456533,0.06492791839,0.09094951478,TRUE
5R,0.8,4,0.45,0.261,0.943,0.2178184636,0.06865833899,1.970277892,0.1951607483,0.03155857114,0.09244862969,TRUE
5R,0.8,6,0.496,0.237,0.943,0.2212498184,0.09610388231,0.9945853219,0.2279240313,-0.01140758944,0.09487234231,FALSE
5R,0.8,8,0.536,0.214,0.943,0.2247427454,0.1235748972,0.1266360043,0.2589369266,-0.05929838488,0.09869094606,FALSE
5R,0.8,10,0.565,0.197,0.943,0.2275909745,0.1456343144,359.5937869,0.2830835834,-0.1015331348,0.1021312099,FALSE
5R,0.8,12,0.591,0.18,0.943,0.2306404153,0.1688999682,358.9745637,0.3078538607,-0.1497117609,0.1069431103,FALSE
7.5R,0.8,2,0.411,0.297,0.943,0.2143124613,0.04060389715,9.179121667,0.1603570284,0.0654258738,0.08323197459,TRUE
7.5R,0.8,4,0.477,0.276,0.943,0.2178348849,0.06930559746,7.777688252,0.1986896534,0.02996909922,0.07845193694,TRUE
7.5R,0.8,6,0.534,0.255,0.943,0.2211863565,0.09607500335,6.904776404,0.2317411799,-0.01311895645,0.07504704976,FALSE
7.5R,0.8,8,0.584,0.234,0.943,0.2245283602,0.1222769639,6.125218475,0.2624990025,-0.0602903577,0.07301181264,FALSE
7.5R,0.8,10,0.624,0.216,0.943,0.2275375831,0.1454853894,5.549514655,0.2889158259,-0.1064091973,0.07186100414,FALSE
7.5R,0.8,12,0.66,0.199,0.943,0.2305779612,0.1685763206,5.057623906,0.3146819725,-0.1565364586,0.07121469338,FALSE
10R,0.8,2,0.423,0.309,0.943,0.2141581039,0.04010295903,15.16201089,0.1606825682,0.06622937721,0.07501889811,TRUE
10R,0.8,4,0.508,0.296,0.943,0.2176920361,0.0692907978,14.99752391,0.2009159009,0.03016167824,0.06018506481,TRUE
10R,0.8,6,0.578,0.28,0.943,0.2208471019,0.09452620883,14.63518126,0.233259772,-0.01130535278,0.04738155034,FALSE
10R,0.8,8,0.635,0.259,0.943,0.2240470291,0.1193183122,13.38509587,0.2633397989,-0.05707453303,0.03905771985,FALSE
10R,0.8,10,0.685,0.24,0.943,0.2270944832,0.142514921,12.72488073,0.290812125,-0.1045874532,0.03047745485,FALSE
10R,0.8,12,0.725,0.218,0.943,0.2304126181,0.1672792463,11.37617205,0.3190134428,-0.1599324857,0.02761125144,FALSE
2.5YR,0.8,2,0.445,0.333,0.943,0.2138188147,0.03972083746,26.97506899,0.1604285585,0.06815027461,0.05872793534,TRUE
2.5YR,0.8,4,0.558,0.33,0.943,0.2174162207,0.07032278276,26.93855553,0.2031541767,0.0314339009,0.0261357477,TRUE
2.5YR,0.8,6,0.637,0.32,0.943,0.2201250585,0.09225007498,27.02033213,0.2318888225,-0.004645763281,0.004419508505,FALSE
2.5YR,0.8,8,0.715,0.306,0.943,0.2229837101,0.1147152602,27.74687226,0.2603489586,-0.04611862118,-0.01676832882,FALSE
2.5YR,0.8,10,0.802,0.288,0.943,0.2263657689,0.1407556174,30.13487699,0.2923958965,-0.09973629665,-0.04201401993,FALSE
2.5YR,0.8,12,0.875,0.273,0.943,0.2293031497,0.1638765456,35.35377475,0.3190999984,-0.1500422351,-0.06579457032,FALSE
5YR,0.8,2,0.463,0.361,0.943,0.2132491338,0.03924439294,40.58519566,0.1571871443,0.07175691825,0.04059755127,TRUE
5YR,0.8,4,0.612,0.376,0.943,0.2167930519,0.07250003338,42.31610306,0.2015989863,0.0372179701,-0.009713699412,FALSE
5YR,0.8,6,0.721,0.376,0.943,0.2194422308,0.09728842017,45.85288869,0.2307985884,0.001842853707,-0.04127674985,FALSE
5YR,0.8,8,0.826,0.372,0.943,0.2220342592,0.1272084719,55.17995038,0.2570878866,-0.03496739053,-0.07095679595,FALSE
7.5YR,0.8,2,0.475,0.386,0.943,0.2126926647,0.03972216831,52.4005104,0.1531106257,0.07526247525,0.02557805617,TRUE
7.5YR,0.8,4,0.663,0.43,0.943,0.2159763786,0.07899338455,59.00634439,0.1969970583,0.04565309989,-0.03887328796,FALSE
7.5YR,0.8,6,0.817,0.45,0.943,0.2187390462,0.1431222593,79.32585733,0.2266077358,0.01200769128,-0.08058745776,FALSE
10YR,0.8,2,0.481,0.411,0.943,0.2120355815,0.04057293753,63.95503467,0.1472342317,0.07932790937,0.01397282837,TRUE
10YR,0.8,4,0.749,0.534,0.943,0.2147626319,0.1192867063,86.88816488,0.1878915793,0.05793901522,-0.07592409392,FALSE
2.5Y,0.8,2,0.479,0.439,0.943,0.2111480029,0.04180152484,76.87547436,0.1380189888,0.08457963938,0.004706870464,TRUE
2.5Y,0.8,4,0.82,0.64,0.943,0.2141036368,0.2531821231,105.9046376,0.1781610889,0.06760266995,-0.09846314081,FALSE
5Y,0.8,2,0.465,0.457,0.943,0.2102883904,0.04180910254,87.13928843,0.1276096528,0.08938094434,0.002378879497,TRUE
5Y,0.8,4,0.891,0.79,0.943,0.212551226,0.2776321078,109.0045647,0.1632764485,0.07877329587,-0.1159606646,FALSE
7.5Y,0.8,2,0.434,0.46,0.943,0.2093703091,0.03882940187,97.13039847,0.1142910438,0.09420258891,0.008793747539,TRUE
7.5Y,0.8,4,0.88,0.936,0.943,0.2104700014,0.2857104248,112.2824165,0.1394079236,0.09134238128,-0.1182875166,FALSE
10Y,1,2,0.3802,0.4212,1.21,0.2268550101,0.03005782101,106.0266785,0.1174098326,0.1140013062,0.04625455033,TRUE
10Y,1,4,0.501,0.6,1.21,0.2262383899,0.07641903947,109.1917441,0.1235147505,0.1165623937,-0.04859047615,FALSE
2.5GY,1,2,0.354,0.4088,1.21,0.2262874313,0.0267618588,117.544503,0.1055836201,0.1167233852,0.05933633283,TRUE
2.5GY,1,4,0.439,0.615,1.21,0.2244702323,0.07518643884,119.9438407,0.09307917278,0.1244016044,-0.03767388881,FALSE
2.5GY,1,6,0.48,0.723,1.21,0.223894105,0.09962907915,120.4257717,0.08754212574,0.1268932974,-0.06662669681,FALSE
5GY,1,2,0.3359,0.3982,1.21,0.2259207094,0.02487558372,127.2323955,0.09691358574,0.1184157464,0.06855539523,TRUE
5GY,1,4,0.3765,0.5942,1.21,0.2231624188,0.07075059558,129.7332782,0.06226794377,0.1295558321,-0.01805092685,FALSE
5GY,1,6,0.398,0.74,1.21,0.2218653541,0.09858382885,130.0789009,0.03677048283,0.1344559713,-0.05371495333,FALSE
7.5GY,1,2,0.3154,0.384,1.21,0.2255326924,0.02334614465,140.2587053,0.08638484598,0.1201494766,0.07941365019,TRUE
7.5GY,1,4,0.3133,0.538,1.21,0.222165275,0.06384455954,141.5649363,0.02404840177,0.1331042633,0.01511712623,TRUE
7.5GY,1,6,0.29,0.706,1.21,0.2195178297,0.09709325902,143.1057437,-0.04018591253,0.1419060284,-0.0263359763,FALSE
7.5GY,1,8,0.235,0.944,1.21,0.2167650664,0.1329280751,144.512,-0.105262991,0.1498662359,-0.05654976096,FALSE
10GY,1,2,0.3006,0.372,1.21,0.2252780339,0.02276507399,151.0544271,0.07821464778,0.1212555356,0.08774498317,TRUE
10GY,1,4,0.2722,0.4903,1.21,0.2215317805,0.06055047006,151.9206016,-0.00489762458,0.1351669943,0.0453928521,FALSE
10GY,1,6,0.2232,0.6392,1.21,0.2181263396,0.09619218496,152.9964056,-0.0861953044,0.1456493845,0.004161915648,FALSE
10GY,1,8,0.11,0.883,1.21,0.2137779098,0.1407500993,155.3168993,-0.181289665,0.1564547484,-0.02835071339,FALSE
10GY,1,10,-0.013,1.065,1.21,0.2105223434,0.1708267113,158.0261987,-0.2444011228,0.1628168665,-0.0378682491,FALSE
2.5G,1,2,0.291,0.3634,1.21,0.2251250116,0.02271523099,158.6134006,0.07256152568,0.1219070791,0.09342295998,TRUE
2.5G,1,4,0.2454,0.4489,1.21,0.2212016787,0.05845740923,160.7266845,-0.0237957939,0.136133793,0.06822721268,FALSE
2.5G,1,6,0.1711,0.5619,1.21,0.2168786358,0.09815731496,162.7817417,-0.1276491041,0.1485516638,0.04218651754,FALSE
2.5G,1,8,0.062,0.6896,1.21,0.2121910134,0.1404902665,165.4821222,-0.2247239124,0.1588744547,0.02347221865,FALSE
2.5G,1,10,-0.022,0.776,1.21,0.2090263788,0.1689162161,167.1122394,-0.2797274798,0.1643176899,0.01611177145,FALSE
5G,1,2,0.2833,0.3564,1.21,0.2249980357,0.02301947774,164.7853576,0.0675929388,0.1224373292,0.09799565633,TRUE
5G,1,4,0.229,0.4218,1.21,0.2209909688,0.05807304858,166.9868661,-0.03663807433,0.1367078059,0.08204459225,FALSE
5G,1,6,0.1468,0.4996,1.21,0.2162926765,0.09929807578,169.5145169,-0.1503076901,0.1496224896,0.06951321263,FALSE
5G,1,8,0.0559,0.571,1.21,0.2117006264,0.1397960816,171.6209035,-0.2427297978,0.1591173692,0.0627173052,FALSE
5G,1,10,-0.02,0.62,1.21,0.2078236786,0.1741729479,173.2158572,-0.3062079191,0.1651689709,0.061021999,FALSE
7.5G,1,2,0.2758,0.3484,1.21,0.2249045256,0.02330792178,171.1664683,0.06283879592,0.122826362,0.1029552188,TRUE
7.5G,1,4,0.2159,0.3967,1.21,0.2208622827,0.05800096527,172.8246724,-0.04710949301,0.1370023552,0.09430518529,FALSE
7.5G,1,6,0.1344,0.4505,1.21,0.2160356459,0.09990856711,174.7117834,-0.1640797679,0.1498777641,0.08881758462,FALSE
7.5G,1,8,0.053,0.4943,1.21,0.2112814792,0.141750523,176.2801101,-0.2577760231,0.1592313021,0.08748289261,FALSE
7.5G,1,10,-0.02,0.528,1.21,0.2065208198,0.1842794313,177.4334629,-0.3304269323,0.1660092967,0.08813853963,FALSE
10G,1,2,0.2689,0.3407,1.21,0.2248240265,0.0238118861,177.1007772,0.05817622444,0.1231567551,0.1076768062,TRUE
10G,1,4,0.204,0.3724,1.21,0.2207555692,0.05858577955,178.6583893,-0.05740000354,0.1372032613,0.1061647292,FALSE
10G,1,6,0.1249,0.4019,1.21,0.2158660232,0.1011592908,180.1457141,-0.177110308,0.1498268954,0.1080194018,FALSE
10G,1,8,0.0511,0.4158,1.21,0.2107039784,0.1471591868,181.6300542,-0.2774660825,0.1592638613,0.1143279201,FALSE
10G,1,10,-0.018,0.424,1.21,0.2040325534,0.2078330884,182.3927642,-0.3677849567,0.1671662545,0.121275109,FALSE
2.5BG,1,2,0.26,0.3289,1.21,0.2247742026,0.02449464708,185.4872271,0.05242094361,0.1233651542,0.1146448222,TRUE
2.5BG,1,4,0.1883,0.3406,1.21,0.2205739129,0.06110581019,186.4548138,-0.07329646242,0.1375304386,0.1222107172,FALSE
2.5BG,1,6,0.1169,0.3452,1.21,0.2158029548,0.1037593483,186.9787881,-0.1918829345,0.1492762536,0.1318236563,FALSE
2.5BG,1,8,0.0476,0.3458,1.21,0.2096328469,0.1599709987,186.7718982,-0.3055264899,0.1595642222,0.141934899,FALSE
2.5BG,1,10,-0.017,0.344,1.21,0.199348718,0.2550774286,185.7401962,-0.4127807869,0.1685946841,0.1517129423,FALSE
5BG,1,2,0.25,0.3141,1.21,0.2247649633,0.02574268855,195.3697167,0.04575847485,0.1234109472,0.1233139345,TRUE
5BG,1,4,0.1753,0.3021,1.21,0.2206833855,0.06366917958,195.7603873,-0.08573917305,0.1368701641,0.14194871,FALSE
5BG,1,6,0.1093,0.286,1.21,0.2157292479,0.1106033241,194.6732619,-0.2120643433,0.1483240715,0.1604215866,FALSE
5BG,1,8,0.046,0.264,1.21,0.207349167,0.1906033556,192.3695361,-0.3518211552,0.1596492955,0.1816360368,FALSE
5BG,1,10,-0.014,0.237,1.21,0.1589921964,0.6457534669,185.3884517,-0.5164686628,0.171640336,0.2063935017,FALSE
7.5BG,1,2,0.243,0.3023,1.21,0.2248090455,0.02695121065,202.768306,0.04123194784,0.1232441408,0.1302078921,TRUE
7.5BG,1,4,0.1702,0.2768,1.21,0.2210214891,0.06477715325,202.2924813,-0.08874454558,0.1356087173,0.1555238652,FALSE
7.5BG,1,6,0.1059,0.2485,1.21,0.2157723132,0.1174136986,199.7163904,-0.2265944541,0.14717498,0.1815679793,FALSE
7.5BG,1,8,0.05,0.218,1.21,0.2055649167,0.2175491452,195.0777853,-0.3803665427,0.1586089761,0.209746587,FALSE
10BG,1,2,0.2362,0.2882,1.21,0.2249565071,0.02835789104,211.3516185,0.03806385654,0.1226769261,0.1384030407,TRUE
10BG,1,4,0.1658,0.2496,1.21,0.2215493912,0.06664734221,209.8194467,-0.0901938114,0.1336925472,0.1713589223,FALSE
10BG,1,6,0.1074,0.2129,1.21,0.2164277851,0.1221071289,205.2807811,-0.2325272664,0.1444832489,0.2044444934,FALSE
10BG,1,8,0.06,0.18,1.21,0.2050547134,0.2362042855,197.798836,-0.3938501201,0.1554577175,0.2379523474,FALSE
2.5B,1,2,0.2322,0.2781,1.21,0.2251238166,0.02940688027,217.4712572,0.03735961601,0.1220306311,0.1443091343,TRUE
2.5B,1,4,0.1649,0.2324,1.21,0.2221134626,0.06735556516,215.2966391,-0.08669056256,0.1317447729,0.1820209439,FALSE
2.5B,1,6,0.1118,0.1908,1.21,0.2174800718,0.1222223607,209.8638148,-0.2270106187,0.1412525538,0.2204958724,FALSE
2.5B,1,8,0.071,0.155,1.21,0.2065575865,0.2364219674,200.8706671,-0.3901458543,0.1509936117,0.2602950707,FALSE
5B,1,2,0.2291,0.2677,1.21,0.2253733126,0.03041153428,224.0259214,0.03873789182,0.1210618952,0.1504036294,TRUE
5B,1,4,0.1667,0.2168,1.21,0.2229467908,0.06678106798,221.5789646,-0.0761866778,0.1289406228,0.1920434455,FALSE
5B,1,6,0.1212,0.1745,1.21,0.2194025985,0.1150589739,215.8558142,-0.2020378707,0.1362431797,0.2328658072,FALSE
5B,1,8,0.084,0.139,1.21,0.2106162234,0.2127024953,205.7284841,-0.3627520352,0.1448617747,0.2762294425,FALSE
5B,1,10,0.055,0.103,1.21,0.1597939166,0.7118573954,190.520523,-0.5908167671,0.1542783471,0.3346163178,FALSE
7.5B,1,2,0.2291,0.2579,1.21,0.2258160056,0.03046625176,232.0054088,0.04621541752,0.1193217231,0.1558352217,TRUE
7.5B,1,4,0.1716,0.2048,1.21,0.2240077329,0.06452332499,228.6195742,-0.05728047192,0.12536337,0.1997530979,FALSE
7.5B,1,6,0.1303,0.1639,1.21,0.2212699127,0.1073847605,221.9071501,-0.1727936752,0.1312288925,0.2412450959,FALSE
7.5B,1,8,0.0968,0.128,1.21,0.2149570858,0.1863161197,211.7733607,-0.3228279239,0.1378233009,0.2880294864,FALSE
7.5B,1,10,0.071,0.097,1.21,0.1656059167,0.6665225895,191.5528524,-0.5234466032,0.1451643417,0.3428872506,FALSE
10B,1,2,0.2309,0.2491,1.21,0.2263597083,0.03033954802,240.8844421,0.05608565152,0.1171327743,0.1605802956,TRUE
10B,1,4,0.1783,0.1974,1.21,0.2250690312,0.06138887956,235.6549045,-0.03390513574,0.1216773281,0.2041633262,FALSE
10B,1,6,0.1392,0.1563,1.21,0.2230573197,0.1001351763,228.3136904,-0.1407629591,0.1261236975,0.2473055411,FALSE
10B,1,8,0.1077,0.1218,1.21,0.2185038435,0.1647516309,217.8828984,-0.2799825211,0.1312846512,0.2946546016,FALSE
10B,1,10,0.084,0.094,1.21,0.1746696217,0.5876086016,193.1893594,-0.4563617015,0.1368677447,0.3463416914,FALSE
2.5PB,1,2,0.236,0.242,1.21,0.2270655686,0.02968082041,251.8607898,0.06966827257,0.1141821524,0.1638999509,TRUE
2.5PB,1,4,0.1895,0.1911,1.21,0.226530048,0.05689479838,246.3103014,0.003736973437,0.1162802592,0.2071396463,TRUE
2.5PB,1,6,0.1539,0.1491,1.21,0.2257164619,0.0894844445,239.5199044,-0.08355639376,0.1177955728,0.2523204857,FALSE
2.5PB,1,8,0.1273,0.1157,1.21,0.2240101711,0.1329828998,230.9162281,-0.1898282015,0.1187782695,0.300001755,FALSE
2.5PB,1,10,0.106,0.09,1.21,0.2183261893,0.2127389907,217.8652529,-0.3305435149,0.1206275598,0.3502950279,FALSE
2.5PB,1,12,0.091,0.068,1.21,0.1719271511,0.6712996331,194.4010835,-0.508522173,0.1201830477,0.4101273616,FALSE
2.5PB,1,14,0.078,0.056,1.21,0.1637511747,0.7910096832,193.9564366,-0.7133509051,0.1253464524,0.4560146726,FALSE
5PB,1,2,0.2427,0.2368,1.21,0.2277967716,0.02936195371,263.4757861,0.08312091262,0.110973652,0.1658798501,TRUE
5PB,1,4,0.2012,0.1867,1.21,0.2279180233,0.05391060807,257.8216927,0.04321163327,0.1106681139,0.2086206877,TRUE
5PB,1,6,0.1678,0.1447,1.21,0.2279957726,0.08244813468,251.1923732,-0.02651890834,0.1095596064,0.2546724415,FALSE
5PB,1,8,0.1447,0.1124,1.21,0.2280702851,0.1145760062,244.6625099,-0.1026743019,0.1064433295,0.3017766404,FALSE
5PB,1,10,0.1285,0.087,1.21,0.2277959444,0.1549328914,237.1919228,-0.1894644006,0.100493239,0.3522192313,FALSE
5PB,1,12,0.117,0.07,1.21,0.2254256285,0.2095019987,227.3714098,-0.2880651623,0.09449570499,0.3982767332,FALSE
5PB,1,14,0.112,0.06,1.21,0.2215091391,0.2706573212,219.3846435,-0.3554810042,0.08652428365,0.432520219,FALSE
5PB,1,16,0.106,0.05,1.21,0.1821118233,0.6524543193,197.6346768,-0.4612088522,0.07616984615,0.4756982964,FALSE
5PB,1,18,0.104,0.044,1.21,0.1789103629,0.71824465,197.2573049,-0.5270849655,0.0626801803,0.5072594143,FALSE
5PB,1,20,0.1,0.038,1.21,0.1762161414,0.7898029684,197.0403239,-0.6436210864,0.04832325154,0.5458961969,FALSE
5PB,1,22,0.098,0.034,1.21,0.1758603665,0.8324224647,197.1496222,-0.7330388482,0.03038462495,0.5764432761,FALSE
5PB,1,24,0.096,0.03,1.21,0.1761889962,0.8777508265,197.3355392,-0.8463013465,0.006899988407,0.6123911399,FALSE
5PB,1,26,0.095,0.027,1.21,0.1772270657,0.9123936787,197.559304,-0.9427662344,-0.01817955313,0.6438588786,FALSE
5PB,1,28,0.094,0.024,1.21,0.1788075878,0.9511838126,197.8115151,-1.063347344,-0.04952898004,0.6805997518,FALSE
5PB,1,30,0.093,0.022,1.21,0.1800695313,0.9817332702,197.969542,-1.17059982,-0.07280610541,0.7089662019,FALSE
5PB,1,32,0.092,0.02,1.21,0.1817262016,1.015458926,198.1420005,-1.299302791,-0.1007386559,0.7411700471,FALSE
5PB,1,34,0.091,0.018,1.21,0.1838800196,1.053268126,198.328909,-1.456606422,-0.1348784397,0.7782083464,FALSE
5PB,1,36,0.09,0.016,1.21,0.186678662,1.096421588,198.5304731,-1.653235961,-0.1775531696,0.8214895783,FALSE
5PB,1,38,0.089,0.014,1.21,0.1903423927,1.146747172,198.7470772,-1.906045368,-0.2324206794,0.8730836439,FALSE
5PB,1,40,0.088,0.012,1.21,0.1952150441,1.207034486,198.9792847,-2.243124578,-0.3055773591,0.9361882431,FALSE
5PB,1,42,0.088,0.01,1.21,0.2024196846,1.276705774,199.2945934,-2.658307125,-0.4236545887,1.015610643,FALSE
5PB,1,44,0.087,0.008,1.21,0.2119065519,1.37385611,199.5593992,-3.351991378,-0.5811980856,1.121741207,FALSE
7.5PB,1,2,0.2547,0.231,1.21,0.2289258318,0.03038536081,281.357107,0.1023836238,0.1056647027,0.1673404844,TRUE
7.5PB,1,4,0.2232,0.1821,1.21,0.2302026494,0.05286482314,278.8257724,0.09367292436,0.1000782283,0.2084621584,TRUE
7.5PB,1,6,0.2,0.1422,1.21,0.2321166405,0.07631665505,277.570836,0.08670037959,0.09072045406,0.2515249484,TRUE
7.5PB,1,8,0.1872,0.1141,1.21,0.2346910529,0.09763614557,278.3291349,0.0885244507,0.07606772347,0.2908373737,TRUE
7.5PB,1,10,0.1804,0.095,1.21,0.237559392,0.1159794234,279.705138,0.09636484947,0.05586679821,0.3248730986,TRUE
7.5PB,1,12,0.1763,0.0804,1.21,0.2408052719,0.1333604747,281.2892494,0.1079327618,0.02472744581,0.3572792398,TRUE
7.5PB,1,14,0.1738,0.0688,1.21,0.2444363313,0.1503188441,282.9610467,0.1220393028,-0.01343384239,0.3889777919,FALSE
7.5PB,1,16,0.172,0.0583,1.21,0.2489416768,0.1691797659,284.7247289,0.1393428343,-0.06231387365,0.4244562693,FALSE
7.5PB,1,18,0.1709,0.0518,1.21,0.2525346916,0.1830999834,285.7879954,0.1521544303,-0.1025467047,0.4510843461,FALSE
7.5PB,1,20,0.1701,0.0454,1.21,0.257021612,0.1992481123,287.0300437,0.1679784794,-0.1543927869,0.4820972315,FALSE
7.5PB,1,22,0.1696,0.0402,1.21,0.2616064577,0.2147047056,288.1439087,0.1835924582,-0.2092574337,0.5120412276,FALSE
7.5PB,1,24,0.1691,0.0352,1.21,0.2670729016,0.2320809908,289.1955082,0.2010861194,-0.2772131645,0.5463548428,FALSE
7.5PB,1,26,0.1689,0.0309,1.21,0.273021339,0.2498834329,290.2779897,0.2198068188,-0.3544098843,0.5816826606,FALSE
7.5PB,1,28,0.1686,0.027,1.21,0.2796885036,0.2687653946,291.1716544,0.2393566589,-0.4450017061,0.6202396792,FALSE
7.5PB,1,30,0.1684,0.0234,1.21,0.2874416121,0.289534005,292.0619876,0.261310197,-0.5559419636,0.6633976382,FALSE
7.5PB,1,32,0.1682,0.0202,1.21,0.296130061,0.3115540917,292.8435207,0.284791441,-0.6875799167,0.7103755074,FALSE
7.5PB,1,34,0.1682,0.018,1.21,0.3035533017,0.3295634481,293.4925023,0.304671792,-0.8064274251,0.7491329772,FALSE
7.5PB,1,36,0.1681,0.016,1.21,0.3115948097,0.3482732849,294.0098625,0.3252390613,-0.9418533344,0.7906571316,FALSE
7.5PB,1,38,0.168,0.014,1.21,0.3213593486,0.370096489,294.5324932,0.3495880522,-1.115972361,0.8401768341,FALSE
7.5PB,1,40,0.168,0.012,1.21,0.3335801246,0.3963500386,295.1384436,0.3797252766,-1.349435886,0.900723346,FALSE
7.5PB,1,42,0.168,0.01,1.21,0.3493134932,0.4286408581,295.7513725,0.4175579311,-1.67628482,0.9774088151,FALSE
7.5PB,1,44,0.168,0.008,1.21,0.3705460561,0.470116545,296.3723919,0.4674261835,-2.166558223,1.079375054,FALSE
7.5PB,1,46,0.168,0.006,1.21,0.4013140223,0.5270666199,297.0027597,0.5382232477,-2.98368056,1.225379588,FALSE
7.5PB,1,48,0.168,0.004,1.21,0.4516638642,0.6148957382,297.6439086,0.6524105571,-4.617925234,1.462863974,FALSE
10PB,1,2,0.2677,0.228,1.21,0.2299460838,0.03281591962,296.5013637,0.1188835672,0.1004142333,0.1668681184,TRUE
10PB,1,4,0.2459,0.1828,1.21,0.2319652383,0.05494363719,296.1560213,0.1254541646,0.09025176087,0.2037024785,TRUE
10PB,1,6,0.229,0.147,1.21,0.2344498895,0.07713706853,296.0474524,0.133630238,0.07596703264,0.2406768385,TRUE
10PB,1,8,0.219,0.1228,1.21,0.2370668087,0.09627805321,296.7202933,0.1437210487,0.05755629828,0.2719991085,TRUE
10PB,1,10,0.212,0.1029,1.21,0.2402344245,0.1161129301,297.8500796,0.1569131266,0.02727329423,0.3038662934,TRUE
10PB,1,12,0.207,0.0869,1.21,0.2438326278,0.1360371913,299.0223928,0.171831864,-0.01113492227,0.3356948272,FALSE
10PB,1,14,0.2038,0.0745,1.21,0.2476828319,0.1552468708,300.2465629,0.1877842642,-0.05366713598,0.3660075252,FALSE
10PB,1,16,0.2008,0.0638,1.21,0.2520174826,0.1751249033,301.168541,0.2043188194,-0.1030708359,0.3981826021,FALSE
10PB,1,18,0.1991,0.0564,1.21,0.2559243192,0.1917445394,301.9954036,0.2190775495,-0.1492432702,0.4249134413,FALSE
10PB,1,20,0.1976,0.0493,1.21,0.2606406641,0.2105622762,302.8583659,0.236292535,-0.2069897499,0.4554131932,FALSE
10PB,1,22,0.1965,0.0436,1.21,0.2653850425,0.2283812091,303.6091548,0.2530373879,-0.267334131,0.4845672732,FALSE
10PB,1,24,0.1952,0.038,1.21,0.2711379495,0.248674425,304.2547514,0.2721161344,-0.3433459188,0.5188633717,FALSE
10PB,1,26,0.1942,0.0326,1.21,0.278278406,0.2723821119,305.0129261,0.295333651,-0.442593055,0.559171221,FALSE
10PB,1,28,0.1936,0.0281,1.21,0.2859701865,0.2964877743,305.7668269,0.3198347385,-0.5557375755,0.6004805008,FALSE
10PB,1,30,0.1928,0.024,1.21,0.2948618022,0.3225642541,306.3524926,0.3465673382,-0.6941116201,0.64712114,FALSE
10PB,1,32,0.193,0.021,1.21,0.3033327857,0.3467278398,307.1427074,0.3730864877,-0.8354486192,0.6886361973,FALSE
10PB,1,34,0.193,0.019,1.21,0.3100613703,0.3650590509,307.6118931,0.393306536,-0.9533704516,0.7212854676,FALSE
10PB,1,36,0.193,0.016,1.21,0.3225029578,0.3974771597,308.3207511,0.4297675182,-1.185529059,0.7804895382,FALSE
10PB,1,38,0.193,0.014,1.21,0.332976218,0.4235136352,308.797507,0.4597299009,-1.395577323,0.8294034034,FALSE
10PB,1,40,0.193,0.013,1.21,0.3391036311,0.4382939703,309.0373637,0.4770147524,-1.524837793,0.8577106374,FALSE
10PB,1,42,0.192,0.011,1.21,0.3533330323,0.4700596679,309.1028286,0.5136579513,-1.83963001,0.925208608,FALSE
10PB,1,44,0.192,0.009,1.21,0.3725348294,0.5126616086,309.5969604,0.5659128572,-2.311727521,1.012019704,FALSE
10PB,1,46,0.192,0.007,1.21,0.399207202,0.5688977366,310.0970486,0.6373973759,-3.053595038,1.131285006,FALSE
10PB,1,48,0.192,0.005,1.21,0.4397910978,0.6497982481,310.6039832,0.7449656023,-4.388956568,1.311513282,FALSE
2.5P,1,2,0.2808,0.2296,1.21,0.2306450099,0.03449724801,307.5155898,0.1310274051,0.09643928823,0.1634046441,TRUE
2.5P,1,4,0.2668,0.1874,1.21,0.2330837515,0.05718515212,308.2691561,0.1458238815,0.08277921207,0.1960386394,TRUE
2.5P,1,6,0.257,0.1559,1.21,0.2357641541,0.0787094571,309.1967397,0.1612433476,0.06468976252,0.2260143488,TRUE
2.5P,1,8,0.2496,0.1303,1.21,0.238873282,0.1007867014,310.2004673,0.1782034404,0.03624574591,0.2560611306,TRUE
2.5P,1,10,0.2441,0.1112,1.21,0.2420380098,0.1211159124,310.9700761,0.1942954616,0.001296367949,0.2836545417,TRUE
2.5P,1,12,0.2394,0.094,1.21,0.2458974702,0.1437152776,311.7917823,0.2128935607,-0.04275143389,0.3141483001,FALSE
2.5P,1,14,0.2361,0.081,1.21,0.2498004649,0.1647348405,312.5318886,0.2308243058,-0.08894369217,0.3423879069,FALSE
2.5P,1,16,0.2331,0.0696,1.21,0.2542428052,0.186914942,313.1757366,0.2500403499,-0.1434126856,0.3725911375,FALSE
2.5P,1,18,0.2312,0.0618,1.21,0.2581121474,0.2050318173,313.689097,0.2661877714,-0.1926461454,0.3973015037,FALSE
2.5P,1,20,0.2295,0.0542,1.21,0.2628087933,0.225813277,314.2575339,0.285177971,-0.2546844033,0.425740095,FALSE
2.5P,1,22,0.2279,0.0473,1.21,0.268146386,0.2480419128,314.7774302,0.3058331866,-0.328087722,0.4566982402,FALSE
2.5P,1,24,0.2266,0.0418,1.21,0.2734310627,0.2688336174,315.2028348,0.3255240864,-0.4038623248,0.4861624109,FALSE
2.5P,1,26,0.2251,0.0355,1.21,0.2811022532,0.2972407103,315.7113675,0.3530622022,-0.5194611937,0.5272296168,FALSE
2.5P,1,28,0.225,0.031,1.21,0.2883077244,0.3229504014,316.3642666,0.3794274059,-0.6357049692,0.5629588959,FALSE
2.5P,1,30,0.224,0.026,1.21,0.2983556017,0.3561552166,316.8564103,0.4135587995,-0.806704585,0.6125187701,FALSE
2.5P,1,32,0.224,0.022,1.21,0.3091026218,0.3902096157,317.4780498,0.4502464134,-1.005161562,0.6625345306,FALSE
2.5P,1,34,0.223,0.02,1.21,0.315432681,0.4084825295,317.5315763,0.4696629328,-1.126329658,0.692972191,FALSE
2.5P,1,36,0.222,0.018,1.21,0.3228362926,0.4291537267,317.5916642,0.49210665,-1.274423998,0.7279666835,FALSE
2.5P,1,38,0.222,0.015,1.21,0.3371365542,0.4690753304,318.0816323,0.5378458514,-1.586270555,0.7914194458,FALSE
2.5P,1,40,0.222,0.013,1.21,0.3493192238,0.501513515,318.4118249,0.5760703074,-1.874128916,0.8445911175,FALSE
2.5P,1,42,0.222,0.011,1.21,0.3646566133,0.5406769749,318.7453481,0.6234842001,-2.266663044,0.9106892845,FALSE
5P,1,2,0.2936,0.233,1.21,0.2311710138,0.03593585859,316.3821216,0.140642202,0.09317896231,0.1588382073,TRUE
5P,1,4,0.2854,0.1927,1.21,0.2338647317,0.05949730998,317.0887376,0.1602019798,0.07673402332,0.1883261911,TRUE
5P,1,6,0.2794,0.1628,1.21,0.236648092,0.0814348516,317.7726011,0.1786402919,0.05527884798,0.2149398867,TRUE
5P,1,8,0.2742,0.1375,1.21,0.239834871,0.1043835661,318.3945581,0.198029104,0.02124804369,0.2423980784,TRUE
5P,1,10,0.2701,0.1178,1.21,0.2431458818,0.1263320941,318.9372098,0.2167456934,-0.01737821845,0.2684556521,FALSE
5P,1,12,0.267,0.1006,1.21,0.2470063893,0.1500289629,319.6054901,0.2375074051,-0.06421939444,0.296033864,FALSE
5P,1,14,0.2645,0.0863,1.21,0.2512249158,0.1741257751,320.2192324,0.2589072633,-0.1175178425,0.3240291768,FALSE
5P,1,16,0.2625,0.0746,1.21,0.255696098,0.1980166682,320.7646447,0.2804245507,-0.1764195051,0.351878059,FALSE
5P,1,18,0.2612,0.0667,1.21,0.2594633586,0.2170581236,321.1643568,0.2978223845,-0.2279959834,0.374177349,FALSE
5P,1,20,0.2601,0.0586,1.21,0.2642288933,0.2399945428,321.644036,0.3191945568,-0.2959393622,0.4009843272,FALSE
5P,1,22,0.259,0.0509,1.21,0.269895002,0.2657681915,322.1062663,0.3435541502,-0.3804093839,0.4315810005,FALSE
5P,1,24,0.258,0.046,1.21,0.2742543427,0.2845402932,322.3508598,0.3614088026,-0.447865694,0.4546251815,FALSE
5P,1,26,0.258,0.039,1.21,0.2822298861,0.3177513363,323.0014342,0.3944485904,-0.5793713703,0.4936441135,FALSE
5P,1,28,0.257,0.034,1.21,0.2893186438,0.345115356,323.2833372,0.4217097533,-0.7018514296,0.5282966291,FALSE
5P,1,30,0.256,0.028,1.21,0.3004377084,0.3855928674,323.6813104,0.4633133266,-0.90768652,0.5804465084,FALSE
5P,1,32,0.256,0.024,1.21,0.3103271113,0.4199401318,324.078929,0.5000338245,-1.106435738,0.6244773833,FALSE
7.5P,1,2,0.303,0.2361,1.21,0.2314967092,0.03698403709,322.1106042,0.1467768041,0.09102139524,0.1551102735,TRUE
7.5P,1,4,0.2991,0.1974,1.21,0.2343148734,0.06101646677,322.6645704,0.1689645737,0.07278589494,0.1821021789,TRUE
7.5P,1,6,0.296,0.1682,1.21,0.2371821418,0.08353306659,323.171679,0.1893797613,0.04844145221,0.2066756447,TRUE
7.5P,1,8,0.2932,0.1429,1.21,0.2404782914,0.1075366653,323.6783185,0.2109358551,0.01038891998,0.2324105852,TRUE
7.5P,1,10,0.2905,0.1229,1.21,0.243866612,0.1305370898,324.0322126,0.2313178336,-0.0308286119,0.2571390086,FALSE
7.5P,1,12,0.2884,0.1059,1.21,0.2476213282,0.1543814689,324.4488561,0.2526399913,-0.07839254364,0.2824461397,FALSE
7.5P,1,14,0.2868,0.0903,1.21,0.2521428983,0.1812768768,324.9518847,0.2770163633,-0.1383639139,0.3106566322,FALSE
7.5P,1,16,0.2852,0.079,1.21,0.2562962971,0.2044665091,325.2616592,0.29800168,-0.1957224644,0.3355092473,FALSE
7.5P,1,18,0.2841,0.0706,1.21,0.2601069382,0.2246989483,325.5333184,0.3165563302,-0.2504565419,0.3572198541,FALSE
7.5P,1,20,0.2831,0.0625,1.21,0.2645833335,0.2473717123,325.8266003,0.337624837,-0.3173216682,0.3816727483,FALSE
7.5P,1,22,0.282,0.055,1.21,0.2696585313,0.271775173,326.0881835,0.3605445051,-0.3962987913,0.4084947285,FALSE
7.5P,1,24,0.282,0.049,1.21,0.2747348367,0.2953370265,326.4562049,0.3834248401,-0.4796997194,0.4335399324,FALSE
7.5P,1,26,0.281,0.042,1.21,0.2819540554,0.326777457,326.73873,0.4140321674,-0.6033897379,0.4689577405,FALSE
10P,1,2,0.3132,0.2404,1.21,0.2317700084,0.03780842017,327.7470997,0.1524287203,0.08907503899,0.1505029463,TRUE
10P,1,4,0.3132,0.2032,1.21,0.2346532936,0.06208702051,327.8015862,0.1764308282,0.06941641369,0.1750693297,TRUE
10P,1,6,0.3126,0.1737,1.21,0.237645724,0.08566450418,327.9407862,0.198798111,0.04153320718,0.1984922677,TRUE
10P,1,8,0.3114,0.1481,1.21,0.2410092501,0.1105102552,328.0693317,0.2216929305,0.000782232196,0.2230707072,TRUE
10P,1,10,0.3102,0.1282,1.21,0.2443835826,0.1339212099,328.2298211,0.2430029496,-0.04184049742,0.246090558,FALSE
10P,1,12,0.3094,0.111,1.21,0.2481337823,0.1584580138,328.4928269,0.2654105317,-0.0913279271,0.2698466744,FALSE
10P,1,14,0.3084,0.0952,1.21,0.2525390067,0.1856003502,328.7442585,0.2901494583,-0.1521092436,0.2962900585,FALSE
10P,1,16,0.3078,0.0839,1.21,0.2565353876,0.2089124593,328.9799653,0.3115817022,-0.2098354235,0.3189439698,FALSE
10P,1,18,0.3069,0.0748,1.21,0.2604270607,0.2305038935,329.1288422,0.3314266965,-0.2681287581,0.3404287599,FALSE
10P,1,20,0.307,0.066,1.21,0.2651214845,0.2555550816,329.4378783,0.3550867788,-0.3420910049,0.3645302798,FALSE
10P,1,22,0.306,0.058,1.21,0.2702504207,0.2813675393,329.58062,0.3793397743,-0.4258603078,0.3908218815,FALSE
10P,1,24,0.305,0.051,1.21,0.2757766053,0.3078003969,329.7102195,0.4045419757,-0.5203329528,0.4182243332,FALSE
2.5RP,1,2,0.324,0.2459,1.21,0.2319799968,0.03833991742,333.3006767,0.1574341194,0.08743940513,0.1450849066,TRUE
2.5RP,1,4,0.329,0.2095,1.21,0.2350138694,0.06360182202,333.0263092,0.1840953232,0.0655738468,0.1674481387,TRUE
2.5RP,1,6,0.3321,0.1811,1.21,0.2380217525,0.08738479803,332.9203478,0.2078174882,0.03464029754,0.1882963128,TRUE
2.5RP,1,8,0.3342,0.1551,1.21,0.2415125715,0.1135666688,332.8629977,0.2329720448,-0.009416415554,0.211197288,FALSE
2.5RP,1,10,0.3354,0.1351,1.21,0.2449125305,0.1377531295,332.8622257,0.2557077343,-0.05436385165,0.2323208236,FALSE
2.5RP,1,12,0.3361,0.1181,1.21,0.2485137737,0.1621214071,332.8877386,0.2783452262,-0.1041144023,0.2536589523,FALSE
2.5RP,1,14,0.3368,0.102,1.21,0.2528210738,0.1898068303,332.9809947,0.304038739,-0.1665778191,0.277797366,FALSE
2.5RP,1,16,0.3368,0.0902,1.21,0.2567193484,0.213609738,333.0192474,0.326025032,-0.2256283953,0.2989806838,FALSE
2.5RP,1,18,0.337,0.08,1.21,0.260851633,0.2377636481,333.1076195,0.3485470037,-0.2911005831,0.3203887356,FALSE
2.5RP,1,20,0.336,0.07,1.21,0.2657206441,0.264716742,333.0809672,0.3735374454,-0.3711365108,0.3455193002,FALSE
2.5RP,1,22,0.336,0.061,1.21,0.2712806414,0.2941830524,333.1904174,0.4015519079,-0.4679153255,0.3723485086,FALSE
5RP,1,2,0.3378,0.2542,1.21,0.2321468919,0.03856887555,340.0837429,0.1625841163,0.08593908235,0.1374831909,TRUE
5RP,1,4,0.3503,0.2196,1.21,0.2353122308,0.0646879263,339.4550904,0.1921883118,0.06169601892,0.1562492557,TRUE
5RP,1,6,0.3588,0.192,1.21,0.2383776368,0.08909074966,338.9992773,0.2178560411,0.0270683348,0.1741259107,TRUE
5RP,1,8,0.366,0.1662,1.21,0.2419081341,0.1160976905,338.6743598,0.2450069272,-0.01972511234,0.1939760163,FALSE
5RP,1,10,0.3727,0.1458,1.21,0.2454468719,0.1420770424,338.6668988,0.2707233709,-0.06953011506,0.2123025103,FALSE
5RP,1,12,0.3772,0.1283,1.21,0.2490887112,0.1677621034,338.5470203,0.2954395905,-0.1233534613,0.2310831747,FALSE
5RP,1,14,0.3811,0.1138,1.21,0.2527758858,0.1927833796,338.5079942,0.3193756015,-0.1807261314,0.249252869,FALSE
5RP,1,16,0.384,0.102,1.21,0.2563559487,0.2161885907,338.4711243,0.3416352462,-0.2390338815,0.2664664842,FALSE
5RP,1,18,0.386,0.092,1.21,0.2599141851,0.238619194,338.4143597,0.3628797328,-0.2993771887,0.2833400154,FALSE
5RP,1,20,0.389,0.079,1.21,0.2656112382,0.2730936203,338.4039413,0.3958008833,-0.4014550879,0.3091675588,FALSE
7.5RP,1,2,0.3498,0.2617,1.21,0.2322618424,0.03885057949,345.7355235,0.1665186638,0.08480956223,0.1307792197,TRUE
7.5RP,1,4,0.3705,0.23,1.21,0.2354923808,0.0653343569,345.1305308,0.1983876599,0.05879909474,0.1452987138,TRUE
7.5RP,1,6,0.3865,0.2036,1.21,0.2386531947,0.09059975808,344.6586705,0.2264738701,0.02045024583,0.1596317319,TRUE
7.5RP,1,8,0.4005,0.1793,1.21,0.2421088285,0.1174578681,344.2740484,0.2548274994,-0.02760338213,0.1751567461,FALSE
7.5RP,1,10,0.4132,0.158,1.21,0.2457911821,0.1452163259,344.0662628,0.283268582,-0.08230546901,0.1909937241,FALSE
7.5RP,1,12,0.424,0.14,1.21,0.2495379234,0.172597719,343.9267079,0.3107279126,-0.1415848079,0.2066474735,FALSE
7.5RP,1,14,0.433,0.125,1.21,0.2532595696,0.1989771204,343.8239222,0.3368306077,-0.2040257116,0.221829715,FALSE
7.5RP,1,16,0.44,0.113,1.21,0.2567459073,0.2229748515,343.7331231,0.360372055,-0.2656369103,0.2358579686,FALSE
10RP,1,2,0.3629,0.271,1.21,0.2323103377,0.03882536868,351.9340135,0.1698753896,0.08407827437,0.1229066708,TRUE
10RP,1,4,0.392,0.2423,1.21,0.2355652188,0.06543446836,350.9909884,0.2034457473,0.05680126062,0.1330702524,TRUE
10RP,1,6,0.4151,0.2169,1.21,0.2387649706,0.09112926663,350.1653417,0.2331353395,0.01601417179,0.1440822036,TRUE
10RP,1,8,0.4357,0.1921,1.21,0.2423275809,0.119134882,349.3989144,0.2636035784,-0.03547791224,0.1570275424,FALSE
10RP,1,10,0.4521,0.171,1.21,0.2458536824,0.14618953,348.7949734,0.29185757,-0.09001558102,0.1701303599,FALSE
10RP,1,12,0.4668,0.1514,1.21,0.2497120886,0.1750264425,348.2880563,0.3212003334,-0.1537425671,0.1844520568,FALSE
10RP,1,14,0.479,0.136,1.21,0.2533271368,0.201353967,347.9847793,0.3476950505,-0.2174480964,0.1973427782,FALSE
10RP,1,16,0.488,0.124,1.21,0.2565581632,0.2243109487,347.733248,0.3705344098,-0.2774181902,0.2089399965,FALSE
2.5R,1,2,0.3768,0.2816,1.21,0.2323143775,0.03876339004,358.5560935,0.1727527295,0.08363263012,0.1142235993,TRUE
2.5R,1,4,0.4166,0.2569,1.21,0.2355967235,0.0655572598,357.4912921,0.2081909618,0.0550749113,0.1189324984,TRUE
2.5R,1,6,0.4515,0.2329,1.21,0.2389550186,0.0925681569,356.5656579,0.240897857,0.01000835948,0.1251635585,TRUE
2.5R,1,8,0.4812,0.2103,1.21,0.2423705543,0.1196024721,355.7065262,0.2716627614,-0.04163633587,0.1327811246,FALSE
2.5R,1,10,0.5058,0.19,1.21,0.2457642218,0.1460055637,354.9555445,0.3004462194,-0.09678725159,0.1412452326,FALSE
2.5R,1,12,0.533,0.169,1.21,0.2498910833,0.1775034232,354.4140289,0.3340830805,-0.1694053559,0.1509562967,FALSE
2.5R,1,14,0.548,0.156,1.21,0.2527196978,0.1986783983,354.0036961,0.3561275365,-0.2223121864,0.1584002108,FALSE
5R,1,2,0.3908,0.2929,1.21,0.2322829351,0.03878872578,5.292625208,0.1750879243,0.0834468593,0.1051861553,TRUE
5R,1,4,0.442,0.2728,1.21,0.235567437,0.06563999075,4.142948092,0.211997376,0.05402232444,0.1038707743,TRUE
5R,1,6,0.4885,0.2515,1.21,0.2389258217,0.09265000666,3.127055771,0.2460565684,0.007296125516,0.1043131131,TRUE
5R,1,8,0.5282,0.2297,1.21,0.242338194,0.1196580392,2.017156935,0.2779869137,-0.04610375946,0.107118611,FALSE
5R,1,10,0.5604,0.21,1.21,0.2455992525,0.1450927079,1.072059456,0.3067923034,-0.1011552541,0.1111915528,FALSE
5R,1,12,0.595,0.187,1.21,0.2497870298,0.1772214512,0.03520561928,0.3420114769,-0.1775980281,0.1177617214,FALSE
7.5R,1,2,0.402,0.3034,1.21,0.2321829041,0.03853140813,11.22188584,0.1761141761,0.0838310715,0.09720178513,TRUE
7.5R,1,4,0.466,0.2888,1.21,0.2354812814,0.06569859486,10.52174869,0.2146387457,0.05376354971,0.08886689225,TRUE
7.5R,1,6,0.5235,0.2698,1.21,0.2388478657,0.09273045645,9.340194532,0.249772406,0.005806964913,0.08341933576,TRUE
7.5R,1,8,0.5722,0.2487,1.21,0.2422359889,0.1193889357,7.996470381,0.2823232368,-0.04852486063,0.08114827798,FALSE
7.5R,1,10,0.6111,0.229,1.21,0.2454257141,0.1441031429,6.840260804,0.3112533032,-0.103798168,0.08101728924,FALSE
7.5R,1,12,0.654,0.204,1.21,0.2497146199,0.1768145286,5.433520301,0.3482252045,-0.1843491657,0.08343578662,FALSE
10R,1,2,0.4128,0.3154,1.21,0.2320000447,0.03799405212,17.83201688,0.1761744531,0.084810977,0.08852396848,TRUE
10R,1,4,0.4933,0.3068,1.21,0.2354057497,0.06646643059,17.53321612,0.2173709158,0.05337791522,0.07117416378,TRUE
10R,1,6,0.5584,0.2921,1.21,0.2385120535,0.09141606644,16.46914582,0.2507227099,0.008399026812,0.05815437113,TRUE
10R,1,8,0.6178,0.2713,1.21,0.2419204286,0.1179668035,14.8769004,0.2842778838,-0.04707499646,0.04804592028,FALSE
10R,1,10,0.6661,0.2499,1.21,0.2452450478,0.1433430956,13.41108089,0.315052634,-0.105758742,0.04104094263,FALSE
10R,1,12,0.711,0.227,1.21,0.2489286791,0.1710037466,12.01969836,0.3476157215,-0.1761304761,0.03556507812,FALSE
2.5YR,1,2,0.4258,0.3344,1.21,0.2315889804,0.03682941664,28.33490624,0.174267895,0.08728716956,0.07568291552,TRUE
2.5YR,1,4,0.5311,0.3371,1.21,0.2350414222,0.06696826212,28.68275048,0.2181731589,0.0558968293,0.04021900142,TRUE
2.5YR,1,6,0.6048,0.327,1.21,0.237845065,0.08963484466,27.56305891,0.2491941483,0.01568173427,0.0154861435,TRUE
2.5YR,1,8,0.6721,0.3058,1.21,0.2411076786,0.1145095382,25.27404233,0.2819531414,-0.03743548409,-0.001814455087,FALSE
2.5YR,1,10,0.727,0.279,1.21,0.244612521,0.1403259112,22.59303273,0.3146612054,-0.09920007717,-0.01233677779,FALSE
2.5YR,1,12,0.778,0.248,1.21,0.2487875263,0.1705624545,19.89385606,0.3516136423,-0.1794008536,-0.02030111169,FALSE
5YR,1,2,0.4377,0.358,1.21,0.2309934357,0.03595109173,41.69043884,0.1701780501,0.0909423922,0.06048375385,TRUE
5YR,1,4,0.566,0.3795,1.21,0.2341277517,0.06679583709,43.6189733,0.2129406643,0.0641810212,0.002939064563,TRUE
5YR,1,6,0.656,0.384,1.21,0.2364049677,0.08822610895,45.48374423,0.2400496656,0.03475311086,-0.03193022445,FALSE
5YR,1,8,0.736,0.385,1.21,0.2384035205,0.1082702405,49.18334201,0.262326391,0.002866755953,-0.06134056946,FALSE
5YR,1,10,0.829,0.385,1.21,0.2406987706,0.1399895286,59.74723366,0.286128064,-0.03495616987,-0.09508765038,FALSE
7.5YR,1,2,0.443,0.3775,1.21,0.2304058497,0.03557290764,53.07170763,0.1650510802,0.09452922057,0.0487575304,TRUE
7.5YR,1,4,0.585,0.422,1.21,0.2329776764,0.06751697329,57.90432606,0.2034811987,0.07417413255,-0.02161990869,FALSE
7.5YR,1,6,0.685,0.442,1.21,0.2347869211,0.09130756465,62.59272862,0.2265842851,0.05534874525,-0.06032438043,FALSE
10YR,1,2,0.4446,0.3982,1.21,0.2297112103,0.03580984296,65.32084918,0.158176893,0.0986457775,0.03701263557,TRUE
10YR,1,4,0.591,0.464,1.21,0.2317169334,0.06956373978,70.90808813,0.191441132,0.08405887607,-0.03762322017,FALSE
2.5Y,1,2,0.4362,0.4177,1.21,0.2288003262,0.03567392619,78.78951277,0.1475265948,0.1038367684,0.02976294063,TRUE
2.5Y,1,4,0.581,0.505,1.21,0.2302806077,0.07152187104,82.73029291,0.175965282,0.09407008225,-0.04629108097,FALSE
5Y,1,2,0.423,0.4265,1.21,0.2281116145,0.03491549456,88.01397662,0.1382873254,0.1075770899,0.02979048782,TRUE
5Y,1,4,0.565,0.543,1.21,0.2289432278,0.07435783658,92.53973353,0.1603936955,0.1023292527,-0.05142394536,FALSE
7.5Y,1,2,0.4042,0.4287,1.21,0.2274414473,0.03324823441,96.99947744,0.1280763212,0.1110620586,0.0348483705,TRUE
7.5Y,1,4,0.543,0.57,1.21,0.2278231938,0.07573297881,99.70923731,0.1461037614,0.1085898403,-0.05204931565,FALSE
10Y,2,2,0.3556,0.3848,3.126,0.3115694984,0.02771661958,105.4315583,0.1980623488,0.1947591184,0.1301877337,TRUE
10Y,2,4,0.4188,0.4789,3.126,0.3109021653,0.06175836724,107.2091203,0.2044784439,0.1976102925,0.02126052347,TRUE
10Y,2,6,0.482,0.576,3.126,0.3104107661,0.0956814719,109.23729,0.207556644,0.1999018608,-0.09964675551,FALSE
2.5GY,2,2,0.3421,0.3803,3.126,0.3110606173,0.02609060398,115.8595147,0.1872069136,0.1974164428,0.1379720879,TRUE
2.5GY,2,4,0.3881,0.4752,3.126,0.3097357628,0.0595172031,116.7626718,0.181812193,0.2034703902,0.04780057069,TRUE
2.5GY,2,6,0.434,0.59,3.126,0.3083971469,0.09577254805,118.9298791,0.1704918078,0.2096391503,-0.07885893148,FALSE
2.5GY,2,8,0.476,0.716,3.126,0.3072180083,0.1342655786,120.5539882,0.1562710747,0.2150969097,-0.1672871707,FALSE
5GY,2,2,0.3309,0.3743,3.126,0.3107191412,0.02458965547,124.7915905,0.1787604132,0.1991717814,0.1457176492,TRUE
5GY,2,4,0.3582,0.465,3.126,0.3087401042,0.05731035497,126.2285359,0.1591200996,0.208178658,0.07359352028,TRUE
5GY,2,6,0.3839,0.5748,3.126,0.3069094584,0.09112253729,127.4807959,0.1347797032,0.2161683111,-0.03729380699,FALSE
5GY,2,8,0.409,0.71,3.126,0.3052369,0.1279097043,128.1865739,0.1051051604,0.2232009239,-0.1307455206,FALSE
5GY,2,10,0.418,0.825,3.126,0.3039101257,0.1572561247,129.1249146,0.06929203663,0.2285544679,-0.1807249703,FALSE
7.5GY,2,2,0.3165,0.365,3.126,0.3103242949,0.02311722006,137.82902,0.1677466131,0.2011633456,0.1564679222,TRUE
7.5GY,2,4,0.3248,0.4457,3.126,0.3077697621,0.05488144332,137.737639,0.1316510771,0.2125091993,0.101885699,TRUE
7.5GY,2,6,0.326,0.5379,3.126,0.3053960986,0.08547212723,138.7924427,0.08231459273,0.2222434099,0.0306260583,TRUE
7.5GY,2,8,0.316,0.6509,3.126,0.3029219291,0.1173710914,140.295274,-0.01749771423,0.231567451,-0.04918627182,FALSE
7.5GY,2,10,0.297,0.768,3.126,0.300772082,0.1454642471,141.4903621,-0.1169538845,0.2390055536,-0.1030552214,FALSE
7.5GY,2,12,0.274,0.879,3.126,0.2990541886,0.1685508883,142.279818,-0.1950842157,0.2445289572,-0.1388184124,FALSE
7.5GY,2,14,0.243,1.01,3.126,0.2973486549,0.1924827582,142.8790035,-0.270793753,0.2496662741,-0.1695345572,FALSE
10GY,2,2,0.3069,0.358,3.126,0.3100800006,0.0226395275,147.532545,0.1601174307,0.2023726183,0.16403531,TRUE
10GY,2,4,0.2986,0.424,3.126,0.3071211709,0.05311059627,148.1054767,0.107090243,0.2152527318,0.1252541575,TRUE
10GY,2,6,0.2852,0.4972,3.126,0.3044567782,0.08152667757,148.7099852,0.01984688777,0.2256952262,0.08445887134,TRUE
10GY,2,8,0.2628,0.5837,3.126,0.3017781735,0.1103536112,149.6498667,-0.103353697,0.2351889548,0.03112605616,FALSE
10GY,2,10,0.2307,0.6814,3.126,0.2991793314,0.1383219126,150.6858102,-0.2195144827,0.2435041704,-0.02243959901,FALSE
10GY,2,12,0.1907,0.7798,3.126,0.2968170882,0.1631676981,151.8183092,-0.3215017983,0.250334184,-0.05927210315,FALSE
10GY,2,14,0.141,0.876,3.126,0.2945258321,0.1858446657,153.2512029,-0.416783791,0.2563093958,-0.08291683497,FALSE
10GY,2,16,0.061,0.998,3.126,0.2914748684,0.2138516109,155.4818188,-0.536122088,0.2633320923,-0.100209307,FALSE
10GY,2,18,-0.03,1.11,3.126,0.2884030954,0.2403044967,157.8291828,-0.645764308,0.2694249922,-0.1070288059,FALSE
2.5G,2,2,0.2978,0.3507,3.126,0.3098655906,0.02263245069,157.2808206,0.1526502745,0.203420048,0.1715800575,TRUE
2.5G,2,4,0.2763,0.3998,3.126,0.3066811912,0.0517601382,158.5155048,0.08259538064,0.2170281469,0.1472808971,TRUE
2.5G,2,6,0.2493,0.4522,3.126,0.3036594416,0.07963736179,159.6096286,-0.05153987915,0.2283885482,0.1248482381,FALSE
2.5G,2,8,0.2192,0.5042,3.126,0.3009518789,0.1047298375,160.5608585,-0.1782685918,0.237443399,0.1050918593,FALSE
2.5G,2,10,0.1773,0.5698,3.126,0.2978403802,0.133602618,161.6412978,-0.31524807,0.2466799028,0.0825905423,FALSE
2.5G,2,12,0.1307,0.6308,3.126,0.2949460685,0.1599882976,162.9368879,-0.4348044873,0.2542274318,0.06492663128,FALSE
2.5G,2,14,0.082,0.686,3.126,0.2922417586,0.1842698811,164.2432596,-0.5386197425,0.2604463707,0.0517034887,FALSE
2.5G,2,16,0.0329,0.7358,3.126,0.2896828588,0.2070255049,165.4706264,-0.6291996612,0.2656534084,0.04210891688,FALSE
2.5G,2,18,-0.02,0.788,3.126,0.2870317926,0.2306762529,166.5786262,-0.7145215437,0.2704336867,0.03305334194,FALSE
5G,2,2,0.2918,0.345,3.126,0.3097578382,0.02266698529,164.10369,0.1479273204,0.2039495146,0.1771172828,TRUE
5G,2,4,0.264,0.3845,3.126,0.3064740078,0.05146138587,165.0439474,0.06600290957,0.2178292068,0.1603115814,TRUE
5G,2,6,0.2318,0.4231,3.126,0.3033694658,0.07872836369,166.3120989,-0.08599106641,0.2292488997,0.1469578691,FALSE
5G,2,8,0.1979,0.4583,3.126,0.3005439039,0.1035304436,167.5348169,-0.220971546,0.2383891402,0.137164118,FALSE
5G,2,10,0.156,0.4981,3.126,0.297381151,0.1313585316,168.755765,-0.3611148811,0.2473754419,0.1280759575,FALSE
5G,2,12,0.112,0.5358,3.126,0.2942960821,0.158532007,169.8904654,-0.486453694,0.2550070996,0.1214342611,FALSE
5G,2,14,0.0688,0.5691,3.126,0.2913768124,0.184270932,170.9245233,-0.5945163684,0.2612984572,0.117237832,FALSE
5G,2,16,0.0277,0.5986,3.126,0.2886115866,0.2087363899,171.8124153,-0.6871323321,0.2665090244,0.1145583751,FALSE
5G,2,18,-0.015,0.625,3.126,0.2856427567,0.2350297791,172.762485,-0.7764820796,0.2713438828,0.1138520774,FALSE
7.5G,2,2,0.2869,0.34,3.126,0.3096821822,0.02283461606,169.8692618,0.1440683191,0.2043224667,0.1818665189,TRUE
7.5G,2,4,0.254,0.3705,3.126,0.3063443695,0.05142031133,170.9136323,0.05007970729,0.2183083257,0.1718189923,TRUE
7.5G,2,6,0.22,0.3983,3.126,0.3032815454,0.07779352537,171.9481776,-0.1078663233,0.2294046646,0.1646644057,FALSE
7.5G,2,8,0.1842,0.4244,3.126,0.3003051124,0.1035457952,172.9406573,-0.2514257289,0.2388214079,0.1595943054,FALSE
7.5G,2,10,0.1442,0.4505,3.126,0.2971372894,0.1310974557,173.9410209,-0.3920141086,0.2475471902,0.1560609179,FALSE
7.5G,2,12,0.1022,0.4759,3.126,0.2938616926,0.1597830493,174.8215637,-0.5234888894,0.2553375244,0.1536942367,FALSE
7.5G,2,14,0.0629,0.4973,3.126,0.2907561481,0.1871543005,175.5907782,-0.635369813,0.2616887797,0.1528051361,FALSE
7.5G,2,16,0.0276,0.5153,3.126,0.2878528752,0.2129186523,176.2096798,-0.7286618595,0.2668182284,0.1526322754,FALSE
7.5G,2,18,-0.01,0.532,3.126,0.2845207013,0.242681,176.8757744,-0.8229299067,0.2718239582,0.153569038,FALSE
10G,2,2,0.282,0.3341,3.126,0.3096459187,0.02291141025,176.1771061,0.1406197728,0.2045172378,0.1872248973,TRUE
10G,2,4,0.2442,0.3559,3.126,0.3062364315,0.05186553213,177.0579046,0.03040082263,0.2186860448,0.1837013281,TRUE
10G,2,6,0.2092,0.3739,3.126,0.3032353105,0.0775772696,177.7947769,-0.1290471444,0.2293912433,0.1820634742,FALSE
10G,2,8,0.1705,0.3911,3.126,0.2999968282,0.1055689095,178.6066182,-0.2873896481,0.2393688473,0.1819667024,FALSE
10G,2,10,0.1321,0.4059,3.126,0.296751371,0.1338894947,179.3286654,-0.4313107135,0.2479476008,0.183134303,FALSE
10G,2,12,0.0934,0.4183,3.126,0.293335813,0.1639948951,180.0133314,-0.5669205003,0.2556302042,0.1855680457,FALSE
10G,2,14,0.0599,0.427,3.126,0.2901407117,0.1924360565,180.5639423,-0.6791508337,0.2617151953,0.1885990528,FALSE
10G,2,16,0.0285,0.4327,3.126,0.2867884548,0.2225700119,181.0826187,-0.7822471202,0.2670744426,0.1925452481,FALSE
10G,2,18,-0.007,0.441,3.126,0.2824221554,0.2621017169,181.3890919,-0.8936308746,0.272791678,0.1958496272,FALSE
2.5BG,2,2,0.2765,0.3271,3.126,0.309621167,0.02324591922,183.5138208,0.1367671639,0.2046632633,0.1935235838,TRUE
2.5BG,2,4,0.2343,0.3378,3.126,0.306245143,0.052225361,184.4561794,0.01222489217,0.2185930785,0.1980366546,TRUE
2.5BG,2,6,0.1971,0.3452,3.126,0.3032118401,0.07861432361,185.0077727,-0.1552316994,0.2292222159,0.2029935773,FALSE
2.5BG,2,8,0.1557,0.3517,3.126,0.2996446841,0.1100336145,185.4020898,-0.3328635183,0.2398195413,0.2092025617,FALSE
2.5BG,2,10,0.119,0.3551,3.126,0.2962029267,0.1407726898,185.726957,-0.4852799847,0.2483736015,0.2158067427,FALSE
2.5BG,2,12,0.0851,0.3576,3.126,0.2926119835,0.1731325857,185.8251134,-0.6238405713,0.2558327603,0.221995751,FALSE
2.5BG,2,14,0.0555,0.3588,3.126,0.2889821509,0.2061347786,185.8220503,-0.7441035706,0.2620584536,0.2277716499,FALSE
2.5BG,2,16,0.029,0.359,3.126,0.285098756,0.2417137389,185.7386614,-0.8521117263,0.267463236,0.2333014316,FALSE
2.5BG,2,18,-0.002,0.36,3.126,0.2792832127,0.2952340169,185.4094873,-0.9771457494,0.2736030317,0.2391190895,FALSE
5BG,2,2,0.2697,0.3175,3.126,0.3096352688,0.02396818094,193.1455238,0.1323266355,0.2046446918,0.2020304747,TRUE
5BG,2,4,0.2234,0.315,3.126,0.3063746856,0.05333701606,193.8671328,-0.006335674082,0.2180057971,0.2162570572,FALSE
5BG,2,6,0.1843,0.311,3.126,0.3033065392,0.08141504192,193.8265402,-0.1851164052,0.2285294272,0.2289793344,FALSE
5BG,2,8,0.1405,0.3037,3.126,0.2993180393,0.1185258363,193.5784848,-0.3905473945,0.2397614923,0.2446995894,FALSE
5BG,2,10,0.105,0.2956,3.126,0.2953355889,0.1560244343,193.1270185,-0.5654179443,0.2486996962,0.2587491257,FALSE
5BG,2,12,0.0769,0.288,3.126,0.2913348573,0.1938758897,192.5170921,-0.7119329559,0.2558216728,0.2706844692,FALSE
5BG,2,14,0.051,0.28,3.126,0.2864269598,0.2403734919,191.6821942,-0.855495752,0.2625079127,0.2824728917,FALSE
5BG,2,16,0.028,0.274,3.126,0.2801783489,0.2990927104,190.4845878,-0.9877911625,0.2685843075,0.292135588,FALSE
7.5BG,2,2,0.2651,0.3098,3.126,0.3097069352,0.02456717112,200.5739038,0.1300296037,0.2043585966,0.208702445,TRUE
7.5BG,2,4,0.2162,0.2981,3.126,0.3065537295,0.05478391602,200.8806889,-0.0176021226,0.2172408419,0.2301071404,FALSE
7.5BG,2,6,0.1747,0.2853,3.126,0.3033836659,0.08576174605,200.385729,-0.2121924893,0.2278917564,0.2500062579,FALSE
7.5BG,2,8,0.1325,0.271,3.126,0.2992614585,0.1260392882,199.0595885,-0.4288108985,0.2389958673,0.2712374266,FALSE
7.5BG,2,10,0.0991,0.2582,3.126,0.2948798441,0.1688248277,197.60057,-0.6182340763,0.2480968793,0.2894920168,FALSE
7.5BG,2,12,0.0724,0.2478,3.126,0.290008751,0.2158776506,195.9728051,-0.7839622171,0.2557398145,0.3045479404,FALSE
7.5BG,2,14,0.05,0.237,3.126,0.2838514975,0.2752997249,194.2644731,-0.9385186991,0.2624247921,0.3194070949,FALSE
7.5BG,2,16,0.028,0.228,3.126,0.2722325533,0.3849863071,191.4247775,-1.099927098,0.2693650756,0.33291597,FALSE
10BG,2,2,0.2606,0.301,3.126,0.3098483068,0.02533422592,208.9163788,0.12866423,0.2037656503,0.216237123,TRUE
10BG,2,4,0.2096,0.279,3.126,0.3069167768,0.05659197077,208.9634391,-0.02390301288,0.2157519151,0.2461256692,FALSE
10BG,2,6,0.1669,0.257,3.126,0.303775977,0.09062770118,207.7190804,-0.2324694845,0.2260957256,0.2745377352,FALSE
10BG,2,8,0.1258,0.2331,3.126,0.299490798,0.1366256002,205.4262989,-0.4704191442,0.2369188082,0.3057607151,FALSE
10BG,2,10,0.0929,0.2133,3.126,0.294046849,0.1929186917,202.394103,-0.7000389058,0.2467617675,0.3332794404,FALSE
10BG,2,12,0.068,0.194,3.126,0.2866707258,0.2682407244,199.2697064,-0.9148113649,0.2549385197,0.3607168021,FALSE
10BG,2,14,0.05,0.181,3.126,0.274090476,0.3894406593,194.9626414,-1.095235701,0.2617240967,0.3811013244,FALSE
2.5B,2,2,0.2578,0.294,3.126,0.3100250095,0.02587665637,215.662437,0.129041519,0.2030052478,0.2221226607,TRUE
2.5B,2,4,0.206,0.2649,3.126,0.3073368238,0.05788102661,215.2517046,-0.0220986862,0.2140590629,0.2582558822,FALSE
2.5B,2,6,0.1621,0.2358,3.126,0.3042509464,0.09510309316,213.2965759,-0.2443648175,0.224062432,0.2944955605,FALSE
2.5B,2,8,0.123,0.2076,3.126,0.2999420846,0.1449167026,209.8424508,-0.4949065714,0.2343859331,0.3322492248,FALSE
2.5B,2,10,0.0911,0.1828,3.126,0.2935741918,0.214201187,205.3761099,-0.7591942291,0.2444167647,0.3690369872,FALSE
2.5B,2,12,0.067,0.165,3.126,0.2827817269,0.321886905,199.7019969,-1.008553596,0.2536491902,0.3990813056,FALSE
5B,2,2,0.2559,0.2874,3.126,0.3102559509,0.02629336972,222.3576217,0.1308804535,0.2019955289,0.2275677586,TRUE
5B,2,4,0.2048,0.2518,3.126,0.3079786867,0.05822021433,222.0457975,-0.007758480147,0.2114977041,0.2695476612,FALSE
5B,2,6,0.1617,0.2162,3.126,0.3053041126,0.09664918135,219.789882,-0.2300670848,0.2201234615,0.31373538,FALSE
5B,2,8,0.1245,0.1827,3.126,0.3013125494,0.1495275617,215.3855731,-0.4914493063,0.2291951421,0.3610159894,FALSE
5B,2,10,0.0965,0.1558,3.126,0.2951180093,0.2225586063,209.6599278,-0.7651028939,0.2378562833,0.4056338298,FALSE
5B,2,12,0.077,0.136,3.126,0.2835675579,0.3424504796,202.5028145,-1.023736157,0.2454308259,0.4441958526,FALSE
7.5B,2,2,0.2545,0.2799,3.126,0.3105906088,0.0267943988,230.4785935,0.1345465833,0.2005114442,0.2336763185,TRUE
7.5B,2,4,0.2063,0.24,3.126,0.3088754193,0.0574585551,229.8710026,0.02225917277,0.2078838372,0.2795954622,TRUE
7.5B,2,6,0.1658,0.2026,3.126,0.3067553096,0.09429879404,226.5926914,-0.1868543106,0.2148887436,0.3272074305,FALSE
7.5B,2,8,0.1313,0.1692,3.126,0.3034566137,0.1437554874,221.0998213,-0.437294051,0.222534063,0.3771930394,FALSE
7.5B,2,10,0.1051,0.1422,3.126,0.2981807932,0.2116956664,214.4795779,-0.7083276271,0.2299701431,0.4257863773,FALSE
7.5B,2,12,0.088,0.124,3.126,0.2896189149,0.3057140674,207.374104,-0.9509928155,0.2362006626,0.4649401079,FALSE
7.5B,2,14,0.07,0.106,3.126,0.2293423953,0.8778410982,191.2386779,-1.287994636,0.2450126696,0.511556694,FALSE
10B,2,2,0.2558,0.2725,3.126,0.3111508465,0.0265431239,241.2710177,0.1434425029,0.1979569404,0.239125336,TRUE
10B,2,4,0.2102,0.2313,3.126,0.3098753852,0.05584845618,237.9796192,0.06060055619,0.2037465635,0.286646586,TRUE
10B,2,6,0.1716,0.1937,3.126,0.3082323824,0.09066003899,233.3019334,-0.1317075319,0.2094429023,0.3358502184,FALSE
10B,2,8,0.1396,0.1603,3.126,0.3057989686,0.1352015101,227.4159436,-0.3617050404,0.2151836042,0.3878275625,FALSE
10B,2,10,0.1157,0.1346,3.126,0.3019587652,0.1917765746,220.5816216,-0.6085152095,0.22086463,0.436679843,FALSE
10B,2,12,0.099,0.115,3.126,0.2957174065,0.2692837738,213.337138,-0.8514266246,0.2255655211,0.4816595315,FALSE
10B,2,14,0.083,0.097,3.126,0.2402638345,0.794317165,193.0807738,-1.171002714,0.2319840007,0.5324625523,FALSE
2.5PB,2,2,0.2592,0.2675,3.126,0.3117451154,0.02597864739,252.0534601,0.1540140395,0.1951585046,0.2422131278,TRUE
2.5PB,2,4,0.2175,0.2245,3.126,0.3111342273,0.05326545441,248.3490329,0.09861549487,0.198306318,0.2912818987,TRUE
2.5PB,2,6,0.1825,0.1857,3.126,0.3104243517,0.08436072681,243.9558972,-0.03274768252,0.2009087029,0.342603383,FALSE
2.5PB,2,8,0.154,0.153,3.126,0.3092923864,0.1208417827,238.226319,-0.2204166215,0.2034347105,0.3951722999,FALSE
2.5PB,2,10,0.1332,0.1278,3.126,0.3076058631,0.1621449853,232.1779928,-0.4172247924,0.2053364403,0.4450151252,FALSE
2.5PB,2,12,0.1166,0.1076,3.126,0.3044238263,0.2168160565,224.8933514,-0.6405529264,0.2074150947,0.4944290759,FALSE
2.5PB,2,14,0.102,0.089,3.126,0.2960609638,0.3218725856,214.3814719,-0.9245586471,0.2093946831,0.5512907651,FALSE
2.5PB,2,16,0.092,0.076,3.126,0.2405640461,0.8480515711,194.4963087,-1.201651228,0.2110789859,0.6009593863,FALSE
2.5PB,2,18,0.084,0.064,3.126,0.2291047687,1.00163616,193.8656523,-1.529158331,0.2114104357,0.6574664692,FALSE
5PB,2,2,0.2638,0.2624,3.126,0.3124575077,0.02614944584,265.0486633,0.1663771728,0.1916921272,0.2451279827,TRUE
5PB,2,4,0.2263,0.2192,3.126,0.3124590525,0.05155854206,260.0722047,0.1304198657,0.1922234726,0.2942121983,TRUE
5PB,2,6,0.1942,0.1811,3.126,0.3124384944,0.0795016017,255.0905302,0.06642432683,0.1923376369,0.3452508864,TRUE
5PB,2,8,0.1685,0.1491,3.126,0.3123739208,0.1100907866,249.9503894,-0.07235659162,0.1915902874,0.3974874488,FALSE
5PB,2,10,0.15,0.124,3.126,0.3123051889,0.1419679247,245.1832483,-0.2182126042,0.1893090021,0.4480221794,FALSE
5PB,2,12,0.1363,0.1048,3.126,0.3118913285,0.1761367633,240.0393453,-0.3706335026,0.1863250214,0.4958335824,FALSE
5PB,2,14,0.1253,0.0873,3.126,0.3110767486,0.2202728807,234.3097864,-0.5429986703,0.1804807265,0.5497530492,FALSE
5PB,2,16,0.117,0.074,3.126,0.3087219377,0.2762565302,227.4818793,-0.7273312007,0.173859822,0.6011017073,FALSE
5PB,2,18,0.111,0.064,3.126,0.3031003498,0.3574930179,219.2836746,-0.9108750278,0.1663186004,0.6484104325,FALSE
5PB,2,20,0.108,0.058,3.126,0.2900540005,0.4919835658,209.6185904,-1.036220022,0.15896974,0.6816088049,FALSE
5PB,2,22,0.104,0.052,3.126,0.2472637784,0.9045170592,197.089783,-1.218674639,0.1520196353,0.7201557801,FALSE
5PB,2,24,0.1,0.046,3.126,0.2410509605,1.007829828,196.5190592,-1.448726112,0.142761521,0.765229209,FALSE
5PB,2,26,0.098,0.042,3.126,0.2393067794,1.061608141,196.5163344,-1.615347003,0.1321990431,0.7997143291,FALSE
5PB,2,28,0.097,0.04,3.126,0.238737741,1.088259577,196.5533319,-1.711154016,0.1257280965,0.8186904948,FALSE
5PB,2,30,0.096,0.038,3.126,0.2383574211,1.115179905,196.6106836,-1.817045978,0.1181762367,0.8390142395,FALSE
5PB,2,32,0.095,0.036,3.126,0.2381657766,1.142656086,196.6858887,-1.934703713,0.1092045748,0.8608629365,FALSE
5PB,2,34,0.093,0.033,3.126,0.2378859584,1.188872359,196.7872278,-2.16013617,0.09509145117,0.8971864781,FALSE
5PB,2,36,0.092,0.031,3.126,0.2382201205,1.218932363,196.9022888,-2.31890581,0.08013918334,0.9238825352,FALSE
5PB,2,38,0.09,0.028,3.126,0.2388462795,1.270391148,197.0634718,-2.625758574,0.05201379463,0.9689611876,FALSE
5PB,2,40,0.089,0.025,3.126,0.2408153853,1.320908484,197.3250276,-2.947633585,-0.01250325985,1.020785796,FALSE
5PB,2,42,0.087,0.022,3.126,0.2429930871,1.384813912,197.5459784,-3.423909072,-0.07776971838,1.082574596,FALSE
5PB,2,44,0.086,0.019,3.126,0.2470038849,1.453004186,197.8601281,-3.973452586,-0.1849369926,1.156805534,FALSE
5PB,2,46,0.084,0.016,3.126,0.2520793349,1.542158723,198.1407995,-4.820672443,-0.3070096979,1.250087279,FALSE
7.5PB,2,2,0.2712,0.2582,3.126,0.3133430852,0.02712071529,280.7750993,0.1819495806,0.1871753899,0.2465946548,TRUE
7.5PB,2,4,0.242,0.2148,3.126,0.3143985401,0.0511655393,278.4282834,0.1707071676,0.1824862221,0.2944834951,TRUE
7.5PB,2,6,0.2189,0.179,3.126,0.3157421967,0.07479254532,276.7163681,0.1588050856,0.176097678,0.3413135801,TRUE
7.5PB,2,8,0.2005,0.1495,3.126,0.3173810558,0.0982276439,275.0127536,0.1455705598,0.1676838845,0.3881118673,TRUE
7.5PB,2,10,0.1882,0.1258,3.126,0.3196311559,0.1208768735,274.8381136,0.1396699725,0.1549034852,0.4335837376,TRUE
7.5PB,2,12,0.1813,0.1094,3.126,0.3220396553,0.1394790058,275.4915286,0.1417806232,0.1395797092,0.471234083,TRUE
7.5PB,2,14,0.1762,0.0955,3.126,0.3248539804,0.1579444476,276.3156493,0.1480775469,0.1188441902,0.5090134257,TRUE
7.5PB,2,16,0.1728,0.0839,3.126,0.32808283,0.1759970582,277.4630119,0.1594425828,0.08914537071,0.546183031,TRUE
7.5PB,2,18,0.1701,0.0742,3.126,0.3315318722,0.1935556561,278.3967876,0.1716300056,0.04151296559,0.5828405913,TRUE
7.5PB,2,20,0.1685,0.0666,3.126,0.3350326498,0.2094697255,279.4605098,0.1858992968,-0.02796666255,0.6161592931,FALSE
7.5PB,2,22,0.167,0.0594,3.126,0.3390921059,0.2267302792,280.4211578,0.2014841602,-0.1103287968,0.6528106977,FALSE
7.5PB,2,24,0.166,0.0538,3.126,0.3429762706,0.2420797862,281.2683287,0.2163662466,-0.1908822914,0.6856873444,FALSE
7.5PB,2,26,0.1653,0.0492,3.126,0.3467944276,0.2562861164,282.0442768,0.2308420205,-0.2717675565,0.7163422167,FALSE
7.5PB,2,28,0.1647,0.0451,3.126,0.3507761821,0.2704050002,282.7418717,0.2453378359,-0.3579825793,0.7471574262,FALSE
7.5PB,2,30,0.164,0.0409,3.126,0.3555246682,0.2865270267,283.3703568,0.2613918289,-0.4633787953,0.7830228043,FALSE
7.5PB,2,32,0.1635,0.0373,3.126,0.360366885,0.3021138231,283.9852172,0.2775808564,-0.573694298,0.8180122357,FALSE
7.5PB,2,34,0.163,0.034,3.126,0.3655398322,0.3180584325,284.5055438,0.2939527078,-0.6948430389,0.854466486,FALSE
7.5PB,2,36,0.1628,0.031,3.126,0.3711791223,0.3345501455,285.1991097,0.3125079014,-0.8306821217,0.8920137019,FALSE
7.5PB,2,38,0.1623,0.028,3.126,0.3776277065,0.3527573073,285.6234212,0.3312372036,-0.9912954714,0.9351194252,FALSE
7.5PB,2,40,0.162,0.025,3.126,0.3854601519,0.3737648029,286.2242663,0.35433265,-1.193692159,0.9850681287,FALSE
7.5PB,2,42,0.162,0.022,3.126,0.3951985761,0.3985732681,287.0995791,0.383650298,-1.456804081,1.043990885,FALSE
7.5PB,2,44,0.162,0.019,3.126,0.4073237562,0.4279479854,287.9806069,0.4184813286,-1.803003978,1.115359902,FALSE
7.5PB,2,46,0.161,0.016,3.126,0.4220829869,0.4615540027,287.9364458,0.4526249798,-2.25374654,1.205132526,FALSE
7.5PB,2,48,0.161,0.013,3.126,0.4428850611,0.5062816178,288.8305368,0.50677969,-2.943640803,1.321507328,FALSE
7.5PB,2,50,0.16,0.01,3.126,0.4715437311,0.5631188937,288.7608319,0.5704770275,-4.007019949,1.484021088,FALSE
10PB,2,2,0.2803,0.2567,3.126,0.3141646919,0.02857765411,295.0524753,0.1968621948,0.1827308388,0.2453415519,TRUE
10PB,2,4,0.26,0.2162,3.126,0.3159515422,0.05189271266,294.6597359,0.2021161128,0.1736832084,0.2881827706,TRUE
10PB,2,6,0.244,0.184,3.126,0.3179381419,0.07383521011,294.3881439,0.2080381802,0.1629274298,0.3282504804,TRUE
10PB,2,8,0.2294,0.1551,3.126,0.3203717157,0.0971751983,293.8899676,0.2146743328,0.1485374646,0.3713908463,TRUE
10PB,2,10,0.22,0.133,3.126,0.3231696282,0.1190669976,294.5300883,0.2257225215,0.1294938022,0.4106964046,TRUE
10PB,2,12,0.2139,0.117,3.126,0.3259304681,0.1379795625,295.3049086,0.2376003059,0.1070446735,0.4442728629,TRUE
10PB,2,14,0.2087,0.1026,3.126,0.3291516822,0.1579354794,296.0901026,0.2514529332,0.07281971202,0.4797390248,TRUE
10PB,2,16,0.2052,0.091,3.126,0.3325627559,0.177032462,297.0603192,0.2669290815,0.01368198018,0.5130743338,TRUE
10PB,2,18,0.2021,0.0808,3.126,0.3362890028,0.1964251126,297.8676305,0.2829935227,-0.06195605956,0.5473287621,FALSE
10PB,2,20,0.1998,0.0718,3.126,0.3404646964,0.2165564018,298.7963506,0.3011636459,-0.1489946866,0.5825096149,FALSE
10PB,2,22,0.1978,0.0643,3.126,0.3447101236,0.2357828965,299.5171284,0.318617912,-0.2396150779,0.6166787046,FALSE
10PB,2,24,0.1962,0.0578,3.126,0.3492033456,0.2549579633,300.2104478,0.3366754324,-0.3381088572,0.6508829037,FALSE
10PB,2,26,0.1949,0.052,3.126,0.3540670021,0.2746049317,300.8971171,0.3557933878,-0.4477775524,0.6860627774,FALSE
10PB,2,28,0.1937,0.0471,3.126,0.3589397466,0.2932993885,301.4294274,0.3740007567,-0.5606031728,0.7202631875,FALSE
10PB,2,30,0.1925,0.042,3.126,0.3650451913,0.3155431579,302.0160635,0.3961679208,-0.706465362,0.7614197629,FALSE
10PB,2,32,0.1918,0.0379,3.126,0.3710386326,0.3363882149,302.6282789,0.4179601463,-0.855016994,0.7997092407,FALSE
10PB,2,34,0.1911,0.0344,3.126,0.3770448379,0.3563319846,303.1057828,0.4388396619,-1.008641447,0.8372603462,FALSE
10PB,2,36,0.19,0.031,3.126,0.3837709433,0.3774689743,303.3688005,0.4602959023,-1.185612944,0.8793625169,FALSE
10PB,2,38,0.19,0.028,3.126,0.391207429,0.4005146047,304.0883409,0.4866449184,-1.39147811,0.9217153591,FALSE
10PB,2,40,0.19,0.025,3.126,0.4000426915,0.4268135286,304.8094418,0.5170118005,-1.646750915,0.9709025592,FALSE
10PB,2,42,0.189,0.022,3.126,0.4102764082,0.454975265,305.0561303,0.5477314476,-1.953256451,1.029626604,FALSE
10PB,2,44,0.189,0.019,3.126,0.4235074935,0.490782922,305.7931898,0.5903384123,-2.377843565,1.100130608,FALSE
10PB,2,46,0.189,0.016,3.126,0.4404323251,0.5342421026,306.5365423,0.6431783116,-2.961650846,1.188216515,FALSE
10PB,2,48,0.188,0.013,3.126,0.4624394929,0.5858596671,306.8267961,0.7055708086,-3.783790968,1.303773283,FALSE
10PB,2,50,0.188,0.01,3.126,0.4944760961,0.6582889154,307.5978562,0.7993830083,-5.139666838,1.463565228,FALSE
2.5P,2,2,0.2892,0.2583,3.126,0.3147212845,0.02939758138,305.6159133,0.2079553866,0.1795163267,0.2415113618,TRUE
2.5P,2,4,0.2758,0.2208,3.126,0.3168977307,0.05256050339,306.0968924,0.2223052001,0.1676469752,0.279233378,TRUE
2.5P,2,6,0.2661,0.1921,3.126,0.3191669758,0.0737178503,306.826432,0.2369332552,0.154045257,0.3125059674,TRUE
2.5P,2,8,0.257,0.1635,3.126,0.3222374804,0.09911494052,307.7885701,0.2560889562,0.132973733,0.3513757775,TRUE
2.5P,2,10,0.2501,0.1422,3.126,0.3252547785,0.1217227782,308.41292,0.2736043536,0.1079242929,0.3858664446,TRUE
2.5P,2,12,0.2449,0.1245,3.126,0.3285562201,0.1442394666,309.1756781,0.2923509257,0.07115169349,0.4194761823,TRUE
2.5P,2,14,0.2406,0.11,3.126,0.3319722739,0.1658382988,309.7881708,0.3106905459,0.008229794977,0.451781513,TRUE
2.5P,2,16,0.2372,0.098,3.126,0.3355107224,0.1867099916,310.3714157,0.3290091002,-0.06682560018,0.4828447649,FALSE
2.5P,2,18,0.2345,0.0873,3.126,0.3394502095,0.2085087489,311.0286401,0.3489569126,-0.1526886937,0.5148790466,FALSE
2.5P,2,20,0.232,0.0779,3.126,0.3436684191,0.230504751,311.5725868,0.3692156618,-0.2469179281,0.5476210912,FALSE
2.5P,2,22,0.2298,0.0696,3.126,0.3482156583,0.2528968654,312.0728064,0.390195619,-0.3513228516,0.581193037,FALSE
2.5P,2,24,0.2277,0.0621,3.126,0.3531975882,0.2760793778,312.5059254,0.4121344857,-0.4689380001,0.6165139798,FALSE
2.5P,2,26,0.226,0.0555,3.126,0.3585614428,0.2997604231,312.9550527,0.4351702143,-0.5998129748,0.6526364894,FALSE
2.5P,2,28,0.2245,0.0491,3.126,0.3649518086,0.3265426503,313.4569929,0.4619110765,-0.7615465314,0.6936266459,FALSE
2.5P,2,30,0.2231,0.0432,3.126,0.3722218655,0.3553580549,313.9325646,0.4912171776,-0.952935262,0.7384415982,FALSE
2.5P,2,32,0.222,0.038,3.126,0.3801901745,0.3853351038,314.4102268,0.522522821,-1.172315008,0.7854456698,FALSE
2.5P,2,34,0.221,0.035,3.126,0.3855528418,0.4043957383,314.5835675,0.5422896373,-1.324309695,0.8169610764,FALSE
2.5P,2,36,0.22,0.031,3.126,0.3941025788,0.4338114796,314.928141,0.5738640699,-1.577080763,0.8651249609,FALSE
2.5P,2,38,0.219,0.028,3.126,0.4017036495,0.4586146316,315.122517,0.6007065737,-1.810441883,0.9074005946,FALSE
2.5P,2,40,0.219,0.025,3.126,0.4110758868,0.4890212502,315.6189686,0.6356142264,-2.115990341,0.9559364764,FALSE
2.5P,2,42,0.218,0.022,3.126,0.4220392938,0.5219596222,315.8334871,0.6729555544,-2.486483071,1.013895624,FALSE
2.5P,2,44,0.217,0.019,3.126,0.4356364904,0.5609105536,316.0608046,0.7183398481,-2.973973507,1.084034546,FALSE
5P,2,2,0.2984,0.2612,3.126,0.3151814046,0.03021742104,315.0669564,0.21763056,0.1767101211,0.2364939778,TRUE
5P,2,4,0.2908,0.2261,3.126,0.3176336205,0.05376118206,315.5877161,0.2381952737,0.1625093587,0.2698754323,TRUE
5P,2,6,0.285,0.1992,3.126,0.3200547014,0.0750819605,316.0987987,0.2570379574,0.146776761,0.2991636582,TRUE
5P,2,8,0.2791,0.1707,3.126,0.3234024069,0.1021258948,316.8196982,0.2814184846,0.1210196058,0.3352259824,TRUE
5P,2,10,0.2748,0.15,3.126,0.3265498606,0.1256277086,317.3755954,0.3027723351,0.08982227939,0.3660684511,TRUE
5P,2,12,0.2709,0.132,3.126,0.3299826234,0.1495909765,317.8463584,0.3245758813,0.03663572656,0.3973967654,TRUE
5P,2,14,0.2676,0.1163,3.126,0.333755973,0.1742523461,318.3337894,0.3473442148,-0.04626968634,0.4293207877,FALSE
5P,2,16,0.2652,0.1045,3.126,0.3372558923,0.1958415268,318.7526088,0.367543364,-0.1252890764,0.4570916356,FALSE
5P,2,18,0.2632,0.0935,3.126,0.341242105,0.2191885917,319.2314399,0.3898141959,-0.2179403521,0.4867793281,FALSE
5P,2,20,0.2612,0.0838,3.126,0.34546367,0.242665001,319.6114684,0.4121874126,-0.3186826196,0.51707554,FALSE
5P,2,22,0.2597,0.075,3.126,0.3501486277,0.2674941894,320.0561863,0.4364168967,-0.43431769,0.5487234575,FALSE
5P,2,24,0.2582,0.0669,3.126,0.3553535016,0.2937200283,320.4540784,0.4621836565,-0.566920677,0.5825912466,FALSE
5P,2,26,0.2569,0.0594,3.126,0.3612412072,0.321956388,320.8617253,0.490382425,-0.7225519532,0.6192042042,FALSE
5P,2,28,0.2559,0.0525,3.126,0.3679161512,0.3524548713,321.2971047,0.5214718144,-0.9065153641,0.6587825796,FALSE
5P,2,30,0.255,0.045,3.126,0.3770825728,0.3921232788,321.8284547,0.5627961482,-1.172143468,0.7106314426,FALSE
5P,2,32,0.254,0.039,3.126,0.3863684374,0.4298425151,322.2119321,0.6026610104,-1.45530028,0.7615890625,FALSE
5P,2,34,0.253,0.035,3.126,0.3938802231,0.4586665762,322.412581,0.633456821,-1.694153578,0.8021247106,FALSE
5P,2,36,0.252,0.031,3.126,0.4029177745,0.4918610276,322.6258133,0.6696527163,-1.994646437,0.8495902218,FALSE
7.5P,2,2,0.3071,0.2647,3.126,0.315540724,0.03102194859,323.0767544,0.2255706335,0.1744044483,0.2311194399,TRUE
7.5P,2,4,0.3048,0.2321,3.126,0.3181647749,0.05480512442,323.3991543,0.2504567021,0.1584440516,0.2602134232,TRUE
7.5P,2,6,0.3025,0.2058,3.126,0.320779337,0.07715884074,323.6190272,0.2730329196,0.1402078478,0.2870080503,TRUE
7.5P,2,8,0.3,0.1781,3.126,0.3242577925,0.1050595161,323.9894048,0.3007699472,0.1104810916,0.3196127938,TRUE
7.5P,2,10,0.2979,0.1569,3.126,0.3276225203,0.130420129,324.3086912,0.3256135033,0.07047458678,0.3488244551,TRUE
7.5P,2,12,0.2956,0.1392,3.126,0.3310517236,0.1549043172,324.4976416,0.3491102616,0.001020676675,0.3772370258,TRUE
7.5P,2,14,0.2938,0.1235,3.126,0.3348289556,0.1804433375,324.7911436,0.3738242823,-0.08649212432,0.4063286592,FALSE
7.5P,2,16,0.2922,0.1106,3.126,0.3386017884,0.2047013881,325.044988,0.3972629977,-0.1765489105,0.4339706171,FALSE
7.5P,2,18,0.2912,0.0995,3.126,0.3425593946,0.2290174414,325.3729089,0.4211246839,-0.2742625148,0.4611328644,FALSE
7.5P,2,20,0.2902,0.0901,3.126,0.3465288178,0.2523707768,325.637459,0.4440306962,-0.3751507101,0.4874472398,FALSE
7.5P,2,22,0.289,0.0799,3.126,0.3516977412,0.2814103663,325.9262205,0.4726341179,-0.5108982554,0.5204352483,FALSE
7.5P,2,24,0.2882,0.0719,3.126,0.3566204535,0.3078524588,326.1974664,0.4990166187,-0.6451115347,0.550409547,FALSE
7.5P,2,26,0.287,0.064,3.126,0.3624037233,0.3374389894,326.4124147,0.5285664196,-0.807982529,0.5848777977,FALSE
7.5P,2,28,0.286,0.055,3.126,0.3706933103,0.3777638523,326.7460883,0.5697360119,-1.053245864,0.6317028815,FALSE
7.5P,2,30,0.284,0.046,3.126,0.381370419,0.4259702206,326.9545906,0.6193520606,-1.385687966,0.6906719828,FALSE
10P,2,2,0.3161,0.2691,3.126,0.3158366323,0.03175257984,330.6661972,0.2326501531,0.1723977177,0.2249306767,TRUE
10P,2,4,0.3189,0.239,3.126,0.3185751267,0.05570080509,330.535793,0.2608105515,0.1550021083,0.249792928,TRUE
10P,2,6,0.3207,0.2132,3.126,0.3213912234,0.07933288892,330.4825783,0.2870909505,0.1339996446,0.2740077934,TRUE
10P,2,8,0.3219,0.1862,3.126,0.3249790928,0.1080977506,330.4498906,0.3176894498,0.09992957041,0.3032637508,TRUE
10P,2,10,0.323,0.1659,3.126,0.3283371619,0.1337286388,330.6036395,0.3444692273,0.05137536265,0.3286008045,TRUE
10P,2,12,0.3233,0.1477,3.126,0.3319330795,0.1600249109,330.6603409,0.3711672111,-0.03255772452,0.354888483,FALSE
10P,2,14,0.3235,0.1317,3.126,0.3357690486,0.1868582474,330.763771,0.3981550805,-0.1265178704,0.3815061346,FALSE
10P,2,16,0.3235,0.1181,3.126,0.3396861533,0.2131079172,330.8667276,0.4243550524,-0.2258189599,0.4075669399,FALSE
10P,2,18,0.3233,0.1063,3.126,0.3437305052,0.2391098764,330.9584238,0.450185223,-0.3318033863,0.433530601,FALSE
10P,2,20,0.3231,0.0962,3.126,0.3478352681,0.2644833129,331.0600563,0.4754315506,-0.443049156,0.4588882597,FALSE
10P,2,22,0.323,0.0861,3.126,0.3527368776,0.2936078162,331.2010888,0.5045905485,-0.5808642198,0.4879248009,FALSE
10P,2,24,0.322,0.076,3.126,0.3585724088,0.3265811037,331.2458006,0.5373734126,-0.7505187471,0.5221579197,FALSE
10P,2,26,0.322,0.068,3.126,0.3642981717,0.3577198359,331.4093497,0.5690932238,-0.9253792193,0.5535407259,FALSE
10P,2,28,0.322,0.058,3.126,0.373211061,0.4038096497,331.6349937,0.6166500536,-1.211788613,0.6005346442,FALSE
2.5RP,2,2,0.3279,0.2754,3.126,0.3161627755,0.03289633411,339.8009941,0.2408482262,0.1700676586,0.216411199,TRUE
2.5RP,2,4,0.3382,0.2496,3.126,0.3189756891,0.05667831669,339.5047258,0.2724110819,0.1512286634,0.2346893721,TRUE
2.5RP,2,6,0.347,0.2259,3.126,0.3219420184,0.08117622819,339.2579732,0.3026710259,0.1272393528,0.2536097376,TRUE
2.5RP,2,8,0.3555,0.2003,3.126,0.3256723605,0.111140159,338.955175,0.3374778513,0.08657341313,0.2770761914,TRUE
2.5RP,2,10,0.3617,0.18,3.126,0.329169671,0.138364755,338.7470791,0.3677442867,0.01902204528,0.2984958008,TRUE
2.5RP,2,12,0.3668,0.1618,3.126,0.332846471,0.1661115602,338.5737392,0.3976645451,-0.07435439501,0.3204661388,FALSE
2.5RP,2,14,0.3711,0.1449,3.126,0.3368670525,0.1954696326,338.4197638,0.4286105564,-0.1808481928,0.343903451,FALSE
2.5RP,2,16,0.3748,0.131,3.126,0.3407958766,0.2232390309,338.3583404,0.4576098419,-0.2895356435,0.3658314238,FALSE
2.5RP,2,18,0.3778,0.1188,3.126,0.3448115805,0.2507386085,338.302481,0.4860373248,-0.405045638,0.3877440831,FALSE
2.5RP,2,20,0.3802,0.108,3.126,0.3489328738,0.2780824213,338.2474222,0.5141191288,-0.5281189895,0.4097882028,FALSE
2.5RP,2,22,0.383,0.096,3.126,0.3543722771,0.3129569601,338.2238982,0.5499765131,-0.6979066767,0.4378498161,FALSE
2.5RP,2,24,0.386,0.086,3.126,0.3598730281,0.3470381628,338.2816711,0.585340936,-0.8787272543,0.4647441171,FALSE
2.5RP,2,26,0.388,0.076,3.126,0.3663749637,0.3856213543,338.2617778,0.6252245395,-1.101809606,0.4965553143,FALSE
5RP,2,2,0.3383,0.2829,3.126,0.3162901394,0.03307319333,347.7840333,0.2460750072,0.1689491995,0.2074017982,TRUE
5RP,2,4,0.3558,0.2597,3.126,0.319261234,0.05779743962,347.0447382,0.2813795954,0.1482586998,0.2207180511,TRUE
5RP,2,6,0.3708,0.238,3.126,0.3223010677,0.08274290967,346.4109824,0.3141101978,0.1220663984,0.2349688411,TRUE
5RP,2,8,0.3858,0.214,3.126,0.3260500996,0.1129617536,345.7266266,0.3511049778,0.07654632888,0.253190484,TRUE
5RP,2,10,0.3971,0.1939,3.126,0.3296078461,0.1410303647,345.1661675,0.3836580618,-0.003446985349,0.2708841617,FALSE
5RP,2,12,0.408,0.1764,3.126,0.3332612808,0.1692067637,344.9171746,0.4156496382,-0.1017801597,0.2878614335,FALSE
5RP,2,14,0.418,0.1598,3.126,0.3372335691,0.1991430892,344.6866997,0.4487618512,-0.2141013082,0.3061661893,FALSE
5RP,2,16,0.4269,0.1454,3.126,0.3412300029,0.2285537097,344.5359234,0.4807998014,-0.332937001,0.3240428708,FALSE
5RP,2,18,0.4338,0.134,3.126,0.3448266885,0.2544299368,344.4158652,0.5086316748,-0.4446885935,0.339952429,FALSE
5RP,2,20,0.442,0.121,3.126,0.3495598412,0.2876862272,344.316512,0.5442043105,-0.5989309696,0.3602720464,FALSE
5RP,2,22,0.448,0.11,3.126,0.3541268698,0.3188643835,344.169535,0.5771439536,-0.7544681431,0.3802159258,FALSE
7.5RP,2,2,0.3459,0.2892,3.126,0.3163190979,0.03299387751,353.786912,0.2490513157,0.1685242429,0.2002223879,TRUE
7.5RP,2,4,0.3702,0.2683,3.126,0.3194434521,0.05880503885,352.8576192,0.2877280006,0.1461685068,0.2090898766,TRUE
7.5RP,2,6,0.3918,0.249,3.126,0.3225431066,0.08413229206,352.2676456,0.3226478155,0.1180776302,0.2184334033,TRUE
7.5RP,2,8,0.4137,0.2276,3.126,0.3262188412,0.1137896032,351.563602,0.3607539205,0.06948054275,0.230700383,TRUE
7.5RP,2,10,0.4321,0.2082,3.126,0.3298705831,0.1428095435,350.9393026,0.3960478776,-0.02067523662,0.2437187345,FALSE
7.5RP,2,12,0.4481,0.1903,3.126,0.3336101153,0.172038086,350.3889991,0.4302139147,-0.1258412374,0.2575660694,FALSE
7.5RP,2,14,0.4624,0.1737,3.126,0.3375068511,0.20195031,349.9158455,0.4641979213,-0.2414874979,0.272209461,FALSE
7.5RP,2,16,0.4744,0.1595,3.126,0.3412667473,0.2302805731,349.5437195,0.4957572842,-0.358927098,0.2863511471,FALSE
7.5RP,2,18,0.485,0.146,3.126,0.3452576459,0.2597640356,349.1682026,0.5280139618,-0.4895204503,0.3017275075,FALSE
7.5RP,2,20,0.497,0.132,3.126,0.3500755116,0.2946244825,348.8781966,0.5660056613,-0.6562524275,0.3193746441,FALSE
10RP,2,2,0.3532,0.2957,3.126,0.3163139458,0.03292828859,359.7005258,0.2514350623,0.1683252882,0.1930177263,TRUE
10RP,2,4,0.385,0.2778,3.126,0.3195603879,0.05968682516,358.6827643,0.2931792553,0.1445431805,0.1966414766,TRUE
10RP,2,6,0.4139,0.2608,3.126,0.3227448478,0.08567404742,358.0701427,0.3304174158,0.1143364348,0.2009092174,TRUE
10RP,2,8,0.4428,0.2419,3.126,0.3263490784,0.1147633104,357.3147355,0.3692820118,0.06265217376,0.2073712567,TRUE
10RP,2,10,0.4678,0.2237,3.126,0.329964543,0.1435910179,356.5514276,0.4056824621,-0.03281629625,0.2154176359,FALSE
10RP,2,12,0.4911,0.206,3.126,0.3337790752,0.1736146121,355.8930968,0.4421530035,-0.1446107858,0.2246028655,FALSE
10RP,2,14,0.5129,0.1888,3.126,0.337852906,0.205220658,355.3030393,0.4793994151,-0.2715252412,0.2350150818,FALSE
10RP,2,16,0.531,0.174,3.126,0.3417248168,0.2348099433,354.8179443,0.513485481,-0.3992844172,0.2453795511,FALSE
10RP,2,18,0.546,0.161,3.126,0.3454519954,0.2628654008,354.3785932,0.5452231369,-0.5286247097,0.2559357999,FALSE
2.5R,2,2,0.3614,0.3033,3.126,0.3162878338,0.03303631789,6.404936993,0.2537546154,0.1682371067,0.1847316271,TRUE
2.5R,2,4,0.4021,0.29,3.126,0.3195872643,0.06035459196,5.495625962,0.2979910887,0.1435286108,0.1812856907,TRUE
2.5R,2,6,0.439,0.276,3.126,0.3227855112,0.08649007157,4.73664225,0.3367549206,0.1120751497,0.1793959372,TRUE
2.5R,2,8,0.4776,0.2593,3.126,0.3264445609,0.1160111251,3.910943409,0.3777257173,0.05545104873,0.1789673696,TRUE
2.5R,2,10,0.5122,0.2428,3.126,0.3300706717,0.1449036624,3.180901304,0.4158250597,-0.04632561536,0.1799561859,FALSE
2.5R,2,12,0.5438,0.2254,3.126,0.3339096069,0.1751040578,2.335839446,0.4539287146,-0.1634136035,0.1832990019,FALSE
2.5R,2,14,0.5734,0.2083,3.126,0.3379407922,0.2064258153,1.602815564,0.4923010984,-0.2947154152,0.1877218204,FALSE
2.5R,2,16,0.601,0.192,3.126,0.3421298997,0.2385500275,0.9893919326,0.530836312,-0.4403507606,0.1928402073,FALSE
5R,2,2,0.3692,0.3111,3.126,0.3162267482,0.03321763358,13.0142169,0.2554476481,0.1683906097,0.1764459364,TRUE
5R,2,4,0.4184,0.3032,3.126,0.3194938279,0.0606342341,12.35086511,0.3010207258,0.143555174,0.1653428398,TRUE
5R,2,6,0.4642,0.2934,3.126,0.322643009,0.0865651081,11.80017673,0.3406997198,0.1119393465,0.1556334563,TRUE
5R,2,8,0.5143,0.28,3.126,0.3263060874,0.1161756616,11.16044841,0.3833204238,0.05311693593,0.1457061813,TRUE
5R,2,10,0.5557,0.2633,3.126,0.3299602257,0.1450544364,9.858249928,0.4224352789,-0.05226181125,0.1413911528,FALSE
5R,2,12,0.593,0.2465,3.126,0.3336354168,0.1737324186,8.781766293,0.4598541361,-0.1671820285,0.1386368164,FALSE
5R,2,14,0.6302,0.2287,3.126,0.337701796,0.2050720404,7.843931086,0.4996433751,-0.303259942,0.1365653305,FALSE
5R,2,16,0.659,0.212,3.126,0.3415552383,0.2343892244,6.848624788,0.5357046723,-0.4400632641,0.1381305512,FALSE
7.5R,2,2,0.3751,0.3181,3.126,0.316112977,0.03315757306,18.74801212,0.255934453,0.1689391749,0.1693823194,TRUE
7.5R,2,4,0.4335,0.3169,3.126,0.3193122063,0.06078383332,19.1581651,0.3025677876,0.1443959369,0.149241827,TRUE
7.5R,2,6,0.4875,0.3123,3.126,0.3223126529,0.08596310532,19.11300967,0.3418913568,0.1141593948,0.1304488412,TRUE
7.5R,2,8,0.5433,0.3027,3.126,0.3256713021,0.113251936,18.50031681,0.3821912073,0.06270028619,0.1114091067,TRUE
7.5R,2,10,0.5952,0.2874,3.126,0.3293464807,0.1421410666,17.17597655,0.4228091299,-0.04177550609,0.09573270838,FALSE
7.5R,2,12,0.6392,0.2704,3.126,0.3329761764,0.1700833457,15.8348143,0.4606056355,-0.1564849735,0.08357666808,FALSE
7.5R,2,14,0.6791,0.252,3.126,0.3368101788,0.1991463927,14.51416115,0.4987342279,-0.285684079,0.07359433002,FALSE
7.5R,2,16,0.714,0.234,3.126,0.3406797948,0.2281064373,13.35167313,0.5358497199,-0.4245911845,0.06546263973,FALSE
10R,2,2,0.3811,0.3274,3.126,0.3158697215,0.03268168358,26.35436354,0.2549975386,0.1703015484,0.1606323319,TRUE
10R,2,4,0.4481,0.333,3.126,0.3189660993,0.06053209909,26.92011458,0.3020755537,0.1466149007,0.1310930408,TRUE
10R,2,6,0.5095,0.3331,3.126,0.3218323499,0.08526033236,26.98363262,0.3408994349,0.1181766075,0.1022699815,TRUE
10R,2,8,0.5713,0.3259,3.126,0.3250503493,0.1115729756,26.10462061,0.3803316802,0.07165112916,0.07102149987,TRUE
10R,2,10,0.6247,0.312,3.126,0.3283881066,0.1375569707,24.45402904,0.4178538531,-0.01871461827,0.04106332312,FALSE
10R,2,12,0.6732,0.2937,3.126,0.3320099777,0.1649486005,22.58300817,0.4560852272,-0.1325266479,0.01276196722,FALSE
10R,2,14,0.7165,0.2734,3.126,0.3358431525,0.1934135221,20.79585321,0.4946354296,-0.2610654554,-0.009219543622,FALSE
10R,2,16,0.752,0.254,3.126,0.3395609736,0.2206490711,19.25537238,0.530623288,-0.3937404259,-0.0251541724,FALSE
2.5YR,2,2,0.3852,0.3365,3.126,0.3155508794,0.03198055297,34.06363587,0.2526590596,0.1721744519,0.1527010744,TRUE
2.5YR,2,4,0.4598,0.3508,3.126,0.3184158237,0.05970059307,35.47217153,0.2986838506,0.1505284676,0.1121464143,TRUE
2.5YR,2,6,0.528,0.3581,3.126,0.3209984549,0.08355496496,36.33088698,0.335443608,0.1259074047,0.06769449318,TRUE
2.5YR,2,8,0.5995,0.359,3.126,0.3238555526,0.1085900537,36.8210786,0.3723512058,0.08896465167,0.0006741105376,TRUE
2.5YR,2,10,0.659,0.35,3.126,0.3267628467,0.1318801016,35.89852244,0.4063904767,0.02356095669,-0.04881038988,FALSE
2.5YR,2,12,0.718,0.34,3.126,0.3296951695,0.155402626,36.18508319,0.4393048221,-0.06758266429,-0.099316966,FALSE
2.5YR,2,14,0.779,0.323,3.126,0.333303182,0.1831490869,36.37612243,0.4775114017,-0.1862605168,-0.1484409277,FALSE
2.5YR,2,16,0.824,0.309,3.126,0.3361965575,0.2054484969,37.45403489,0.5070543874,-0.2869467128,-0.1868394973,FALSE
5YR,2,2,0.388,0.3476,3.126,0.3150699814,0.03103716628,44.13188432,0.2481391433,0.1750365747,0.1438374762,TRUE
5YR,2,4,0.4674,0.3738,3.126,0.3174493417,0.05791821972,46.96514872,0.2899720518,0.1575387824,0.08978155112,TRUE
5YR,2,6,0.5426,0.3925,3.126,0.3195964517,0.08145581784,49.24873167,0.3231962309,0.1385379236,0.01358873918,TRUE
5YR,2,8,0.62,0.406,3.126,0.3217967969,0.1053506129,51.82728635,0.3540873833,0.1145711818,-0.07100048139,FALSE
5YR,2,10,0.684,0.415,3.126,0.323550959,0.125944477,55.10011541,0.3772348164,0.09022179738,-0.1351201342,FALSE
7.5YR,2,2,0.3889,0.359,3.126,0.3145046948,0.03039927738,55.27761964,0.2420853548,0.178372746,0.135492228,TRUE
7.5YR,2,4,0.469,0.3964,3.126,0.3163503313,0.05670115737,58.81964815,0.2784645693,0.1652189902,0.06909028404,TRUE
7.5YR,2,6,0.5475,0.4271,3.126,0.3180331413,0.08081584935,62.11614575,0.3073680309,0.1514828012,-0.02900303214,FALSE
7.5YR,2,8,0.62,0.456,3.126,0.3193045618,0.1038082725,67.09023593,0.3281883041,0.1396573965,-0.113768784,FALSE
10YR,2,2,0.3872,0.3688,3.126,0.3139197753,0.03001179751,65.96476731,0.2350212475,0.181777044,0.1292857815,TRUE
10YR,2,4,0.4676,0.4168,3.126,0.3153292334,0.05692984988,69.50129092,0.2669387787,0.1719813302,0.05000885058,TRUE
10YR,2,6,0.545,0.458,3.126,0.3165634429,0.08176946976,73.161471,0.2910268288,0.1625667555,-0.05618175964,FALSE
10YR,2,8,0.612,0.493,3.126,0.3174718999,0.1050444218,77.47490951,0.3075379144,0.1551031366,-0.1339754871,FALSE
2.5Y,2,2,0.3825,0.3785,3.126,0.3132156886,0.02990333181,78.1075266,0.2256407639,0.1857820711,0.1243553865,TRUE
2.5Y,2,4,0.4627,0.4392,3.126,0.3141632794,0.05850851549,80.87641021,0.2527843058,0.1792842207,0.02878100173,TRUE
2.5Y,2,6,0.538,0.486,3.126,0.3151981798,0.08385446868,82.55955293,0.2747340697,0.1720144057,-0.07430883636,FALSE
2.5Y,2,8,0.604,0.526,3.126,0.315983148,0.1085286151,85.62885121,0.2899719476,0.1662379929,-0.1490058464,FALSE
5Y,2,2,0.3757,0.3839,3.126,0.3126271834,0.02963135335,87.66828687,0.2168446221,0.189054538,0.1232620907,TRUE
5Y,2,4,0.4543,0.4573,3.126,0.3131098918,0.06040300418,90.10930959,0.2388678505,0.1855275456,0.0160232504,TRUE
5Y,2,6,0.526,0.519,3.126,0.3136095157,0.08787854946,92.52841077,0.2545014209,0.1820949881,-0.09055405089,FALSE
7.5Y,2,2,0.366,0.3858,3.126,0.3120553628,0.02879571829,96.93804607,0.2071955296,0.1921696069,0.1256636723,TRUE
7.5Y,2,4,0.4401,0.4723,3.126,0.311992007,0.06197815562,98.96435627,0.2225837356,0.191808046,0.01172319257,TRUE
7.5Y,2,6,0.51,0.547,3.126,0.3121779097,0.09180094395,100.4668506,0.2347142317,0.1904461511,-0.09896173902,FALSE
10Y,3,2,0.3513,0.3789,6.55,0.3987400901,0.03256965641,105.677064,0.2882624925,0.2847351561,0.2044850051,TRUE
10Y,3,4,0.3961,0.4452,6.55,0.3980947403,0.06381124735,106.6027022,0.2954045509,0.2876263661,0.1141079402,TRUE
10Y,3,6,0.4345,0.5026,6.55,0.3976710952,0.08959323268,107.6979552,0.2995890955,0.2896012669,-0.02673020703,FALSE
10Y,3,8,0.47,0.555,6.55,0.3973979045,0.1131364667,108.5389234,0.302990708,0.2909273535,-0.1637884311,FALSE
2.5GY,3,2,0.3412,0.3768,6.55,0.3981762807,0.03162709413,114.9367661,0.2760987053,0.2878525198,0.2111854889,TRUE
2.5GY,3,4,0.3772,0.4484,6.55,0.3968699464,0.06460245336,115.6893515,0.2716076611,0.2941957069,0.1242083063,TRUE
2.5GY,3,6,0.4069,0.511,6.55,0.3959545288,0.09113060914,116.5345208,0.2667604752,0.2986640766,-0.001324211913,FALSE
2.5GY,3,8,0.432,0.576,6.55,0.3949694201,0.1172336481,118.1005797,0.2571110512,0.3035242433,-0.1431453988,FALSE
2.5GY,3,10,0.455,0.638,6.55,0.3941918256,0.1415795583,119.0451876,0.2485674954,0.3073661018,-0.2503770328,FALSE
5GY,3,2,0.3319,0.3729,6.55,0.3977533079,0.03051740848,123.1554666,0.2657485968,0.290158719,0.2189612646,TRUE
5GY,3,4,0.3554,0.4429,6.55,0.3958264657,0.063380551,124.4161398,0.2474851678,0.2995559616,0.1436694612,TRUE
5GY,3,6,0.375,0.5109,6.55,0.3942947803,0.0918031768,125.3699779,0.2294411137,0.3068297678,0.0457799616,TRUE
5GY,3,8,0.3924,0.5832,6.55,0.392900533,0.1194325818,126.2381064,0.2093769903,0.3133002329,-0.1019538232,FALSE
5GY,3,10,0.404,0.65,6.55,0.3916976203,0.1433137192,127.1459913,0.1878123097,0.3187515501,-0.2042522288,FALSE
5GY,3,12,0.413,0.718,6.55,0.3905916698,0.1664579083,127.8843052,0.164059668,0.3236502175,-0.2858794048,FALSE
7.5GY,3,2,0.318,0.3644,6.55,0.3972430084,0.02875000696,136.1147495,0.251099332,0.2929076473,0.2326840358,TRUE
7.5GY,3,4,0.327,0.4288,6.55,0.3946730506,0.06144646984,136.0560306,0.2153096658,0.305202746,0.1722904188,TRUE
7.5GY,3,6,0.3333,0.4967,6.55,0.3924750188,0.09126288994,136.3915401,0.1767204312,0.3151283734,0.1044084752,TRUE
7.5GY,3,8,0.3341,0.57,6.55,0.3903545589,0.119994171,137.3227657,0.1244784657,0.3241979821,-0.004592673961,FALSE
7.5GY,3,10,0.3266,0.6448,6.55,0.3882604351,0.1467229761,138.7658394,0.02203475126,0.3326348291,-0.1073296325,FALSE
7.5GY,3,12,0.315,0.72,6.55,0.3863710903,0.1709119618,139.918091,-0.1242795844,0.3398149422,-0.1848336542,FALSE
7.5GY,3,14,0.3,0.793,6.55,0.3846844031,0.1923163981,140.8935375,-0.2542498069,0.3458833868,-0.2424435517,FALSE
10GY,3,2,0.3088,0.3578,6.55,0.3969412105,0.02804742571,145.6262698,0.2412541139,0.2945079623,0.2424796381,TRUE
10GY,3,4,0.3053,0.4123,6.55,0.3939542708,0.05968465621,145.8348306,0.1893907827,0.3085695122,0.1970611431,TRUE
10GY,3,6,0.2992,0.4717,6.55,0.3912670884,0.08936028531,146.0926364,0.1243949857,0.3202390682,0.1494613523,TRUE
10GY,3,8,0.2887,0.5361,6.55,0.3887342314,0.1177448454,146.6688958,-0.007062439492,0.3304518504,0.09528871082,FALSE
10GY,3,10,0.2724,0.6026,6.55,0.3863256855,0.1442865522,147.5969881,-0.1892358843,0.3394753406,0.02082671998,FALSE
10GY,3,12,0.2531,0.67,6.55,0.3841605317,0.1683062327,148.3685592,-0.3497135065,0.3470485531,-0.05666500927,FALSE
10GY,3,14,0.2283,0.7423,6.55,0.3820074334,0.1918001475,149.2267535,-0.506408986,0.3540846536,-0.1199723857,FALSE
10GY,3,16,0.202,0.807,6.55,0.3801557601,0.2113693043,150.0754751,-0.6384557635,0.359747325,-0.1631587478,FALSE
10GY,3,18,0.168,0.88,6.55,0.3781277194,0.2320991978,151.083586,-0.77922546,0.3655521775,-0.2005428578,FALSE
10GY,3,20,0.13,0.948,6.55,0.3761688887,0.2508986922,152.2224656,-0.9113508031,0.3707632509,-0.2251382464,FALSE
10GY,3,22,0.089,1.014,6.55,0.3742608455,0.2685617906,153.3591065,-1.035113317,0.3754954066,-0.2427845504,FALSE
10GY,3,24,0.046,1.078,6.55,0.372412847,0.2852267564,154.4528566,-1.149889239,0.379774214,-0.2555578873,FALSE
2.5G,3,2,0.2999,0.35,6.55,0.3967161464,0.02744087182,155.6443411,0.2321473897,0.2957046066,0.2531341534,TRUE
2.5G,3,4,0.2836,0.3915,6.55,0.3933431979,0.05850759565,157.0086644,0.1602048493,0.3113223193,0.2241207113,TRUE
2.5G,3,6,0.2642,0.4342,6.55,0.3902240339,0.08750552894,157.970247,0.03043237945,0.3243337252,0.1975349254,TRUE
2.5G,3,8,0.2435,0.4752,6.55,0.3874953322,0.1130228507,158.74657,-0.1840568994,0.3347078512,0.1742831762,FALSE
2.5G,3,10,0.217,0.5211,6.55,0.3846010343,0.1399682994,159.7025243,-0.4037372893,0.3447652068,0.1507587872,FALSE
2.5G,3,12,0.1902,0.5642,6.55,0.3820635794,0.1635958194,160.4978838,-0.5879085073,0.3528461986,0.1300677681,FALSE
2.5G,3,14,0.1626,0.6052,6.55,0.3797420988,0.1851058736,161.2495963,-0.7494453044,0.3596730991,0.1115137453,FALSE
2.5G,3,16,0.1341,0.642,6.55,0.377578656,0.2047752914,162.0993843,-0.8946927015,0.3655564961,0.09680205877,FALSE
2.5G,3,18,0.1049,0.6766,6.55,0.37550915,0.2234062066,162.9351378,-1.027755501,0.3707818468,0.08423960548,FALSE
2.5G,3,20,0.072,0.7127,6.55,0.3732960731,0.2431703165,163.8293104,-1.163302708,0.3759574969,0.07248878813,FALSE
2.5G,3,22,0.039,0.7468,6.55,0.3711593243,0.262164098,164.6649112,-1.287210875,0.3805750162,0.06251145455,FALSE
2.5G,3,24,0.009,0.776,6.55,0.3692605776,0.2789688572,165.3892379,-1.391552278,0.3843796435,0.05511784369,FALSE
5G,3,2,0.2935,0.3439,6.55,0.396574701,0.02735968452,163.3388979,0.2255180469,0.2964552574,0.261210933,TRUE
5G,3,4,0.2711,0.378,6.55,0.3930201942,0.05862232535,164.1140838,0.1403325367,0.312725726,0.240612943,TRUE
5G,3,6,0.2471,0.41,6.55,0.3898349609,0.08672170887,165.0459695,-0.04242130786,0.325731347,0.2240684416,FALSE
5G,3,8,0.2228,0.438,6.55,0.3870457373,0.1112646292,166.0493442,-0.2679413102,0.3360280766,0.2119328093,FALSE
5G,3,10,0.1935,0.4682,6.55,0.3840190453,0.1378597712,167.1455284,-0.5012160454,0.3461544307,0.2009525598,FALSE
5G,3,12,0.166,0.4948,6.55,0.3813783251,0.1611041047,168.004257,-0.6936021734,0.354180041,0.1925814074,FALSE
5G,3,14,0.1382,0.5197,6.55,0.378852448,0.1833307888,168.8075689,-0.8680043186,0.361201021,0.1860073385,FALSE
5G,3,16,0.112,0.5414,6.55,0.3765587231,0.2035025817,169.5296037,-1.018100307,0.3670558075,0.1813488504,FALSE
5G,3,18,0.0882,0.5605,6.55,0.3745156346,0.221514819,170.1177394,-1.144645438,0.371886055,0.1777312685,FALSE
5G,3,20,0.062,0.5802,6.55,0.372289969,0.2411427387,170.7470348,-1.275182902,0.3767507264,0.1747937313,FALSE
5G,3,22,0.034,0.6011,6.55,0.3699171805,0.2621594692,171.3374908,-1.405360431,0.3815224637,0.1719101999,FALSE
5G,3,24,0.004,0.622,6.55,0.3673457664,0.2849653318,171.9595723,-1.536663753,0.3862230076,0.1698952612,FALSE
7.5G,3,2,0.289,0.3391,6.55,0.3965017437,0.02736985598,169.0850839,0.2210499709,0.2968512776,0.2673504308,TRUE
7.5G,3,4,0.2618,0.3667,6.55,0.3928190059,0.05898163697,169.8116495,0.1238424142,0.3135751683,0.253876416,TRUE
7.5G,3,6,0.2346,0.3901,6.55,0.389594929,0.08671110536,170.8910972,-0.0968099233,0.3265252267,0.2449870814,FALSE
7.5G,3,8,0.2088,0.4101,6.55,0.3867657126,0.1111202833,171.7887523,-0.3294223763,0.3367414669,0.2388968874,FALSE
7.5G,3,10,0.18,0.431,6.55,0.3837585217,0.1371757427,172.6187942,-0.5625378595,0.3465486389,0.2336443358,FALSE
7.5G,3,12,0.1516,0.4505,6.55,0.3808898123,0.1621456671,173.3146842,-0.7709566449,0.3549902698,0.2296231262,FALSE
7.5G,3,14,0.1262,0.4667,6.55,0.3783742224,0.1841194446,173.903307,-0.9427439728,0.3617155136,0.2271153188,FALSE
7.5G,3,16,0.1023,0.4818,6.55,0.3760141588,0.20483508,174.368373,-1.093896507,0.3675037804,0.2249807955,FALSE
7.5G,3,18,0.0798,0.4954,6.55,0.3737857688,0.2244646785,174.7834876,-1.228185638,0.3725302861,0.2234784898,FALSE
7.5G,3,20,0.0568,0.5082,6.55,0.3714769857,0.2448604759,175.2205682,-1.359028502,0.3773075569,0.222727421,FALSE
7.5G,3,22,0.0332,0.5206,6.55,0.3690464807,0.2664136176,175.6543244,-1.487425743,0.3818980553,0.2224558196,FALSE
7.5G,3,24,0.006,0.534,6.55,0.3661252671,0.2924337496,176.1376076,-1.629231365,0.3868597305,0.2227065576,FALSE
10G,3,2,0.2844,0.3337,6.55,0.3964542775,0.02745398876,175.3181064,0.2167093994,0.2971239683,0.2740874513,TRUE
10G,3,4,0.2525,0.3537,6.55,0.3926844469,0.05944303365,176.079114,0.1059686507,0.3141200108,0.2686315044,TRUE
10G,3,6,0.224,0.3699,6.55,0.389498448,0.08666976211,176.7316908,-0.1406656898,0.3267407685,0.2655449836,FALSE
10G,3,8,0.197,0.3841,6.55,0.386568158,0.1118710241,177.2852049,-0.3847901676,0.3371237089,0.2637464836,FALSE
10G,3,10,0.1688,0.3974,6.55,0.383560067,0.1379024491,177.8736684,-0.6201155686,0.3466890382,0.2631786431,FALSE
10G,3,12,0.1411,0.4095,6.55,0.3805936012,0.163740802,178.3861989,-0.8362597034,0.3551472954,0.2633813488,FALSE
10G,3,14,0.1161,0.4192,6.55,0.3778736308,0.1875813211,178.8487589,-1.020990343,0.3621210508,0.2644505425,FALSE
10G,3,16,0.0925,0.4275,6.55,0.3752254375,0.2109320642,179.2617047,-1.188265668,0.3682531521,0.2660272571,FALSE
10G,3,18,0.0718,0.434,6.55,0.3728043496,0.2324017027,179.6132635,-1.330491481,0.3733313472,0.2679036963,FALSE
10G,3,20,0.0528,0.4393,6.55,0.3704674886,0.2532339892,179.9270951,-1.458175351,0.3777868792,0.2700286816,FALSE
10G,3,22,0.0333,0.4444,6.55,0.3679198833,0.2760586713,180.2176593,-1.586575036,0.3821873929,0.2723709549,FALSE
10G,3,24,0.009,0.45,6.55,0.364453631,0.3072993719,180.5548752,-1.74392007,0.3874619689,0.2756953787,FALSE
2.5BG,3,2,0.2799,0.3271,6.55,0.3964878097,0.02725229623,182.5181318,0.2135164143,0.2970094955,0.2819197861,TRUE
2.5BG,3,4,0.2437,0.3386,6.55,0.3926887848,0.05968333917,183.0907426,0.08907868711,0.3140627978,0.2852094633,TRUE
2.5BG,3,6,0.2132,0.3468,6.55,0.3894917341,0.08726847601,183.5515138,-0.1853752685,0.3265616922,0.2890722879,FALSE
2.5BG,3,8,0.1845,0.3531,6.55,0.3864354773,0.1139053441,183.9857321,-0.4478150596,0.3371403758,0.2936946346,FALSE
2.5BG,3,10,0.1552,0.358,6.55,0.3832041365,0.1423606861,184.4183966,-0.7054026093,0.3470322678,0.2994413404,FALSE
2.5BG,3,12,0.1288,0.362,6.55,0.3801084561,0.1698263245,184.6602117,-0.9315599957,0.355413985,0.304722394,FALSE
2.5BG,3,14,0.1051,0.3648,6.55,0.3771354255,0.1964134323,184.8426943,-1.13086039,0.3625501562,0.3099209181,FALSE
2.5BG,3,16,0.0843,0.3667,6.55,0.374315829,0.2217976372,184.9655834,-1.303875021,0.3685707479,0.3147865047,FALSE
2.5BG,3,18,0.0648,0.3682,6.55,0.3714331061,0.2478869974,185.0305725,-1.464883015,0.3740487644,0.3194497229,FALSE
2.5BG,3,20,0.0482,0.3695,6.55,0.3687453857,0.2723024049,185.0314908,-1.600872635,0.3786019797,0.3233086949,FALSE
2.5BG,3,22,0.032,0.37,6.55,0.3658295325,0.2989543404,185.0401593,-1.734385119,0.3829576683,0.3276098286,FALSE
2.5BG,3,24,0.012,0.371,6.55,0.3617203651,0.3366194701,184.9569657,-1.897693501,0.3882286462,0.3325081471,FALSE
5BG,3,2,0.2742,0.3192,6.55,0.3965021418,0.02789311865,191.2624034,0.2087307638,0.296997955,0.2914954832,TRUE
5BG,3,4,0.2343,0.32,6.55,0.392828042,0.06041623812,191.7823015,0.07007678893,0.3134195446,0.305589753,TRUE
5BG,3,6,0.202,0.3188,6.55,0.3896701068,0.088841617,192.0288812,-0.2300411566,0.3255976837,0.3181234363,FALSE
5BG,3,8,0.1703,0.3159,6.55,0.386306764,0.1195619432,192.167142,-0.531996027,0.3368726591,0.3315670818,FALSE
5BG,3,10,0.141,0.3118,6.55,0.38283187,0.1516814837,192.1554768,-0.8156567875,0.3469211287,0.3449802867,FALSE
5BG,3,12,0.1158,0.3071,6.55,0.3794227195,0.1834950227,192.0336691,-1.066273278,0.3553965228,0.3574230888,FALSE
5BG,3,14,0.094,0.3027,6.55,0.3760031202,0.2154981756,191.7573805,-1.289771981,0.362719862,0.3683971693,FALSE
5BG,3,16,0.0735,0.2979,6.55,0.3722155582,0.2510912125,191.3936342,-1.507288655,0.3696127373,0.3793006005,FALSE
5BG,3,18,0.058,0.294,6.55,0.368811455,0.28311903,191.017719,-1.677173746,0.374862495,0.3877948496,FALSE
5BG,3,20,0.043,0.291,6.55,0.3649082895,0.3196307058,190.4871729,-1.84342301,0.3799900815,0.3952241424,FALSE
5BG,3,22,0.028,0.286,6.55,0.3598668147,0.3672336931,189.9378078,-2.020883918,0.3851737717,0.4047021773,FALSE
7.5BG,3,2,0.2699,0.312,6.55,0.3965948572,0.02840398355,198.971725,0.2061698364,0.2966020221,0.2999722902,TRUE
7.5BG,3,4,0.2272,0.3041,6.55,0.3930529462,0.06163723417,199.2936675,0.05516631249,0.3124176729,0.323260576,TRUE
7.5BG,3,6,0.1928,0.2958,6.55,0.389835586,0.09236005888,199.0597715,-0.2730568273,0.3246660488,0.3433845922,FALSE
7.5BG,3,8,0.162,0.2872,6.55,0.3865033666,0.124446667,198.5247027,-0.5834523026,0.3355487274,0.3623548083,FALSE
7.5BG,3,10,0.1326,0.2784,6.55,0.382705454,0.1610414628,197.6821943,-0.8975739846,0.3460702168,0.3810227523,FALSE
7.5BG,3,12,0.1086,0.2706,6.55,0.3789482071,0.1972631658,196.8077011,-1.169713066,0.3548036645,0.3969759411,FALSE
7.5BG,3,14,0.0874,0.2627,6.55,0.3748733035,0.2366697512,195.9263298,-1.425486368,0.3626508094,0.4123149112,FALSE
7.5BG,3,16,0.0691,0.2559,6.55,0.3704398186,0.2792421514,194.9359862,-1.658915358,0.3696389902,0.4257039137,FALSE
7.5BG,3,18,0.053,0.249,6.55,0.3653277662,0.3283249356,193.9095674,-1.878358495,0.3759459558,0.4387435426,FALSE
7.5BG,3,20,0.039,0.242,6.55,0.359037267,0.3885700125,192.7724665,-2.084160446,0.3816164898,0.4515237037,FALSE
10BG,3,2,0.266,0.305,6.55,0.3967146429,0.02921323458,206.2910926,0.2042145845,0.2960747661,0.3082106031,TRUE
10BG,3,4,0.2221,0.2886,6.55,0.3934892614,0.06244076922,206.9193752,0.05305655578,0.3105289872,0.3405041686,TRUE
10BG,3,6,0.1861,0.2722,6.55,0.3903691989,0.09541971959,206.5292684,-0.2938395493,0.3223203898,0.3701259975,FALSE
10BG,3,8,0.1551,0.2571,6.55,0.3870045427,0.1307352367,205.3605832,-0.628203329,0.3330132845,0.3972717573,FALSE
10BG,3,10,0.125,0.2411,6.55,0.3827666913,0.1749210941,203.7357705,-0.99320049,0.3440070678,0.4261324904,FALSE
10BG,3,12,0.1018,0.2281,6.55,0.3783536381,0.220198189,202.027784,-1.31055206,0.3531161059,0.4501893164,FALSE
10BG,3,14,0.0798,0.2151,6.55,0.3724394376,0.279779398,199.9234877,-1.649131628,0.3624104452,0.4749999723,FALSE
10BG,3,16,0.065,0.206,6.55,0.36656891,0.3377425638,198.0734013,-1.902619494,0.369119247,0.4929791089,FALSE
10BG,3,18,0.053,0.199,6.55,0.3593687458,0.4071759883,196.070674,-2.122881982,0.3748998915,0.5075145447,FALSE
2.5B,3,2,0.2636,0.2983,6.55,0.3969588805,0.02942712401,213.6685496,0.2055730054,0.2949425183,0.3157072561,TRUE
2.5B,3,4,0.2183,0.2748,6.55,0.3940019974,0.0635537222,214.0085702,0.05765207222,0.3083092067,0.3562622649,TRUE
2.5B,3,6,0.1826,0.2536,6.55,0.3910972435,0.09752798204,212.8873841,-0.2913846762,0.3192834541,0.3921841615,FALSE
2.5B,3,8,0.1511,0.2331,6.55,0.3877327103,0.1364794884,211.073166,-0.6523838839,0.3297380979,0.4277467767,FALSE
2.5B,3,10,0.122,0.2132,6.55,0.3833325362,0.1857158173,208.4940547,-1.047932969,0.3405469965,0.464231325,FALSE
2.5B,3,12,0.0989,0.1963,6.55,0.3781172898,0.2421669325,205.7416031,-1.421591482,0.3501403403,0.4971849472,FALSE
2.5B,3,14,0.08,0.18,6.55,0.3712115061,0.3153002686,202.797808,-1.790795031,0.3587232228,0.5306443709,FALSE
2.5B,3,16,0.065,0.17,6.55,0.3614760045,0.410516091,199.1400316,-2.113847265,0.3667479461,0.5539299561,FALSE
5B,3,2,0.2617,0.2921,6.55,0.3972253835,0.02983012654,220.6810323,0.2076818734,0.2936943906,0.322635467,TRUE
5B,3,4,0.2176,0.2632,6.55,0.3947639458,0.06308967242,221.1464278,0.08098266489,0.3050180643,0.3692010349,TRUE
5B,3,6,0.1835,0.2375,6.55,0.3923779224,0.09625903131,220.0044363,-0.2381406707,0.3141689352,0.411324074,FALSE
5B,3,8,0.1527,0.2119,6.55,0.3894397671,0.1364380429,217.844784,-0.6039078139,0.3232629846,0.4559526214,FALSE
5B,3,10,0.1259,0.1879,6.55,0.3855802998,0.1864953835,214.7704976,-1.00342013,0.332365823,0.5019269946,FALSE
5B,3,12,0.1042,0.1681,6.55,0.3803830663,0.2481003,210.927062,-1.411407656,0.3412481845,0.5445469321,FALSE
5B,3,14,0.086,0.15,6.55,0.3722759501,0.3373798959,206.2739202,-1.845089754,0.3498884948,0.5880918736,FALSE
5B,3,16,0.071,0.137,6.55,0.3550075275,0.5062500262,199.4458233,-2.270503121,0.3588030142,0.6239768155,FALSE
7.5B,3,2,0.2616,0.2857,6.55,0.3976924523,0.02942481585,229.5821287,0.2145821813,0.2914505899,0.329220036,TRUE
7.5B,3,4,0.22,0.2536,6.55,0.3957977507,0.06095325694,229.1764343,0.1149368356,0.3004815347,0.3793060168,TRUE
7.5B,3,6,0.1875,0.2258,6.55,0.3939038055,0.09277559867,227.3087855,-0.1491796618,0.3080239014,0.4250208661,FALSE
7.5B,3,8,0.1583,0.1987,6.55,0.3915400322,0.1311377707,224.4908369,-0.4973495743,0.3155581322,0.4736870572,FALSE
7.5B,3,10,0.1343,0.1756,6.55,0.3885153187,0.1755006757,220.8337227,-0.8634068734,0.3229627666,0.5203723493,FALSE
7.5B,3,12,0.1131,0.1542,6.55,0.3840441768,0.2347154619,216.2833875,-1.279802643,0.330754794,0.5695891974,FALSE
7.5B,3,14,0.095,0.136,6.55,0.3766282346,0.3204439011,210.547773,-1.738630919,0.3391239097,0.6180533432,FALSE
7.5B,3,16,0.083,0.123,6.55,0.3651857248,0.4394213746,204.5782511,-2.126315232,0.3455691204,0.6573060501,FALSE
10B,3,2,0.2631,0.2801,6.55,0.3982721038,0.02870486793,239.5839309,0.2245087233,0.2886004617,0.3345056838,TRUE
10B,3,4,0.2246,0.2467,6.55,0.3969255303,0.05803324119,237.6672707,0.1483945481,0.2953793791,0.3858215125,TRUE
10B,3,6,0.1933,0.2173,6.55,0.3955222543,0.08846937881,235.0187695,-0.03764438334,0.301289147,0.4345163072,FALSE
10B,3,8,0.1658,0.1905,6.55,0.3937121658,0.123658652,231.3360435,-0.3588968473,0.3073971507,0.4840827286,FALSE
10B,3,10,0.1432,0.1675,6.55,0.3914207274,0.163497305,227.2314643,-0.6982214132,0.3132814377,0.5323112022,FALSE
10B,3,12,0.1228,0.146,6.55,0.3879364946,0.2162993269,222.1955038,-1.096823467,0.319674631,0.5842485477,FALSE
10B,3,14,0.1065,0.1285,6.55,0.3827369022,0.2838332373,216.5997281,-1.512455833,0.326010467,0.6334528546,FALSE
10B,3,16,0.095,0.115,6.55,0.3753100787,0.3697598535,211.00903,-1.890830866,0.3309771165,0.6768840264,FALSE
10B,3,18,0.084,0.1,6.55,0.3151827739,0.9375534011,193.7997293,-2.376473761,0.3358660669,0.7325790075,FALSE
2.5PB,3,2,0.2663,0.2756,6.55,0.3989473524,0.02783483158,250.9540448,0.2370333112,0.285184948,0.3380924417,TRUE
2.5PB,3,4,0.2312,0.2405,6.55,0.398270507,0.05513726298,248.4377436,0.1830420313,0.2890313449,0.3909932008,TRUE
2.5PB,3,6,0.2022,0.2101,6.55,0.3975445779,0.08313388137,245.3127031,0.09628341291,0.2924211659,0.4415420333,TRUE
2.5PB,3,8,0.178,0.1833,6.55,0.396730225,0.1130259566,241.9642542,-0.1330528267,0.2952813425,0.4917501734,FALSE
2.5PB,3,10,0.1576,0.16,6.55,0.3956451704,0.1460628871,238.066398,-0.4121465222,0.2979738477,0.541912207,FALSE
2.5PB,3,12,0.1398,0.1395,6.55,0.3939695976,0.1852957413,233.3538249,-0.7315310028,0.3009106829,0.5933338819,FALSE
2.5PB,3,14,0.1251,0.1218,6.55,0.3915298941,0.2324780467,228.2537038,-1.076917579,0.3034844969,0.645234894,FALSE
2.5PB,3,16,0.113,0.107,6.55,0.3876288883,0.2925550195,222.508631,-1.447937699,0.3060296039,0.6962039791,FALSE
2.5PB,3,18,0.102,0.093,6.55,0.379437284,0.3940163891,214.791575,-1.892863606,0.3085344485,0.7531288937,FALSE
2.5PB,3,20,0.095,0.083,6.55,0.3570853793,0.6153223139,203.8746823,-2.27085047,0.3095045223,0.8006310901,FALSE
2.5PB,3,22,0.088,0.073,6.55,0.2999578121,1.171082187,193.8750034,-2.752395379,0.3107351585,0.8562599194,FALSE
5PB,3,2,0.2708,0.2719,6.55,0.3996966057,0.02742091816,263.8658761,0.2511791761,0.281273444,0.3403971422,TRUE
5PB,3,4,0.2393,0.2361,6.55,0.3996505036,0.0530227179,260.3493975,0.2152232677,0.2821641926,0.3935441667,TRUE
5PB,3,6,0.2122,0.2052,6.55,0.3995219875,0.07913515462,256.4585468,0.1638492193,0.283117706,0.4451171819,TRUE
5PB,3,8,0.1908,0.1799,6.55,0.3993957802,0.1045056657,253.0154092,0.08419255217,0.2835180917,0.493017828,TRUE
5PB,3,10,0.1718,0.1562,6.55,0.3992783042,0.1330757135,249.4877101,-0.120986174,0.2830610699,0.5445376001,FALSE
5PB,3,12,0.1557,0.1356,6.55,0.398998662,0.1643820523,245.5311854,-0.3664619605,0.2820976461,0.5969927876,FALSE
5PB,3,14,0.1431,0.1184,6.55,0.3986138976,0.1974748861,241.6692735,-0.6150004937,0.2800113685,0.6483354909,FALSE
5PB,3,16,0.1318,0.1024,6.55,0.3977621207,0.2387080659,237.0083659,-0.9085349562,0.2768182629,0.704968511,FALSE
5PB,3,18,0.1228,0.0895,6.55,0.3960585614,0.2865191468,231.8536191,-1.217820867,0.2731816851,0.759443975,FALSE
5PB,3,20,0.117,0.08,6.55,0.3939444624,0.3348402324,227.4336277,-1.477585255,0.2681424681,0.8061409368,FALSE
5PB,3,22,0.112,0.072,6.55,0.3898944507,0.3986738059,222.0961341,-1.754440835,0.2629955906,0.8515479037,FALSE
5PB,3,24,0.107,0.064,6.55,0.3778897709,0.5344549488,213.0846469,-2.10051031,0.2563932562,0.9041749698,FALSE
5PB,3,26,0.104,0.059,6.55,0.3222632396,1.048759033,197.4653461,-2.357955605,0.2508771451,0.9416893324,FALSE
5PB,3,28,0.102,0.054,6.55,0.3133901933,1.167566402,196.5982678,-2.606208696,0.2410126103,0.9832495098,FALSE
5PB,3,30,0.099,0.05,6.55,0.3074864185,1.257117663,196.1753625,-2.926542909,0.2362125243,1.021152401,FALSE
5PB,3,32,0.097,0.045,6.55,0.3047784031,1.334642646,196.200166,-3.287622984,0.2216217297,1.073822278,FALSE
5PB,3,34,0.095,0.042,6.55,0.3029677098,1.388292743,196.2004564,-3.604029362,0.2142540311,1.109859629,FALSE
5PB,3,36,0.094,0.04,6.55,0.3024065485,1.420895698,196.261384,-3.815743878,0.2068542271,1.135715184,FALSE
5PB,3,38,0.092,0.037,6.55,0.3015047388,1.475265391,196.3417264,-4.217728487,0.1964586427,1.178294897,FALSE
5PB,3,40,0.091,0.034,6.55,0.3020265651,1.523628221,196.535313,-4.600332969,0.1764555675,1.225314283,FALSE
5PB,3,42,0.09,0.032,6.55,0.302377336,1.560621142,196.6532018,-4.92724509,0.1619762707,1.260169031,FALSE
5PB,3,44,0.089,0.03,6.55,0.3030073858,1.599627605,196.7832499,-5.297745495,0.1437313871,1.298169326,FALSE
5PB,3,46,0.088,0.028,6.55,0.3039554132,1.641123773,196.9251081,-5.721174528,0.1194879907,1.339845551,FALSE
5PB,3,48,0.087,0.025,6.55,0.3064966504,1.705586776,197.1917814,-6.421930148,0.04158034154,1.410434586,FALSE
5PB,3,50,0.086,0.022,6.55,0.3101234482,1.779613393,197.4823409,-7.313800937,-0.1244260997,1.49391177,FALSE
7.5PB,3,2,0.2777,0.2687,6.55,0.4006449136,0.02798132544,280.2804019,0.2691877874,0.2761199729,0.3412937218,TRUE
7.5PB,3,4,0.252,0.2319,6.55,0.4015528469,0.05277816008,277.7454237,0.2552963185,0.2720044918,0.3942332384,TRUE
7.5PB,3,6,0.2311,0.201,6.55,0.4026418328,0.07658652947,276.0655115,0.2406933303,0.2667833191,0.4445442235,TRUE
7.5PB,3,8,0.2149,0.1761,6.55,0.4038706046,0.0985507581,274.775094,0.2264396361,0.2605411594,0.4909043528,TRUE
7.5PB,3,10,0.2005,0.1536,6.55,0.4053311825,0.1213825206,273.2845025,0.2092900273,0.2526781665,0.5393561979,TRUE
7.5PB,3,12,0.1903,0.1353,6.55,0.4071518907,0.1426353807,272.8025132,0.1980812537,0.2421447506,0.584667982,TRUE
7.5PB,3,14,0.1824,0.1188,6.55,0.4095435823,0.1645734905,272.9486854,0.1929494457,0.2271800158,0.6318686385,TRUE
7.5PB,3,16,0.1765,0.1048,6.55,0.4123375436,0.1859971803,273.3570458,0.1933251514,0.2078567354,0.6785124067,TRUE
7.5PB,3,18,0.173,0.0948,6.55,0.415016606,0.2033724315,274.0178864,0.1995178069,0.1869943142,0.7166979188,TRUE
7.5PB,3,20,0.1702,0.0867,6.55,0.4176161923,0.2190943727,274.461504,0.2056820337,0.1636776585,0.751666987,TRUE
7.5PB,3,22,0.1677,0.0782,6.55,0.4210343117,0.2375648896,275.1686166,0.2171826028,0.1258309836,0.7931006907,TRUE
7.5PB,3,24,0.1658,0.0711,6.55,0.4245342137,0.2549323835,275.827732,0.2299722597,0.06836710656,0.8324889697,TRUE
7.5PB,3,26,0.1642,0.0655,6.55,0.4277346286,0.2701361907,276.2036979,0.2403623784,-0.02983149425,0.8675121852,FALSE
7.5PB,3,28,0.1632,0.0609,6.55,0.43090271,0.2838834696,276.7442392,0.2529118151,-0.1346197244,0.8992820543,FALSE
7.5PB,3,30,0.1621,0.0556,6.55,0.4351566527,0.301373753,277.374275,0.2693902729,-0.2776470043,0.9401441831,FALSE
7.5PB,3,32,0.1612,0.0511,6.55,0.439397358,0.3178866931,277.9070959,0.2852887702,-0.4229381217,0.9792124293,FALSE
7.5PB,3,34,0.1608,0.048,6.55,0.4428467441,0.3304118257,278.4570425,0.2994807166,-0.5427598666,1.008849231,FALSE
7.5PB,3,36,0.159,0.044,6.55,0.4471493043,0.3474538075,277.9543834,0.3060345086,-0.6975848894,1.051913409,FALSE
7.5PB,3,38,0.158,0.04,6.55,0.4527177011,0.366816562,278.1468681,0.3226382916,-0.900326834,1.100224765,FALSE
7.5PB,3,40,0.158,0.037,6.55,0.4580912658,0.3833878316,279.0008822,0.3449847401,-1.098331728,1.140606943,FALSE
7.5PB,3,42,0.157,0.034,6.55,0.4635206792,0.4009694077,278.8590162,0.3580093814,-1.306349372,1.18639852,FALSE
7.5PB,3,44,0.157,0.031,6.55,0.4706291313,0.4213141732,279.6999875,0.3845382819,-1.581970297,1.237506861,FALSE
7.5PB,3,46,0.157,0.028,6.55,0.4789840961,0.444273663,280.5394209,0.414006768,-1.91665285,1.295994556,FALSE
7.5PB,3,48,0.156,0.025,6.55,0.4880468312,0.469279908,280.3313801,0.4352734398,-2.29775538,1.364606674,FALSE
7.5PB,3,50,0.156,0.022,6.55,0.500110742,0.4994811666,281.1585098,0.4733202975,-2.821322048,1.445012347,FALSE
10PB,3,2,0.2847,0.267,6.55,0.4014700557,0.02957953277,293.9182888,0.2848300448,0.2714310353,0.3405113667,TRUE
10PB,3,4,0.266,0.2319,6.55,0.4031163966,0.05383646111,292.9132014,0.2878599473,0.2628521195,0.3890586088,TRUE
10PB,3,6,0.2511,0.2031,6.55,0.4049430297,0.07664595259,292.6104689,0.2921707699,0.2528663911,0.4340540271,TRUE
10PB,3,8,0.2387,0.1786,6.55,0.406989493,0.09885720215,292.4529683,0.2975951339,0.2410180598,0.4777163694,TRUE
10PB,3,10,0.2278,0.1565,6.55,0.4094134631,0.1219008651,292.3871482,0.3046609491,0.2259097228,0.5230733418,TRUE
10PB,3,12,0.2206,0.1407,6.55,0.4116992587,0.1408617573,292.6394367,0.3128404407,0.2103016791,0.5600749268,TRUE
10PB,3,14,0.2142,0.125,6.55,0.4146625574,0.1625610863,293.26551,0.3253174453,0.1875227854,0.6018504419,TRUE
10PB,3,16,0.2092,0.1118,6.55,0.4178412948,0.1835864418,293.9386288,0.3393389417,0.1586851379,0.6421841356,TRUE
10PB,3,18,0.206,0.102,6.55,0.4208154822,0.2015057221,294.6924633,0.3535027322,0.1249165467,0.6760190205,TRUE
10PB,3,20,0.203,0.093,6.55,0.4240391814,0.2198290739,295.3131185,0.368133825,0.07264501355,0.7110184367,TRUE
10PB,3,22,0.2004,0.0847,6.55,0.4276111799,0.2388535434,295.9565653,0.3842958506,-0.03584001983,0.7473590996,FALSE
10PB,3,24,0.1982,0.0772,6.55,0.4314788894,0.2582287707,296.6052995,0.4016454095,-0.1649474119,0.7843942187,FALSE
10PB,3,26,0.1963,0.0708,6.55,0.4353522722,0.2766367581,297.1362845,0.4183504653,-0.296477438,0.8199901033,FALSE
10PB,3,28,0.195,0.065,6.55,0.4395853314,0.2956505907,297.845257,0.4374301714,-0.4435504988,0.8559607329,FALSE
10PB,3,30,0.1938,0.0599,6.55,0.4438806237,0.3141149254,298.4330933,0.4559468239,-0.5956011411,0.8913789102,FALSE
10PB,3,32,0.1926,0.0542,6.55,0.4495627327,0.3373895522,299.1650723,0.4800867363,-0.8016102288,0.9360509752,FALSE
10PB,3,34,0.1918,0.0503,6.55,0.4540960049,0.3551611596,299.677512,0.4987917301,-0.9698202475,0.9704563443,FALSE
10PB,3,36,0.19,0.046,6.55,0.4594765109,0.3753001273,299.7533234,0.5169605302,-1.171429131,1.013377404,FALSE
10PB,3,38,0.19,0.042,6.55,0.4660565074,0.3991850087,300.7243841,0.5455608573,-1.429825575,1.057562723,FALSE
10PB,3,40,0.189,0.038,6.55,0.4733138961,0.4241387516,301.1670119,0.5721553727,-1.720316115,1.108553892,FALSE
10PB,3,42,0.189,0.034,6.55,0.4824690441,0.4546822082,302.138651,0.6088851658,-2.104086661,1.166900586,FALSE
10PB,3,44,0.188,0.031,6.55,0.4900693365,0.4783533721,302.3538013,0.6342281338,-2.429566167,1.217935796,FALSE
10PB,3,46,0.188,0.028,6.55,0.4995344629,0.507478325,303.0900314,0.6696990834,-2.855062562,1.275629371,FALSE
10PB,3,48,0.188,0.025,6.55,0.5107822988,0.5407186007,303.8279058,0.7105611616,-3.382678093,1.342633226,FALSE
10PB,3,50,0.188,0.022,6.55,0.5244027064,0.5792436363,304.568847,0.7585179835,-4.054188768,1.42189718,FALSE
2.5P,3,2,0.2922,0.268,6.55,0.4020860119,0.03057160821,304.8079789,0.2976793178,0.2677355951,0.3365403733,TRUE
2.5P,3,4,0.2792,0.2342,6.55,0.4042716909,0.05554831551,304.6904513,0.3121848195,0.2554774815,0.3811896128,TRUE
2.5P,3,6,0.2691,0.2072,6.55,0.4065472348,0.07861816443,305.000052,0.3269699099,0.2418228695,0.4213243033,TRUE
2.5P,3,8,0.2615,0.1845,6.55,0.4090686194,0.1012498772,305.813538,0.343889258,0.2253182041,0.4591553864,TRUE
2.5P,3,10,0.2548,0.1638,6.55,0.4119748334,0.1250818746,306.5907779,0.3627734714,0.2041189935,0.4983563064,TRUE
2.5P,3,12,0.2498,0.148,6.55,0.4147213504,0.1459213249,307.2021262,0.3799732357,0.1812216763,0.5323062195,TRUE
2.5P,3,14,0.2449,0.1325,6.55,0.4180051585,0.1691773298,307.7880867,0.3996452996,0.1484048017,0.5701063008,TRUE
2.5P,3,16,0.241,0.1198,6.55,0.4212972101,0.1909605148,308.3183781,0.4187203461,0.1047010909,0.6053124297,TRUE
2.5P,3,18,0.238,0.1094,6.55,0.4245475074,0.2112147654,308.8366307,0.437170671,0.02902709033,0.6377274121,TRUE
2.5P,3,20,0.2354,0.1003,6.55,0.4278944564,0.2310331079,309.3034416,0.4555431821,-0.08624588366,0.6694664205,FALSE
2.5P,3,22,0.2329,0.0911,6.55,0.4319126367,0.2536298268,309.8323001,0.4770587118,-0.2273921063,0.7055008332,FALSE
2.5P,3,24,0.2305,0.0832,6.55,0.4359321249,0.2751418399,310.1999434,0.4973314676,-0.3709241063,0.7405592966,FALSE
2.5P,3,26,0.2286,0.0765,6.55,0.439946961,0.2956533358,310.5735897,0.5172359144,-0.5173865112,0.7738339648,FALSE
2.5P,3,28,0.2268,0.0698,6.55,0.4446591583,0.3186753883,310.9947648,0.540096374,-0.6931806612,0.8111530691,FALSE
2.5P,3,30,0.2252,0.0638,6.55,0.4496071037,0.3417840483,311.3872095,0.5633889939,-0.882104356,0.8488619759,FALSE
2.5P,3,32,0.2242,0.0587,6.55,0.4545957263,0.3642317731,311.8541363,0.5870316342,-1.078253884,0.8846743473,FALSE
2.5P,3,34,0.223,0.0543,6.55,0.4594355156,0.3850930578,312.1484906,0.6085742004,-1.27182349,0.919303555,FALSE
2.5P,3,36,0.222,0.048,6.55,0.4678885201,0.4202283488,312.8232081,0.6468742306,-1.6234446,0.9757043834,FALSE
2.5P,3,38,0.221,0.044,6.55,0.4741695715,0.4449579974,313.1400558,0.673501845,-1.891924524,1.017258502,FALSE
2.5P,3,40,0.22,0.04,6.55,0.4814840696,0.4726352448,313.4668827,0.7037570368,-2.214100432,1.064323272,FALSE
2.5P,3,42,0.22,0.035,6.55,0.4929957935,0.5152469561,314.278866,0.7535896162,-2.75064814,1.132354134,FALSE
2.5P,3,44,0.219,0.032,6.55,0.5008800892,0.5422287506,314.4631971,0.7838311632,-3.12657155,1.180645823,FALSE
2.5P,3,46,0.218,0.028,6.55,0.5136196565,0.5843138489,314.8243992,0.8326762209,-3.763200994,1.255496758,FALSE
5P,3,2,0.2997,0.27,6.55,0.40259375,0.03162280381,314.2087665,0.3087461062,0.2645518561,0.3314474482,TRUE
5P,3,4,0.2928,0.2386,6.55,0.4051659535,0.05710978163,314.8461845,0.3322037655,0.249255653,0.3705183006,TRUE
5P,3,6,0.287,0.2135,6.55,0.4076963763,0.08045283369,315.1903145,0.3535256743,0.2328490982,0.4055854054,TRUE
5P,3,8,0.2819,0.191,6.55,0.4104982319,0.1045044128,315.6300205,0.3758785273,0.2126645717,0.4408328324,TRUE
5P,3,10,0.2772,0.1707,6.55,0.4135929,0.1293848871,316.0317103,0.3990989873,0.1870999247,0.4768418251,TRUE
5P,3,12,0.2739,0.1539,6.55,0.4167952984,0.153411608,316.6313588,0.4225500675,0.1550999823,0.5103427402,TRUE
5P,3,14,0.2707,0.1397,6.55,0.4199794265,0.1761516959,316.9974421,0.4443130589,0.1137176496,0.5424165761,TRUE
5P,3,16,0.268,0.1272,6.55,0.4233258795,0.1988510197,317.3842905,0.4663760831,0.04079926114,0.5740680431,TRUE
5P,3,18,0.2657,0.1163,6.55,0.4267726805,0.2211529797,317.7574632,0.4882881915,-0.08310301449,0.6049674239,FALSE
5P,3,20,0.2639,0.1074,6.55,0.4300566442,0.2415219214,318.0992466,0.508543998,-0.2035441005,0.63300106,FALSE
5P,3,22,0.262,0.0978,6.55,0.4341901904,0.2661082221,318.4942378,0.5332214,-0.3583931091,0.6667530438,FALSE
5P,3,24,0.2602,0.0891,6.55,0.4385857663,0.2911188262,318.8461168,0.5584236631,-0.5268042107,0.7012974575,FALSE
5P,3,26,0.259,0.0822,6.55,0.4426864543,0.3135614117,319.1973646,0.5815305314,-0.6880669276,0.7318748665,FALSE
5P,3,28,0.2579,0.075,6.55,0.4476808686,0.3398919332,319.6118724,0.6090435138,-0.8896963649,0.7675375968,FALSE
5P,3,30,0.2568,0.069,6.55,0.4524723121,0.3641526851,319.9201662,0.6343595708,-1.087612653,0.8010117713,FALSE
5P,3,32,0.2557,0.063,6.55,0.4580284044,0.391234973,320.2392643,0.6628953947,-1.323227282,0.8386139103,FALSE
5P,3,34,0.255,0.056,6.55,0.4659000884,0.428195405,320.7593524,0.7030612925,-1.670752434,0.888761167,FALSE
5P,3,36,0.254,0.051,6.55,0.4724730777,0.4574801419,321.0267009,0.7346435017,-1.969082511,0.9303774745,FALSE
5P,3,38,0.253,0.046,6.55,0.4802113666,0.4905817534,321.3061649,0.7708515172,-2.332266953,0.9779345651,FALSE
5P,3,40,0.252,0.041,6.55,0.4894714699,0.528480433,321.5990865,0.813000634,-2.784032965,1.033117947,FALSE
5P,3,42,0.251,0.036,6.55,0.5007782392,0.5725691529,321.9070358,0.8630070999,-3.361289537,1.098382063,FALSE
7.5P,3,2,0.3088,0.274,6.55,0.4030428028,0.03240933509,324.1998589,0.319713283,0.2615665288,0.3235399809,TRUE
7.5P,3,4,0.3072,0.2448,6.55,0.4058732271,0.05848801285,324.2087718,0.3494107202,0.2438812008,0.3573814757,TRUE
7.5P,3,6,0.3057,0.2208,6.55,0.4086758301,0.08302107729,324.3764421,0.376538957,0.2243452275,0.3883713,TRUE
7.5P,3,8,0.3037,0.1981,6.55,0.4118119016,0.1092558877,324.4410377,0.4045113604,0.199384783,0.4213563053,TRUE
7.5P,3,10,0.302,0.1794,6.55,0.4149124167,0.13395058,324.5962581,0.4305365308,0.1700473436,0.4518395412,TRUE
7.5P,3,12,0.3003,0.1618,6.55,0.4183887256,0.1603843445,324.7899561,0.4581130289,0.1278666784,0.4840948061,TRUE
7.5P,3,14,0.2992,0.1475,6.55,0.4217793433,0.1850145106,325.0726247,0.4839748487,0.06357730151,0.5133973151,TRUE
7.5P,3,16,0.2981,0.1356,6.55,0.4250439734,0.2078466593,325.2845683,0.5076980614,-0.05436231367,0.5406157956,FALSE
7.5P,3,18,0.2969,0.1239,6.55,0.4287600075,0.2328734247,325.491892,0.5335717504,-0.1968740672,0.5704622213,FALSE
7.5P,3,20,0.2961,0.1151,6.55,0.4319951097,0.2539089824,325.689447,0.5554363977,-0.3239085599,0.5952901106,FALSE
7.5P,3,22,0.2953,0.1057,6.55,0.435963061,0.2788633023,325.9277746,0.5814648715,-0.483406752,0.6245946522,FALSE
7.5P,3,24,0.2944,0.0967,6.55,0.4403477358,0.3054435238,326.1449682,0.6091419937,-0.6640006114,0.6560306345,FALSE
7.5P,3,26,0.2938,0.0892,6.55,0.4445932554,0.3303185068,326.3681089,0.6352912101,-0.8437590027,0.6852006496,FALSE
7.5P,3,28,0.293,0.0812,6.55,0.4498104764,0.3597856562,326.5898052,0.6662792952,-1.070432199,0.7201583214,FALSE
7.5P,3,30,0.2922,0.075,6.55,0.454454012,0.3850576954,326.7416484,0.6928713498,-1.277330209,0.7506216261,FALSE
7.5P,3,32,0.292,0.067,6.55,0.4616513878,0.4230278562,327.0938591,0.7339367953,-1.611404697,0.7948287825,FALSE
7.5P,3,34,0.291,0.06,6.55,0.4690494789,0.4600508373,327.2792204,0.7736597656,-1.965144225,0.8402031015,FALSE
7.5P,3,36,0.29,0.054,6.55,0.4765952615,0.4961651633,327.4315195,0.8128062051,-2.339101089,0.8852464916,FALSE
7.5P,3,38,0.289,0.048,6.55,0.4856554141,0.5376766762,327.6004421,0.8585070245,-2.806547168,0.9376177827,FALSE
10P,3,2,0.317,0.279,6.55,0.4033016041,0.03254947296,332.6003626,0.3275301798,0.2596937756,0.3149271373,TRUE
10P,3,4,0.3214,0.2517,6.55,0.4064283719,0.0599595927,332.5069606,0.363766356,0.2393138688,0.3435856754,TRUE
10P,3,6,0.3243,0.2293,6.55,0.4093846691,0.08511795698,332.3557631,0.3949554207,0.2173722619,0.3698595218,TRUE
10P,3,8,0.3269,0.2075,6.55,0.4127468272,0.1127847657,332.3216795,0.4279281365,0.1880169976,0.3982989679,TRUE
10P,3,10,0.3286,0.1889,6.55,0.4160677643,0.1392368749,332.258723,0.4582597021,0.1519495392,0.4255455787,TRUE
10P,3,12,0.3301,0.1715,6.55,0.4197042726,0.1672183417,332.2684671,0.4896740334,0.09598788633,0.4540204897,TRUE
10P,3,14,0.3309,0.1572,6.55,0.4231404591,0.1928123984,332.2417026,0.5177120181,-0.01190349952,0.4802895187,FALSE
10P,3,16,0.332,0.1456,6.55,0.4263925646,0.21630174,332.3440701,0.5435314973,-0.1420858136,0.5036112355,FALSE
10P,3,18,0.3329,0.1332,6.55,0.4303468533,0.24402222,332.4273586,0.5735849065,-0.3045647632,0.5313383099,FALSE
10P,3,20,0.3332,0.124,6.55,0.4336519071,0.2665110024,332.4478243,0.5976102979,-0.4435988197,0.5542430587,FALSE
10P,3,22,0.334,0.1146,6.55,0.4375449699,0.2923114646,332.5650766,0.6254555266,-0.6123614788,0.5797416757,FALSE
10P,3,24,0.3341,0.1055,6.55,0.4417562076,0.3193444133,332.5933352,0.6541505014,-0.7989683425,0.6074284325,FALSE
10P,3,26,0.3343,0.0978,6.55,0.4458361235,0.3447933573,332.649962,0.6812847365,-0.9849900557,0.6333115158,FALSE
10P,3,28,0.335,0.088,6.55,0.4519308058,0.3816476611,332.7994137,0.7209896856,-1.273117422,0.6701440289,FALSE
10P,3,30,0.335,0.081,6.55,0.4569302395,0.4107443454,332.8533723,0.7521429372,-1.516376145,0.700180677,FALSE
10P,3,32,0.335,0.072,6.55,0.46450263,0.4532112845,332.9419208,0.7979489105,-1.898639854,0.7442591468,FALSE
10P,3,34,0.335,0.063,6.55,0.4737902628,0.5029473266,333.0523116,0.8522079343,-2.390121765,0.7963618612,FALSE
2.5RP,3,2,0.3272,0.2861,6.55,0.4035264238,0.03273231899,342.7861949,0.3357042071,0.257920971,0.3033325834,TRUE
2.5RP,3,4,0.34,0.2624,6.55,0.406910377,0.06130019203,342.4829582,0.378699162,0.2348320021,0.3237663972,TRUE
2.5RP,3,6,0.3501,0.2425,6.55,0.4100653721,0.08751010384,342.1980534,0.4152288608,0.209623928,0.3428599437,TRUE
2.5RP,3,8,0.3598,0.2233,6.55,0.4134972585,0.1154984561,342.0338309,0.4522860514,0.17626021,0.3630809598,TRUE
2.5RP,3,10,0.3681,0.2054,6.55,0.4170542766,0.1439770394,341.8024475,0.4881627099,0.1304545309,0.3841792287,TRUE
2.5RP,3,12,0.3754,0.1898,6.55,0.4205697987,0.1715534112,341.6717203,0.5218782012,0.0544862664,0.4044025763,TRUE
2.5RP,3,14,0.3818,0.1758,6.55,0.4241078768,0.1987613474,341.5635924,0.554300908,-0.09293297115,0.4244151355,FALSE
2.5RP,3,16,0.3876,0.1629,6.55,0.4277631442,0.2263097911,341.4743973,0.586489152,-0.2525600665,0.4447171406,FALSE
2.5RP,3,18,0.3929,0.1506,6.55,0.431664533,0.255100568,341.3807918,0.6195449285,-0.4289350286,0.4661403095,FALSE
2.5RP,3,20,0.3969,0.1413,6.55,0.434955859,0.2789147921,341.3217604,0.6466031255,-0.5826335496,0.4838599695,FALSE
2.5RP,3,22,0.4018,0.1304,6.55,0.4392894286,0.3096496187,341.2854895,0.6813345397,-0.7920570225,0.5065179723,FALSE
2.5RP,3,24,0.405,0.122,6.55,0.44296609,0.3351417312,341.2086044,0.7097304252,-0.9749762633,0.525992211,FALSE
2.5RP,3,26,0.408,0.114,6.55,0.4468482928,0.3615247886,341.1404563,0.739007519,-1.173892631,0.5462402476,FALSE
2.5RP,3,28,0.414,0.102,6.55,0.4537152572,0.4071400482,341.1790879,0.790147097,-1.543236642,0.5795800473,FALSE
2.5RP,3,30,0.417,0.094,6.55,0.4589055012,0.4404921619,341.1253935,0.8271029973,-1.832838226,0.6053712646,FALSE
5RP,3,2,0.337,0.294,6.55,0.403634258,0.03281892522,352.643968,0.3419276196,0.2568722706,0.2911369805,TRUE
5RP,3,4,0.3586,0.2742,6.55,0.4072256918,0.0626247164,351.8097425,0.3906910195,0.231445446,0.3029187676,TRUE
5RP,3,6,0.3765,0.2569,6.55,0.4105506504,0.08995769173,351.2510951,0.4317674773,0.2031726091,0.3146036525,TRUE
5RP,3,8,0.393,0.2395,6.55,0.4140695684,0.1185997512,350.6398593,0.4720133584,0.1656401408,0.328116231,TRUE
5RP,3,10,0.4073,0.2235,6.55,0.4175441803,0.1465587663,350.1127226,0.5093540441,0.1139445847,0.3421030715,TRUE
5RP,3,12,0.4199,0.2089,6.55,0.4209848189,0.1739063616,349.6792379,0.5445383671,0.01149047729,0.3562396683,TRUE
5RP,3,14,0.4313,0.1944,6.55,0.424652857,0.202678167,349.2061481,0.5802536183,-0.1523527177,0.3721145304,FALSE
5RP,3,16,0.4418,0.1809,6.55,0.428424278,0.2318294752,348.8209721,0.6156298945,-0.327974171,0.3883629393,FALSE
5RP,3,18,0.4503,0.1695,6.55,0.4319045321,0.258336849,348.502294,0.6471648289,-0.4962292307,0.4035206846,FALSE
5RP,3,20,0.4577,0.1593,6.55,0.4352998111,0.2838312132,348.2276261,0.6770702335,-0.6660938229,0.4183369019,FALSE
5RP,3,22,0.467,0.145,6.55,0.4405352044,0.3224053474,347.800384,0.7214932627,-0.938194324,0.4418511054,FALSE
5RP,3,24,0.472,0.136,6.55,0.4441614451,0.3485789459,347.4961559,0.7511375107,-1.133468809,0.458677592,FALSE
5RP,3,26,0.479,0.127,6.55,0.4483554674,0.3784709741,347.3483841,0.7854841721,-1.369767959,0.4759329571,FALSE
7.5RP,3,2,0.345,0.3001,6.55,0.4037456855,0.03368609064,0.08953632133,0.3470054151,0.2558670734,0.2815761207,TRUE
7.5RP,3,4,0.3739,0.2851,6.55,0.407340629,0.06342026568,359.3494548,0.3983001514,0.2297157822,0.2845846262,TRUE
7.5RP,3,6,0.399,0.2708,6.55,0.4107253019,0.09117062577,358.6953333,0.4421696571,0.1997462549,0.2888446493,TRUE
7.5RP,3,8,0.4234,0.2556,6.55,0.414341201,0.1205574262,358.0107531,0.4856441647,0.1585665574,0.2948799363,TRUE
7.5RP,3,10,0.4445,0.2419,6.55,0.4177319363,0.1478732812,357.4849222,0.5241475361,0.1022489168,0.3012594725,TRUE
7.5RP,3,12,0.4654,0.2273,6.55,0.4214709568,0.1777151644,356.9102198,0.5644878121,-0.03430424332,0.3094961146,FALSE
7.5RP,3,14,0.4831,0.214,6.55,0.4250331649,0.2058658173,356.3751744,0.6012348715,-0.2023591461,0.318403823,FALSE
7.5RP,3,16,0.4991,0.2011,6.55,0.4286734451,0.234341854,355.8457926,0.6373707921,-0.3816745582,0.328456124,FALSE
7.5RP,3,18,0.513,0.1893,6.55,0.4322213647,0.261804276,355.3688545,0.6714674529,-0.5638076695,0.3388745037,FALSE
7.5RP,3,20,0.528,0.178,6.55,0.4360311916,0.2909951536,355.0641425,0.7075603598,-0.7689006669,0.3487929472,FALSE
7.5RP,3,22,0.542,0.165,6.55,0.4405757679,0.3253373394,354.5463806,0.7488084976,-1.022867859,0.3632442515,FALSE
10RP,3,2,0.3526,0.3068,6.55,0.4037708155,0.03431920555,7.412490115,0.3507184344,0.2554234907,0.2715986638,TRUE
10RP,3,4,0.3889,0.2969,6.55,0.4073373549,0.06404785139,6.839584462,0.403973706,0.2289276979,0.2654715072,TRUE
10RP,3,6,0.4218,0.2864,6.55,0.4107194184,0.09189395033,6.279654002,0.4498411326,0.1980616317,0.2610414799,TRUE
10RP,3,8,0.4552,0.2741,6.55,0.4143824979,0.1217016788,5.629439643,0.495908742,0.1543238,0.2579526326,TRUE
10RP,3,10,0.4851,0.2618,6.55,0.4179113555,0.1501086998,5.020907383,0.537680444,0.089596289,0.2564305032,TRUE
10RP,3,12,0.5139,0.2489,6.55,0.4215861823,0.1793961745,4.42711702,0.5791137171,-0.06269308979,0.256125969,FALSE
10RP,3,14,0.538,0.2369,6.55,0.4249878786,0.2062441977,3.848401596,0.6158546141,-0.230190683,0.2574239677,FALSE
10RP,3,16,0.5628,0.2241,6.55,0.4287582479,0.2357378975,3.298827832,0.6552931506,-0.4251974096,0.2595193629,FALSE
10RP,3,18,0.584,0.212,6.55,0.4323982158,0.2639402068,2.738316026,0.6920797799,-0.6222205074,0.2631750091,FALSE
10RP,3,20,0.602,0.2,6.55,0.4360587656,0.2920380121,2.088376187,0.7277943535,-0.8283413776,0.269208575,FALSE
2.5R,3,2,0.3591,0.313,6.55,0.4037528296,0.03494252528,13.76502549,0.3533023141,0.2553016674,0.2626098754,TRUE
2.5R,3,4,0.4021,0.3076,6.55,0.4073050097,0.06501325277,13.29258766,0.4082356072,0.2285001727,0.2482683258,TRUE
2.5R,3,6,0.4409,0.3009,6.55,0.4105726019,0.09220352207,12.89107161,0.4541259702,0.1981256632,0.2359195606,TRUE
2.5R,3,8,0.4821,0.2918,6.55,0.4141873156,0.1217868902,12.39821826,0.5012289343,0.1540702874,0.2234974196,TRUE
2.5R,3,10,0.5191,0.2811,6.55,0.4177188566,0.1501817218,11.70641317,0.5442643011,0.08726613359,0.2139012172,TRUE
2.5R,3,12,0.5536,0.2691,6.55,0.4213255281,0.1787685567,10.9451837,0.5859503299,-0.06730155657,0.2063232985,FALSE
2.5R,3,14,0.5828,0.2579,6.55,0.4246161215,0.2045640266,10.32220623,0.6225294341,-0.2331448769,0.2004776381,FALSE
2.5R,3,16,0.6116,0.2456,6.55,0.4281794877,0.2322040446,9.656357617,0.6607859711,-0.4214256805,0.1957629352,FALSE
2.5R,3,18,0.64,0.232,6.55,0.4321251175,0.2624862802,8.912066609,0.7017393162,-0.6402648525,0.1927206433,FALSE
2.5R,3,20,0.667,0.217,6.55,0.4365237972,0.2958870071,8.024492057,0.7458136374,-0.8965554706,0.1927881451,FALSE
5R,3,2,0.3645,0.319,6.55,0.4036710946,0.03530515087,19.60877749,0.3545922491,0.2556344589,0.2543117067,TRUE
5R,3,4,0.4148,0.319,6.55,0.4071808497,0.06587414099,19.79325867,0.4110092653,0.2288514207,0.2304282004,TRUE
5R,3,6,0.4592,0.3168,6.55,0.4102609216,0.09209489965,19.82892017,0.4559257736,0.1999554768,0.2090859123,TRUE
5R,3,8,0.5064,0.3114,6.55,0.4136715547,0.1203680826,19.51971159,0.5018681361,0.1586522237,0.1865075455,TRUE
5R,3,10,0.55,0.3024,6.55,0.4171577286,0.1484096946,18.71595897,0.5454534686,0.09514578475,0.1668764025,TRUE
5R,3,12,0.5884,0.2904,6.55,0.4206995182,0.1761758296,17.53040292,0.5869772614,-0.05085489346,0.1518562397,FALSE
5R,3,14,0.6204,0.2789,6.55,0.4239112128,0.2010319382,16.59558908,0.6231457758,-0.2137729094,0.1392483723,FALSE
5R,3,16,0.652,0.266,6.55,0.427406168,0.2277626013,15.654268,0.6611619245,-0.3996002119,0.1270059723,FALSE
5R,3,18,0.682,0.251,6.55,0.4313090505,0.2572329829,14.49545728,0.701997355,-0.6169224515,0.1182365812,FALSE
5R,3,20,0.71,0.234,6.55,0.435725826,0.2902395917,13.12145027,0.7465230059,-0.8751696136,0.1147635965,FALSE
7.5R,3,2,0.369,0.3248,6.55,0.4035436408,0.03551190361,25.12036029,0.3549200652,0.2562973162,0.246620254,TRUE
7.5R,3,4,0.424,0.3302,6.55,0.4068555378,0.06552012617,25.96978874,0.4102813178,0.2309601652,0.2143430149,TRUE
7.5R,3,6,0.4738,0.3316,6.55,0.4098528761,0.09173906006,26.12387157,0.4553253755,0.2030134011,0.1845211426,TRUE
7.5R,3,8,0.5251,0.3297,6.55,0.4130236093,0.1185969573,26.05694708,0.4992958822,0.1654907744,0.1515857394,TRUE
7.5R,3,10,0.573,0.324,6.55,0.4162214794,0.1447095215,25.60986582,0.540553478,0.1118724382,0.1176623081,TRUE
7.5R,3,12,0.6158,0.3129,6.55,0.4196502074,0.1714377577,24.28562487,0.581612285,-0.0105573141,0.0867808538,FALSE
7.5R,3,14,0.6492,0.3012,6.55,0.4227088998,0.1947430113,23.02691263,0.61649411,-0.1648451788,0.05925355706,FALSE
7.5R,3,16,0.6817,0.2872,6.55,0.4261063383,0.2202238378,21.6340991,0.6537556841,-0.3439502193,0.02682730106,FALSE
7.5R,3,18,0.714,0.271,6.55,0.4299698191,0.2488589181,20.16194878,0.694688087,-0.5576971685,-0.003957123693,FALSE
7.5R,3,20,0.747,0.251,6.55,0.4347471998,0.2838560015,18.36766344,0.7434584056,-0.8364193898,-0.02672496735,FALSE
10R,3,2,0.3728,0.3314,6.55,0.403311767,0.03532427022,31.4489694,0.3537123737,0.2576527978,0.2384832363,TRUE
10R,3,4,0.4308,0.3412,6.55,0.4064169086,0.06468179742,32.07245377,0.4074463313,0.2340384542,0.1995243471,TRUE
10R,3,6,0.4854,0.3467,6.55,0.4092835137,0.09080634039,32.48474321,0.4520045173,0.2077486588,0.1601980473,TRUE
10R,3,8,0.5393,0.3477,6.55,0.4122284814,0.1164411923,32.45669876,0.4938830921,0.174252453,0.1159413997,TRUE
10R,3,10,0.5871,0.344,6.55,0.4150909531,0.140145867,31.94646495,0.5315808107,0.1309674262,0.06556560304,TRUE
10R,3,12,0.6322,0.3361,6.55,0.4181306145,0.1642482236,31.06781257,0.5691611977,0.05367931735,-0.00624841784,FALSE
10R,3,14,0.6703,0.3249,6.55,0.4211535788,0.1872357397,29.80632922,0.6044780916,-0.0954033739,-0.06184611118,FALSE
10R,3,16,0.703,0.314,6.55,0.4239409493,0.208170193,28.90049052,0.6360227903,-0.2405026641,-0.109215067,FALSE
10R,3,18,0.739,0.302,6.55,0.4270953972,0.2317589237,28.37273649,0.670953436,-0.4123579144,-0.1653187442,FALSE
10R,3,20,0.778,0.286,6.55,0.4310365026,0.2605507214,27.6554025,0.7131013859,-0.6372589701,-0.2236488787,FALSE
2.5YR,3,2,0.3757,0.3391,6.55,0.4029474072,0.03477829842,39.1697715,0.3505610155,0.2598676362,0.2297289365,TRUE
2.5YR,3,4,0.436,0.3563,6.55,0.405607204,0.06268663555,40.85217367,0.3998911094,0.2398923895,0.1811660773,TRUE
2.5YR,3,6,0.4954,0.3692,6.55,0.4081208731,0.0881673034,42.15666452,0.4416411242,0.2177237397,0.1260150252,TRUE
2.5YR,3,8,0.5475,0.3771,6.55,0.4103251677,0.1097622703,43.14836862,0.4752917352,0.1948388486,0.05691234289,TRUE
2.5YR,3,10,0.5941,0.3818,6.55,0.4123156315,0.1288940055,44.12584378,0.5038963211,0.1702988548,-0.04566521603,FALSE
2.5YR,3,12,0.637,0.381,6.55,0.4144396383,0.1475934837,44.19578307,0.5321672791,0.138205312,-0.1288861059,FALSE
2.5YR,3,14,0.674,0.379,6.55,0.4163208633,0.1641098838,44.56959747,0.5562972916,0.1002583463,-0.1982983012,FALSE
2.5YR,3,16,0.708,0.374,6.55,0.4182830635,0.1804676282,44.61683864,0.5803136099,0.03408608448,-0.2567850097,FALSE
5YR,3,2,0.3771,0.3476,6.55,0.4024416951,0.03399764783,48.40760425,0.3451106292,0.2629778112,0.2209624899,TRUE
5YR,3,4,0.4376,0.3715,6.55,0.4046391324,0.0606318293,50.35933948,0.3893348993,0.2467965904,0.1644904013,TRUE
5YR,3,6,0.4966,0.3908,6.55,0.4066757202,0.08463462316,52.08052353,0.4258890075,0.229748834,0.09610196119,TRUE
5YR,3,8,0.5456,0.404,6.55,0.4083354057,0.1038744566,53.53431092,0.4532851212,0.2141161608,-0.00545222141,FALSE
5YR,3,10,0.59,0.414,6.55,0.4098289157,0.1212327244,55.01567255,0.4765022181,0.1984092257,-0.1097608945,FALSE
5YR,3,12,0.629,0.423,6.55,0.4110340964,0.1366513945,57.02834509,0.4947907051,0.1842497577,-0.1977056367,FALSE
7.5YR,3,2,0.3771,0.3549,6.55,0.4019449016,0.03350259267,56.98058025,0.3391580032,0.2660159013,0.2140574856,TRUE
7.5YR,3,4,0.4378,0.3865,6.55,0.4036701062,0.05981232887,60.00597885,0.378123184,0.2534671466,0.1485272304,TRUE
7.5YR,3,6,0.493,0.4116,6.55,0.4051597763,0.08207074063,62.21538059,0.4078732597,0.2415694946,0.06738774685,TRUE
7.5YR,3,8,0.539,0.4306,6.55,0.4063420379,0.1001824678,64.21390979,0.4297012461,0.2313434427,-0.05320070768,FALSE
7.5YR,3,10,0.581,0.448,6.55,0.4073066283,0.1169953022,66.68044496,0.4469711731,0.2223781289,-0.1595541533,FALSE
10YR,3,2,0.3747,0.363,6.55,0.4012557237,0.03289759634,67.99116481,0.3298723174,0.270192978,0.2076337362,TRUE
10YR,3,4,0.4341,0.4018,6.55,0.4025239653,0.05934449994,70.60887477,0.3634820308,0.2610977198,0.1344667925,TRUE
10YR,3,6,0.4872,0.4326,6.55,0.4036388216,0.08147406934,72.50660305,0.388786674,0.2526151564,0.03313417008,TRUE
10YR,3,8,0.5305,0.4559,6.55,0.4045116243,0.09932864238,74.262288,0.4068816516,0.2456275349,-0.08975872321,FALSE
10YR,3,10,0.572,0.475,6.55,0.405423041,0.1166040944,75.60779896,0.4237854587,0.2380794018,-0.1910677631,FALSE
2.5Y,3,2,0.3703,0.37,6.55,0.4005266675,0.03264296399,79.21237764,0.3191411908,0.2745256296,0.2033007063,TRUE
2.5Y,3,4,0.4277,0.4166,6.55,0.4013209211,0.05994494369,81.25471632,0.3469847686,0.2687554636,0.1225987235,TRUE
2.5Y,3,6,0.4784,0.4531,6.55,0.4021034412,0.08240011606,82.49498575,0.3682555541,0.2630383328,0.002615237277,TRUE
2.5Y,3,8,0.521,0.482,6.55,0.4027449196,0.1012462529,83.88449198,0.3838139876,0.2582381687,-0.1223036477,FALSE
2.5Y,3,10,0.56,0.505,6.55,0.4034247448,0.118611762,84.84102248,0.3979307988,0.2531220253,-0.2191356024,FALSE
5Y,3,2,0.3646,0.3748,6.55,0.3998613415,0.03258675173,89.12337947,0.3084657944,0.278397351,0.2017030123,TRUE
5Y,3,4,0.4191,0.4283,6.55,0.4002159451,0.06097860163,90.40106366,0.3305970654,0.2754886914,0.1157761174,TRUE
5Y,3,6,0.467,0.4711,6.55,0.4006546751,0.08418600142,91.31965702,0.3475021663,0.2722672817,-0.01609536802,FALSE
5Y,3,8,0.509,0.509,6.55,0.4009641734,0.1051888539,92.94217349,0.3591636567,0.2699603982,-0.149230867,FALSE
7.5Y,3,2,0.3589,0.3778,6.55,0.3993088747,0.03273824707,97.23268037,0.2989967275,0.2815456448,0.201773827,TRUE
7.5Y,3,4,0.4086,0.4379,6.55,0.3991457656,0.06234695046,98.76715952,0.3135343968,0.2817386615,0.1128554127,TRUE
7.5Y,3,6,0.4526,0.4889,6.55,0.3991395495,0.08706837817,99.936323,0.3242859138,0.2813322112,-0.02840670244,FALSE
7.5Y,3,8,0.492,0.535,6.55,0.3991304172,0.109762688,101.3231468,0.3316775409,0.2811306661,-0.1648959415,FALSE
10Y,4,2,0.3476,0.3732,12,0.4880012461,0.03642216886,105.4847315,0.3860640645,0.3817609043,0.2878425716,TRUE
10Y,4,4,0.3871,0.4321,12,0.4872409862,0.07071986923,106.4534628,0.3941591722,0.3853596137,0.1887425792,TRUE
10Y,4,6,0.419,0.4795,12,0.4867862312,0.09700627604,107.2842102,0.3992729701,0.387551123,0.07096823603,TRUE
10Y,4,8,0.443,0.5153,12,0.4865027443,0.1165559082,107.9263065,0.4023588274,0.3889633659,-0.1142383445,FALSE
10Y,4,10,0.462,0.543,12,0.4863402057,0.1318029287,108.3203506,0.4049358065,0.3897844741,-0.247176286,FALSE
10Y,4,12,0.473,0.562,12,0.4861306616,0.1420404093,108.9590025,0.4043363092,0.3909383662,-0.3257733064,FALSE
2.5GY,4,2,0.3382,0.3706,12,0.4873953727,0.03496034316,114.6748957,0.3719185014,0.3853062266,0.2964974044,TRUE
2.5GY,4,4,0.3708,0.4329,12,0.4860186879,0.07063716338,114.8682272,0.3686401211,0.3923068681,0.2010560938,TRUE
2.5GY,4,6,0.3968,0.4857,12,0.4850379097,0.09864197771,115.6454932,0.3641728624,0.3973339087,0.0943481282,TRUE
2.5GY,4,8,0.4174,0.53,12,0.4843042655,0.1211149013,116.3427973,0.3594546129,0.4011260941,-0.09323551791,FALSE
2.5GY,4,10,0.433,0.568,12,0.4836575233,0.1398472908,117.1551801,0.353321855,0.4044969848,-0.2434565247,FALSE
2.5GY,4,12,0.443,0.594,12,0.4832302075,0.1524782064,117.682478,0.3486816005,0.4067285722,-0.3335937036,FALSE
5GY,4,2,0.3312,0.3678,12,0.4869933131,0.03397276142,121.6315195,0.3616982257,0.3876252863,0.3038205164,TRUE
5GY,4,4,0.3538,0.4284,12,0.4850127976,0.06924980791,122.6203256,0.3444098261,0.3978306624,0.2194171725,TRUE
5GY,4,6,0.3718,0.4852,12,0.4833986761,0.09923009214,123.7663968,0.3262885942,0.4059967653,0.127557218,TRUE
5GY,4,8,0.3868,0.5384,12,0.4820858632,0.1252389523,124.5740062,0.3090408311,0.4125239604,-0.04064819111,FALSE
5GY,4,10,0.3983,0.585,12,0.4810413399,0.1467984149,125.2027738,0.2932356541,0.4176430351,-0.2056301414,FALSE
5GY,4,12,0.407,0.619,12,0.4803976282,0.1619713135,125.4140872,0.2831321862,0.4207712713,-0.3110220809,FALSE
5GY,4,14,0.415,0.659,12,0.479611828,0.1793839778,125.8636234,0.268739084,0.4245486992,-0.4163899544,FALSE
7.5GY,4,2,0.3185,0.3604,12,0.486399751,0.03204368749,134.7486779,0.3442446841,0.3910178808,0.3195213088,TRUE
7.5GY,4,4,0.3281,0.4157,12,0.4837295636,0.06672444633,134.5809858,0.3077882222,0.4046034671,0.2515563076,TRUE
7.5GY,4,6,0.3355,0.4739,12,0.481375456,0.09897036243,134.9651568,0.2687677825,0.4160184912,0.1780703593,TRUE
7.5GY,4,8,0.34,0.5348,12,0.479227015,0.1292807912,135.560691,0.2239895968,0.4259887164,0.07956653371,TRUE
7.5GY,4,10,0.3395,0.5913,12,0.4773245704,0.155245292,136.4896631,0.1700194838,0.4344448896,-0.08451834426,FALSE
7.5GY,4,12,0.3348,0.6468,12,0.4755135317,0.1790224082,137.5390351,0.08784183283,0.4421525808,-0.2190642956,FALSE
7.5GY,4,14,0.327,0.698,12,0.4738829934,0.1996099589,138.5493372,-0.08587564896,0.4488003995,-0.3173358359,FALSE
7.5GY,4,16,0.315,0.757,12,0.4720872642,0.2217961277,139.6314206,-0.2976119955,0.4558086514,-0.4085809379,FALSE
7.5GY,4,18,0.303,0.809,12,0.470620603,0.2400201812,140.4223114,-0.4685231933,0.4613020934,-0.4755279812,FALSE
10GY,4,2,0.3109,0.355,12,0.4860960945,0.03118137812,143.3462388,0.3339629144,0.3927361753,0.3298994119,TRUE
10GY,4,4,0.31,0.4018,12,0.4830270796,0.06431855744,143.7889749,0.2820165652,0.4081857264,0.2780842782,TRUE
10GY,4,6,0.3069,0.455,12,0.480078448,0.09738575101,144.1818458,0.2183573643,0.4220418867,0.2215408295,TRUE
10GY,4,8,0.3008,0.5095,12,0.4774272021,0.127637549,144.7463885,0.133295198,0.4337294805,0.1622878517,TRUE
10GY,4,10,0.2908,0.5672,12,0.474878787,0.1566873505,145.4899592,-0.08232565301,0.4442983738,0.08762350274,FALSE
10GY,4,12,0.2758,0.6282,12,0.4723495598,0.1849249119,146.4394203,-0.3696922027,0.454151519,-0.0430218759,FALSE
10GY,4,14,0.259,0.6858,12,0.4701533071,0.209312443,147.2502604,-0.6157402576,0.4622160667,-0.1541170164,FALSE
10GY,4,16,0.2422,0.736,12,0.4683463889,0.229112994,147.9365346,-0.8152680448,0.4685162555,-0.2326951432,FALSE
10GY,4,18,0.221,0.793,12,0.4664008497,0.2501542165,148.6829206,-1.02626799,0.4749724416,-0.3061444799,FALSE
10GY,4,20,0.192,0.86,12,0.4641542637,0.2735503357,149.6414443,-1.265219962,0.4820036472,-0.3734570852,FALSE
10GY,4,22,0.165,0.917,12,0.4623170011,0.2922679812,150.4302908,-1.455303077,0.4874359762,-0.4194613726,FALSE
10GY,4,24,0.142,0.964,12,0.4608849802,0.3068099876,151.0117295,-1.599429333,0.4914853522,-0.4522433091,FALSE
10GY,4,26,0.106,1.028,12,0.458846775,0.3263553863,151.9622655,-1.800112152,0.4969444986,-0.4857538221,FALSE
10GY,4,28,0.058,1.1,12,0.4563627821,0.3485216787,153.2683833,-2.036325929,0.5031330896,-0.509345478,FALSE
2.5G,4,2,0.3012,0.347,12,0.4857693581,0.03052587264,155.2555332,0.3210261585,0.3945795181,0.3443187434,TRUE
2.5G,4,4,0.2891,0.3821,12,0.4823405707,0.06235289992,156.0299744,0.2497622379,0.4115814566,0.3114203612,TRUE
2.5G,4,6,0.2735,0.4215,12,0.4788689512,0.09492436339,156.7569091,0.1424603378,0.4273137553,0.2779656318,TRUE
2.5G,4,8,0.2561,0.4597,12,0.4757632396,0.1241631937,157.5039705,-0.1384565222,0.4402426224,0.2484464852,FALSE
2.5G,4,10,0.2355,0.5006,12,0.4726822949,0.1532377253,158.2503715,-0.4941420473,0.4520862863,0.2191008275,FALSE
2.5G,4,12,0.2128,0.5425,12,0.4697597013,0.1808842294,158.9304906,-0.819464244,0.4624840311,0.1905536559,FALSE
2.5G,4,14,0.1909,0.5779,12,0.4673161216,0.2036875866,159.6460831,-1.08404826,0.4705727458,0.1682421606,FALSE
2.5G,4,16,0.1682,0.6111,12,0.4650306132,0.2247702891,160.3816353,-1.324228652,0.4776632946,0.1486232299,FALSE
2.5G,4,18,0.1446,0.6431,12,0.4628358453,0.2448411274,161.1080395,-1.547308609,0.484061623,0.1306322734,FALSE
2.5G,4,20,0.123,0.6706,12,0.4609461933,0.2619942237,161.7400102,-1.733071806,0.4892615854,0.1158113554,FALSE
2.5G,4,22,0.1009,0.6975,12,0.4591011268,0.278665654,162.3475001,-1.908444067,0.494076046,0.1016506742,FALSE
2.5G,4,24,0.076,0.725,12,0.4571048786,0.2964517997,163.0527641,-2.092178158,0.498989328,0.0888447835,FALSE
2.5G,4,26,0.0528,0.7502,12,0.4553006348,0.3125419341,163.6480271,-2.251586758,0.503193471,0.07695762581,FALSE
2.5G,4,28,0.028,0.78,12,0.4534410103,0.3294895806,164.1125246,-2.407796547,0.5073334782,0.058328333,FALSE
2.5G,4,30,-0.005,0.816,12,0.4510272441,0.351171723,164.7821595,-2.602250597,0.5123514763,0.03633107211,FALSE
5G,4,2,0.2959,0.3417,12,0.4856503107,0.03016799016,162.3972276,0.3145018059,0.3952690797,0.3532480808,TRUE
5G,4,4,0.2781,0.3704,12,0.4820198149,0.06215262582,163.2149064,0.2307511242,0.4131230261,0.3300861164,TRUE
5G,4,6,0.2581,0.3992,12,0.4785527333,0.09281022966,164.0607455,0.09519386072,0.4285752503,0.3096265895,TRUE
5G,4,8,0.2359,0.4266,12,0.475255162,0.1218731824,165.0980396,-0.2869268215,0.4419658071,0.2930864825,FALSE
5G,4,10,0.2115,0.4532,12,0.4720251074,0.1502606856,166.1564068,-0.6703154559,0.4539508292,0.2794989361,FALSE
5G,4,12,0.1843,0.4807,12,0.4687081728,0.1794304001,167.1450591,-1.045175954,0.4651939423,0.2673349376,FALSE
5G,4,14,0.1627,0.5015,12,0.4662208045,0.2013406464,167.8162622,-1.312919767,0.4729724277,0.2591630315,FALSE
5G,4,16,0.1402,0.5214,12,0.4637450251,0.2230968391,168.5080502,-1.568878658,0.480183726,0.2526328293,FALSE
5G,4,18,0.1188,0.54,12,0.4614529298,0.2432994835,169.0796064,-1.794913085,0.4864269673,0.2469888887,FALSE
5G,4,20,0.1018,0.5543,12,0.4596680865,0.259047934,169.5044077,-1.963932752,0.4910111339,0.2430867032,FALSE
5G,4,22,0.0841,0.5684,12,0.4578340764,0.2752173613,169.9454059,-2.131543437,0.4954737629,0.2398292561,FALSE
5G,4,24,0.0614,0.5857,12,0.4554994911,0.2958142594,170.4901353,-2.335610331,0.5008104503,0.2364620483,FALSE
5G,4,26,0.0407,0.601,12,0.4533739497,0.3146040464,170.9568614,-2.512140017,0.5053527978,0.233903636,FALSE
5G,4,28,0.02,0.618,12,0.4512658305,0.3334242317,171.299397,-2.677094561,0.5096094745,0.2300819422,FALSE
5G,4,30,-0.003,0.632,12,0.4488421882,0.3547993139,171.8650652,-2.859268225,0.5140945503,0.2298340681,FALSE
7.5G,4,2,0.2919,0.3371,12,0.4856019586,0.02984253874,168.2899261,0.3100430272,0.3955746016,0.3606916699,TRUE
7.5G,4,4,0.2702,0.3602,12,0.4818836612,0.061766404,169.025729,0.2175067716,0.4137716578,0.3454294635,TRUE
7.5G,4,6,0.2467,0.3822,12,0.4783124886,0.09249950261,169.9733841,0.03135997949,0.4294926083,0.3333686666,TRUE
7.5G,4,8,0.2232,0.4022,12,0.4750306929,0.1208204209,170.8145981,-0.3813775899,0.4425880762,0.3241982871,FALSE
7.5G,4,10,0.1989,0.4219,12,0.4718186023,0.1486553471,171.511863,-0.7650371867,0.4542792472,0.3163011225,FALSE
7.5G,4,12,0.1706,0.4419,12,0.4682923106,0.1792334648,172.3976324,-1.165760598,0.4659251787,0.3105024827,FALSE
7.5G,4,14,0.15,0.4562,12,0.4657791131,0.201133535,172.9137043,-1.43524308,0.4735413907,0.3067653797,FALSE
7.5G,4,16,0.1293,0.4703,12,0.4632857401,0.2229417533,173.3659296,-1.689553718,0.4805756524,0.3034305679,FALSE
7.5G,4,18,0.1086,0.4842,12,0.4608106964,0.244670218,173.7652337,-1.929171156,0.4870766149,0.3004249238,FALSE
7.5G,4,20,0.0928,0.4942,12,0.4589279019,0.2612297717,174.0766345,-2.103556665,0.4917088968,0.2987466492,FALSE
7.5G,4,22,0.077,0.504,12,0.4570388794,0.2778868007,174.3707834,-2.271268003,0.4961027558,0.2972935947,FALSE
7.5G,4,24,0.0581,0.5151,12,0.4547587899,0.2980340054,174.7262325,-2.464485892,0.5010751138,0.2961340639,FALSE
7.5G,4,26,0.0392,0.5258,12,0.4524411447,0.3185740142,175.0687029,-2.650306148,0.5057806773,0.2953438156,FALSE
7.5G,4,28,0.02,0.536,12,0.4500258822,0.3400363367,175.4195291,-2.832955034,0.5103228846,0.2951056187,FALSE
7.5G,4,30,0.002,0.546,12,0.4477084945,0.3607215559,175.6976746,-2.996912128,0.5143759576,0.2945469198,FALSE
10G,4,2,0.288,0.3327,12,0.4855464923,0.02993524466,174.098667,0.3053959893,0.3959130489,0.3678645289,TRUE
10G,4,4,0.2628,0.3498,12,0.4818004338,0.06169302352,174.9287626,0.2046823233,0.4141631043,0.360795485,TRUE
10G,4,6,0.2374,0.3655,12,0.478246026,0.09199746018,175.6535264,-0.03458815041,0.4296595871,0.355850895,FALSE
10G,4,8,0.2124,0.3799,12,0.4748778872,0.1208761357,176.2534687,-0.4663602828,0.4429046116,0.3524110484,FALSE
10G,4,10,0.1876,0.3933,12,0.4716134672,0.1490190846,176.7780445,-0.8617215466,0.4545454293,0.3501072047,FALSE
10G,4,12,0.1602,0.407,12,0.4680512941,0.1799024321,177.3219521,-1.267284672,0.4660308209,0.3488013861,FALSE
10G,4,14,0.1398,0.4168,12,0.4653912143,0.2030876885,177.6712279,-1.551836874,0.4738540397,0.3482645789,FALSE
10G,4,16,0.1212,0.4245,12,0.4629567919,0.2243942669,178.0512938,-1.800276126,0.4804700779,0.348956502,FALSE
10G,4,18,0.1006,0.433,12,0.4602016458,0.2486185365,178.4009461,-2.06514403,0.4873979907,0.3497180402,FALSE
10G,4,20,0.085,0.4388,12,0.4580652097,0.267482635,178.6762454,-2.259777455,0.4923701496,0.3508519845,FALSE
10G,4,22,0.0702,0.444,12,0.4559813538,0.2859500335,178.9271035,-2.44026484,0.4969062145,0.3521676352,FALSE
10G,4,24,0.0553,0.4492,12,0.4538154797,0.3052119731,179.1520011,-2.61782597,0.5013162358,0.3534867214,FALSE
10G,4,26,0.04,0.4545,12,0.451507776,0.3258082541,179.3584874,-2.796025244,0.5056910857,0.3548384376,FALSE
10G,4,28,0.023,0.46,12,0.4488153927,0.3499339787,179.5832549,-2.990337605,0.5103851207,0.3566318531,FALSE
10G,4,30,0.008,0.465,12,0.4463145314,0.3724259625,179.7498313,-3.157496926,0.5143883126,0.3580450715,FALSE
2.5BG,4,2,0.284,0.327,12,0.4855791202,0.02965522015,181.1349623,0.3018808174,0.3958059078,0.3766562993,TRUE
2.5BG,4,4,0.2552,0.3375,12,0.4818149829,0.06165771314,181.8105789,0.1921617684,0.4140961738,0.3785647836,TRUE
2.5BG,4,6,0.2278,0.3463,12,0.4782781904,0.09198846335,182.3336615,-0.1005248612,0.4293761832,0.3815980657,FALSE
2.5BG,4,8,0.2006,0.354,12,0.4747515123,0.1224868888,182.7783822,-0.5666851711,0.4430046117,0.3855677968,FALSE
2.5BG,4,10,0.1738,0.36,12,0.4712323249,0.1532145662,183.2697463,-1.00369959,0.4551693844,0.3909705464,FALSE
2.5BG,4,12,0.1492,0.3649,12,0.4678751721,0.1827499527,183.6108806,-1.391767418,0.4655840117,0.3963395865,FALSE
2.5BG,4,14,0.1283,0.3688,12,0.4648861532,0.2092058222,183.8176015,-1.71341022,0.4739760063,0.4009966319,FALSE
2.5BG,4,16,0.1102,0.372,12,0.4621690387,0.2333762819,183.9480921,-1.98667197,0.4809462246,0.4050825359,FALSE
2.5BG,4,18,0.0915,0.3754,12,0.4592052807,0.2598422337,184.018387,-2.263946424,0.4878995266,0.4090834247,FALSE
2.5BG,4,20,0.0768,0.3773,12,0.45674131,0.281994834,184.1106714,-2.480089441,0.4931690118,0.4129287175,FALSE
2.5BG,4,22,0.0636,0.3788,12,0.4543973167,0.3031530283,184.1797092,-2.672882149,0.4977929878,0.4165200236,FALSE
2.5BG,4,24,0.051,0.38,12,0.4520170153,0.324722162,184.2362171,-2.856222917,0.5021216544,0.420119633,FALSE
2.5BG,4,26,0.038,0.382,12,0.4494118902,0.3483233176,184.214913,-3.041410156,0.5065076596,0.4230088081,FALSE
2.5BG,4,28,0.025,0.383,12,0.4465670736,0.3742704845,184.2379378,-3.228758097,0.5108165222,0.426838044,FALSE
5BG,4,2,0.2799,0.3208,12,0.485641802,0.02968921824,188.8696477,0.2985490303,0.3955490595,0.3861573659,TRUE
5BG,4,4,0.248,0.3232,12,0.4820139515,0.06141971638,189.8353739,0.1829976057,0.4131790328,0.3987924918,TRUE
5BG,4,6,0.2182,0.324,12,0.4785013585,0.09256960773,190.306169,-0.1600025376,0.4282512713,0.4117087003,FALSE
5BG,4,8,0.189,0.3234,12,0.4748638462,0.1252510523,190.6114431,-0.6651936697,0.4420480026,0.4254671889,FALSE
5BG,4,10,0.1618,0.3219,12,0.47119566,0.1585418048,190.7245879,-1.135949272,0.4543200581,0.4389579605,FALSE
5BG,4,12,0.1379,0.3198,12,0.4676626354,0.1908811123,190.72089,-1.552970257,0.4647586844,0.4514253567,FALSE
5BG,4,14,0.117,0.317,12,0.4642555244,0.2223575567,190.6900224,-1.922962275,0.4736624148,0.4632646724,FALSE
5BG,4,16,0.0992,0.3141,12,0.4610245124,0.2523728249,190.5980906,-2.244227678,0.4811642219,0.4738373604,FALSE
5BG,4,18,0.0828,0.3108,12,0.4576860838,0.2835634745,190.4735594,-2.547313817,0.4880337531,0.4842554045,FALSE
5BG,4,20,0.0675,0.3075,12,0.4541457998,0.3167058893,190.276847,-2.836779864,0.4944565297,0.4941934975,FALSE
5BG,4,22,0.056,0.305,12,0.4511291113,0.3449527767,190.0641074,-3.058565589,0.4993050542,0.5016623055,FALSE
5BG,4,24,0.047,0.304,12,0.4485421154,0.3689433617,189.7886935,-3.229729509,0.5031191529,0.5062987399,FALSE
5BG,4,26,0.036,0.303,12,0.4450209032,0.4015710677,189.4052625,-3.439158219,0.5077634102,0.5116557497,FALSE
7.5BG,4,2,0.2764,0.3148,12,0.4857544918,0.02984469755,196.3401892,0.2964834264,0.3950320041,0.3951972862,TRUE
7.5BG,4,4,0.2429,0.3108,12,0.4823341454,0.06119916099,197.0409547,0.1797667173,0.41170484,0.4162131641,TRUE
7.5BG,4,6,0.2113,0.3052,12,0.4788655127,0.09360714044,197.2666873,-0.194901254,0.4265529997,0.4376298864,FALSE
7.5BG,4,8,0.1815,0.2985,12,0.4752396004,0.1279544485,197.1923242,-0.7237072656,0.4401340236,0.4591668621,FALSE
7.5BG,4,10,0.154,0.291,12,0.4714430676,0.1643240718,196.9398937,-1.231281947,0.4524898938,0.4804960866,FALSE
7.5BG,4,12,0.1298,0.284,12,0.4675452671,0.2016971294,196.4377688,-1.700151349,0.4634778044,0.4997247924,FALSE
7.5BG,4,14,0.1092,0.2774,12,0.4636612426,0.2390490576,195.8824493,-2.118935881,0.4729226261,0.5169802877,FALSE
7.5BG,4,16,0.0922,0.2718,12,0.4598898055,0.2752328083,195.2797276,-2.480307272,0.4808624182,0.5315021209,FALSE
7.5BG,4,18,0.0768,0.2667,12,0.4558545446,0.3138062182,194.6050149,-2.820884315,0.488193214,0.5447763645,FALSE
7.5BG,4,20,0.065,0.262,12,0.4521786112,0.3491266155,194.060864,-3.095122406,0.4938721986,0.5561701895,FALSE
7.5BG,4,22,0.054,0.258,12,0.4481212429,0.3877894274,193.4201015,-3.357264893,0.4992842528,0.5663209637,FALSE
7.5BG,4,24,0.045,0.255,12,0.4441739753,0.4251631632,192.7955889,-3.575815725,0.5037832709,0.5742733531,FALSE
10BG,4,2,0.274,0.3091,12,0.4859661088,0.02961551879,203.6398654,0.2971063939,0.393998989,0.4034153187,TRUE
10BG,4,4,0.2384,0.2984,12,0.482754042,0.06144179912,204.5603717,0.1793880374,0.4097661834,0.433839044,TRUE
10BG,4,6,0.2065,0.2863,12,0.4795726018,0.09392519664,204.7509393,-0.1926181443,0.4234196707,0.4640232891,FALSE
10BG,4,8,0.176,0.273,12,0.4760345783,0.1305360471,204.3659707,-0.7497535597,0.4365708522,0.4953607966,FALSE
10BG,4,10,0.148,0.26,12,0.4720634639,0.1714374376,203.4249713,-1.310197998,0.449162416,0.5257551842,FALSE
10BG,4,12,0.1248,0.2484,12,0.4679840645,0.21326938,202.3307892,-1.819393268,0.4600628352,0.5528091264,FALSE
10BG,4,14,0.1033,0.2376,12,0.4631678532,0.2618570215,200.9254018,-2.335798053,0.47078682,0.5786990196,FALSE
10BG,4,16,0.0888,0.2298,12,0.4590639078,0.3029801286,199.812456,-2.713782346,0.4783371286,0.5975129325,FALSE
10BG,4,18,0.073,0.221,12,0.4532841724,0.3602266678,198.3448305,-3.158027994,0.4869596258,0.6191369689,FALSE
10BG,4,20,0.062,0.214,12,0.4478329596,0.413957329,197.1310272,-3.496268975,0.4932086996,0.6362433839,FALSE
10BG,4,22,0.051,0.207,12,0.4401150348,0.4887700709,195.54834,-3.857386157,0.4997721663,0.6538755263,FALSE
2.5B,4,2,0.2727,0.3038,12,0.4862728438,0.02897861649,211.0668561,0.3004119504,0.392462672,0.4106889298,TRUE
2.5B,4,4,0.236,0.2872,12,0.4833743857,0.06090529183,212.0412958,0.1879136306,0.4068884547,0.4494807518,TRUE
2.5B,4,6,0.2048,0.2708,12,0.4805498337,0.09287504585,211.7772261,-0.1440437737,0.41916359,0.485858273,FALSE
2.5B,4,8,0.1737,0.2524,12,0.4771594775,0.1316991966,210.8668621,-0.7268678516,0.4318103284,0.5261522502,FALSE
2.5B,4,10,0.1463,0.2354,12,0.4732903842,0.1750796785,209.2582152,-1.314449597,0.4439131375,0.5645160405,FALSE
2.5B,4,12,0.1247,0.2209,12,0.4693191565,0.2190535856,207.6101959,-1.841994807,0.4541527873,0.5982089637,FALSE
2.5B,4,14,0.1027,0.2057,12,0.4637539168,0.2788102066,205.3360092,-2.457274875,0.4656248341,0.6353973798,FALSE
2.5B,4,16,0.09,0.1973,12,0.4593433009,0.3243487344,203.6149897,-2.853427849,0.4729320906,0.6572922312,FALSE
2.5B,4,18,0.073,0.184,12,0.4506495376,0.4132829264,200.8684109,-3.459603878,0.4832471914,0.6926034737,FALSE
2.5B,4,20,0.062,0.177,12,0.4415199042,0.5018430992,198.3235417,-3.880477331,0.4907170611,0.7131287285,FALSE
5B,4,2,0.2723,0.2992,12,0.4866289124,0.02817355649,218.4128238,0.3054438571,0.3906493734,0.4167242136,TRUE
5B,4,4,0.2363,0.2782,12,0.4841958874,0.05896593481,219.4417283,0.2061025172,0.4030295442,0.4614122888,TRUE
5B,4,6,0.206,0.2572,12,0.4819061164,0.08995815707,219.5082037,-0.03772566783,0.4132347954,0.5048584254,FALSE
5B,4,8,0.1759,0.2345,12,0.4790587903,0.1283579889,218.3254149,-0.6029884648,0.4240826525,0.5533145869,FALSE
5B,4,10,0.1512,0.2148,12,0.4759377892,0.1690393103,216.4331969,-1.153134575,0.4339773656,0.5979054569,FALSE
5B,4,12,0.1299,0.1963,12,0.4722881146,0.2155453361,214.2475494,-1.715983402,0.4432989845,0.6425154991,FALSE
5B,4,14,0.1098,0.1785,12,0.4671704684,0.2765669293,211.244247,-2.355246187,0.4534717344,0.6894571081,FALSE
5B,4,16,0.094,0.163,12,0.4608408223,0.3488542223,208.1365801,-2.966857931,0.4623485601,0.7338589282,FALSE
5B,4,18,0.079,0.15,12,0.4501197586,0.4595231522,203.7221753,-3.64286152,0.4726286467,0.7757028268,FALSE
7.5B,4,2,0.2733,0.2947,12,0.4871438301,0.02668616233,227.6548526,0.3143777744,0.3879707337,0.4220276074,TRUE
7.5B,4,4,0.2388,0.2704,12,0.4852410344,0.05595378626,227.9839187,0.2314875701,0.3980104422,0.4710309507,TRUE
7.5B,4,6,0.2102,0.247,12,0.4835171677,0.08518328464,227.7618848,0.09766421067,0.4060381471,0.5183545513,TRUE
7.5B,4,8,0.1821,0.2232,12,0.4812911364,0.1208060397,225.8383946,-0.3932845546,0.4149428238,0.5695998805,FALSE
7.5B,4,10,0.1601,0.2028,12,0.4790541858,0.1564911761,223.8561971,-0.8763448975,0.4223483472,0.6165540697,FALSE
7.5B,4,12,0.1393,0.1837,12,0.4759831863,0.2003362788,220.8379352,-1.432057838,0.4307539919,0.6650065001,FALSE
7.5B,4,14,0.1204,0.1655,12,0.4718463136,0.2554444314,217.3005708,-2.049658402,0.439470576,0.7159468268,FALSE
7.5B,4,16,0.102,0.149,12,0.4650347935,0.3347318143,212.4276735,-2.78774523,0.4502254581,0.7683768396,FALSE
7.5B,4,18,0.091,0.138,12,0.4580962914,0.4112953757,208.7163996,-3.326218957,0.4572681001,0.8065823108,FALSE
10B,4,2,0.2753,0.291,12,0.4877102118,0.02516430661,237.8617619,0.3249570409,0.3849617271,0.4258748373,TRUE
10B,4,4,0.2429,0.2648,12,0.4863246959,0.05265202185,236.8609014,0.2580524062,0.3926488221,0.4770578822,TRUE
10B,4,6,0.2157,0.2407,12,0.4850105603,0.08026925625,235.5086144,0.1649945661,0.3991316666,0.5257128485,TRUE
10B,4,8,0.1893,0.216,12,0.4834006141,0.1131384138,233.2519125,-0.1635856734,0.4059480749,0.5790819203,FALSE
10B,4,10,0.1681,0.1954,12,0.4816529644,0.146301872,230.6310504,-0.6163956851,0.4121159254,0.627681217,FALSE
10B,4,12,0.1487,0.176,12,0.4793999426,0.1852650614,227.4476836,-1.121682809,0.4185853142,0.6781623087,FALSE
10B,4,14,0.131,0.158,12,0.4763055178,0.2329339305,223.6361419,-1.690798309,0.4255579636,0.7305295367,FALSE
10B,4,16,0.1155,0.1416,12,0.4720212044,0.2925350841,219.3773353,-2.310397432,0.4325987221,0.7841864711,FALSE
10B,4,18,0.103,0.128,12,0.4661544219,0.3654641734,214.8590169,-2.929092209,0.4392396271,0.8343767805,FALSE
10B,4,20,0.092,0.117,12,0.4563938854,0.4708269043,209.3260099,-3.5775041,0.4467604678,0.8803608024,FALSE
2.5PB,4,2,0.2782,0.2876,12,0.4883601899,0.02394155188,250.3181865,0.3373922346,0.3814311775,0.4289404507,TRUE
2.5PB,4,4,0.2487,0.2597,12,0.4876091722,0.04948575149,248.2687655,0.2880665978,0.3860584629,0.4817210997,TRUE
2.5PB,4,6,0.2235,0.2343,12,0.4869145965,0.07520446046,246.3819976,0.2262001726,0.389901506,0.5324417411,TRUE
2.5PB,4,8,0.1995,0.2094,12,0.4860552753,0.1044486296,243.6979634,0.1132051908,0.3939252346,0.5865354262,TRUE
2.5PB,4,10,0.1805,0.1888,12,0.4851824774,0.1327673818,241.0941184,-0.2104721418,0.3972217327,0.6357355421,FALSE
2.5PB,4,12,0.1634,0.1698,12,0.4840780233,0.1642054297,238.0806678,-0.6150366819,0.4005032846,0.6861230302,FALSE
2.5PB,4,14,0.1473,0.1513,12,0.4825532839,0.2021960944,234.5202045,-1.086136911,0.4038308563,0.7412754324,FALSE
2.5PB,4,16,0.1336,0.1349,12,0.4805448194,0.2455402685,230.6934499,-1.587931395,0.4067924191,0.7968258939,FALSE
2.5PB,4,18,0.1218,0.1208,12,0.477605159,0.2969144562,226.3447378,-2.129272812,0.4099814602,0.8514739378,FALSE
2.5PB,4,20,0.112,0.108,12,0.47349202,0.3608877565,221.7489817,-2.695594925,0.4121680905,0.9078769991,FALSE
2.5PB,4,22,0.104,0.096,12,0.4670136269,0.4494838825,216.5288196,-3.294086191,0.412694393,0.9683636051,FALSE
2.5PB,4,24,0.098,0.089,12,0.456515253,0.5608259811,210.7131926,-3.802021233,0.4155267151,1.009022785,FALSE
5PB,4,2,0.2816,0.2842,12,0.4890765543,0.02378230046,264.7371113,0.3508633252,0.377450441,0.4318066817,TRUE
5PB,4,4,0.2562,0.256,12,0.4889847861,0.04710945869,261.6267575,0.3191024797,0.3786710161,0.4836330123,TRUE
5PB,4,6,0.2325,0.23,12,0.4887863886,0.07144966891,258.1925965,0.2763819921,0.3802791787,0.535375938,TRUE
5PB,4,8,0.2103,0.205,12,0.4885620073,0.09812295085,254.950859,0.2155342635,0.3816782586,0.5898707916,TRUE
5PB,4,10,0.1925,0.1843,12,0.4883422436,0.1235860707,252.100198,0.1273217551,0.3825462638,0.6398524477,TRUE
5PB,4,12,0.1773,0.1659,12,0.4881207374,0.1497436013,249.3760559,-0.1191388339,0.3828188245,0.6892187763,FALSE
5PB,4,14,0.1627,0.1479,12,0.4877425297,0.1803525908,246.1288175,-0.4871848595,0.3828210662,0.7436721848,FALSE
5PB,4,16,0.1504,0.1317,12,0.4873304321,0.2133718523,242.9651397,-0.8685603542,0.3816671252,0.799305854,FALSE
5PB,4,18,0.1392,0.1167,12,0.4865484495,0.2521726934,239.2156337,-1.306988593,0.3800120845,0.8586281717,FALSE
5PB,4,20,0.1288,0.1027,12,0.4849873048,0.3009878339,234.5897856,-1.82881477,0.3779240642,0.923178982,FALSE
5PB,4,22,0.122,0.092,12,0.4833976692,0.3483151705,230.8717484,-2.264477678,0.3735668957,0.9799188088,FALSE
5PB,4,24,0.118,0.084,12,0.4820980628,0.3902982244,228.1786951,-2.590111417,0.3670802606,1.027634893,FALSE
5PB,4,26,0.115,0.078,12,0.48030422,0.4315667157,225.5428871,-2.878172033,0.3612234439,1.067517251,FALSE
5PB,4,28,0.111,0.073,12,0.4755207099,0.4931262101,221.133021,-3.269996289,0.359538958,1.104830029,FALSE
5PB,4,30,0.108,0.068,12,0.4687478453,0.5755319222,216.4617825,-3.636707175,0.3546884226,1.145080859,FALSE
5PB,4,32,0.106,0.064,12,0.4575190205,0.6932681151,211.0767119,-3.93616866,0.3489275883,1.179991655,FALSE
5PB,4,34,0.104,0.06,12,0.3960987753,1.258763466,197.6176456,-4.275558343,0.3422563816,1.217956971,FALSE
5PB,4,36,0.102,0.055,12,0.3840619329,1.413255437,196.5951011,-4.718071048,0.3303024545,1.270192891,FALSE
5PB,4,38,0.098,0.048,12,0.3743981324,1.579486988,196.1400952,-5.633117075,0.3138488969,1.356028135,FALSE
5PB,4,40,0.096,0.044,12,0.3716649304,1.65920758,196.1577742,-6.250189226,0.2998639197,1.412931005,FALSE
7.5PB,4,2,0.2861,0.2819,12,0.4898146254,0.02428186031,279.4418944,0.3652755577,0.3732194081,0.4326891892,TRUE
7.5PB,4,4,0.2657,0.2528,12,0.4905662166,0.04691923647,277.9220982,0.3526984335,0.369713473,0.4838871711,TRUE
7.5PB,4,6,0.2471,0.2266,12,0.4913640968,0.06941106587,276.0934069,0.3371477469,0.3659345506,0.5342557173,TRUE
7.5PB,4,8,0.2304,0.2023,12,0.4923594844,0.09255998573,274.6976297,0.3201958061,0.360965203,0.5857091357,TRUE
7.5PB,4,10,0.2158,0.1811,12,0.493415931,0.1151846798,273.0940091,0.3002264555,0.3554772348,0.635979815,TRUE
7.5PB,4,12,0.2037,0.1629,12,0.4946019921,0.1369061003,271.7474271,0.2796015358,0.3489717717,0.6842617938,TRUE
7.5PB,4,14,0.1941,0.1468,12,0.4961230109,0.158235619,271.1003156,0.2627052171,0.3401339852,0.7318213772,TRUE
7.5PB,4,16,0.1861,0.1316,12,0.4981483184,0.1806665629,270.9682264,0.2501758109,0.3276817585,0.7822162959,TRUE
7.5PB,4,18,0.1798,0.1185,12,0.5004523585,0.2023446472,271.0133083,0.2417025949,0.3125706126,0.83140666,TRUE
7.5PB,4,20,0.1742,0.1058,12,0.5033563913,0.2260329518,271.168918,0.2366439716,0.2919047204,0.885793636,TRUE
7.5PB,4,22,0.1713,0.098,12,0.5056804941,0.2421542742,271.5518278,0.2391995272,0.2738814624,0.9232105011,TRUE
7.5PB,4,24,0.1684,0.0899,12,0.5085317313,0.2605453985,271.9223794,0.2436753758,0.2494062748,0.9663180347,TRUE
7.5PB,4,26,0.1659,0.0825,12,0.5116498837,0.279104832,272.2757402,0.2504035335,0.2186429238,1.010302119,FALSE
7.5PB,4,28,0.164,0.077,12,0.514301789,0.2942190666,272.4313566,0.2555018164,0.1875750078,1.046531705,FALSE
7.5PB,4,30,0.162,0.072,12,0.5168940195,0.309136142,272.2751479,0.2567299934,0.1497992852,1.082737258,FALSE
7.5PB,4,32,0.16,0.066,12,0.5206868389,0.3286660881,272.3516804,0.2646954698,0.06203223909,1.13062491,FALSE
7.5PB,4,34,0.158,0.06,12,0.5251555346,0.3504039464,272.3293363,0.2739016027,-0.1581191715,1.184735071,FALSE
7.5PB,4,36,0.157,0.054,12,0.5311658009,0.3747874884,273.1534359,0.3014271175,-0.4607704206,1.246029305,FALSE
7.5PB,4,38,0.155,0.049,12,0.5363166353,0.3977749384,272.638189,0.3071260521,-0.7326256687,1.30545055,FALSE
7.5PB,4,40,0.153,0.044,12,0.5424717785,0.4237452919,271.9827576,0.3139529934,-1.0662662,1.373744275,FALSE
10PB,4,2,0.2911,0.2804,12,0.4905284809,0.02568091898,292.9404915,0.3793569464,0.3689991572,0.4322488649,TRUE
10PB,4,4,0.2759,0.2522,12,0.4919151243,0.04804840775,292.2512981,0.3814780681,0.3615701863,0.479884341,TRUE
10PB,4,6,0.2618,0.2263,12,0.493472914,0.0707113268,291.5819691,0.3834707594,0.3530071157,0.5277913597,TRUE
10PB,4,8,0.2497,0.2038,12,0.4951663477,0.09256314107,291.1453766,0.3860738543,0.3433606424,0.5737231147,TRUE
10PB,4,10,0.2388,0.1837,12,0.4970072741,0.1141861555,290.6299759,0.3885963264,0.3324580472,0.6194129076,TRUE
10PB,4,12,0.2298,0.1659,12,0.4991213571,0.1356707249,290.586366,0.3938194531,0.3192018316,0.6643234491,TRUE
10PB,4,14,0.222,0.1503,12,0.5013892583,0.1566272886,290.5142223,0.3996843125,0.304092287,0.708392864,TRUE
10PB,4,16,0.217,0.1373,12,0.5039913987,0.1766690333,291.3656818,0.4120930704,0.2851212773,0.7486792972,TRUE
10PB,4,18,0.212,0.1256,12,0.5066488225,0.1963785498,291.7188485,0.4226575782,0.2640017768,0.7893775295,TRUE
10PB,4,20,0.2075,0.114,12,0.5099115103,0.2183726493,292.2898907,0.4370992153,0.2346000589,0.8343957175,TRUE
10PB,4,22,0.2048,0.1064,12,0.512479117,0.2344130466,292.7798742,0.4491322956,0.2077491495,0.8670067231,TRUE
10PB,4,24,0.202,0.0985,12,0.5155395806,0.2525851789,293.2635546,0.4631304079,0.1692000138,0.9042121514,TRUE
10PB,4,26,0.1994,0.0904,12,0.5192753086,0.2733407721,293.8932574,0.4808317552,0.1021037125,0.946428905,TRUE
10PB,4,28,0.1971,0.084,12,0.5226092955,0.2911294542,294.2270697,0.4951409229,-0.02874147824,0.9835746672,FALSE
10PB,4,30,0.1952,0.0778,12,0.5264326731,0.310320269,294.7314056,0.5125760216,-0.2182015929,1.023085006,FALSE
10PB,4,32,0.192,0.071,12,0.5308857141,0.3322301163,294.6149758,0.5272803924,-0.4396325641,1.072188454,FALSE
10PB,4,34,0.191,0.064,12,0.5373193225,0.3605968458,295.8340678,0.5598410731,-0.7723892881,1.128266636,FALSE
10PB,4,36,0.189,0.058,12,0.5433983008,0.3864413917,296.2023845,0.5840457424,-1.090939991,1.184102818,FALSE
10PB,4,38,0.187,0.052,12,0.5507029453,0.4156977059,296.5680398,0.6121782872,-1.483002394,1.248323774,FALSE
10PB,4,40,0.184,0.046,12,0.5591215184,0.4473898431,296.3387339,0.6380017195,-1.943584394,1.324172166,FALSE
2.5P,4,2,0.2962,0.2807,12,0.4910616889,0.02666503585,303.3162672,0.3907900155,0.3657212642,0.4293037194,TRUE
2.5P,4,4,0.2855,0.2531,12,0.492976876,0.04996071218,303.5901997,0.404279686,0.3547705535,0.4738626559,TRUE
2.5P,4,6,0.2763,0.23,12,0.4948927555,0.07152064988,303.5832456,0.4168815564,0.3433646834,0.514632942,TRUE
2.5P,4,8,0.2685,0.2089,12,0.4970882327,0.09366774577,304.0926867,0.4319360492,0.3295578798,0.5551546249,TRUE
2.5P,4,10,0.2619,0.1903,12,0.4994534782,0.1155475223,304.6550073,0.4480726766,0.3137070436,0.5944082103,TRUE
2.5P,4,12,0.2559,0.173,12,0.5021104657,0.1383310125,305.2031753,0.4657850796,0.2944847405,0.6347970879,TRUE
2.5P,4,14,0.2509,0.1585,12,0.5047640304,0.1596164355,305.6490414,0.4828858116,0.2734682152,0.6723324571,TRUE
2.5P,4,16,0.2467,0.1452,12,0.5077081659,0.1815961067,306.2369057,0.501990507,0.2472992341,0.7102754611,TRUE
2.5P,4,18,0.243,0.1332,12,0.5108501553,0.2037161881,306.7900144,0.5218291461,0.2148788388,0.7482317147,TRUE
2.5P,4,20,0.2394,0.1221,12,0.5142233777,0.2262925387,307.2127828,0.5419854302,0.1720292989,0.787368239,TRUE
2.5P,4,22,0.2371,0.1143,12,0.5170052534,0.2439574777,307.6114784,0.5586307299,0.1245192594,0.8174936784,TRUE
2.5P,4,24,0.2348,0.1062,12,0.5203077501,0.264056563,308.0616784,0.5780372394,0.01646307304,0.8516065697,TRUE
2.5P,4,26,0.2322,0.0978,12,0.5241978789,0.2867566378,308.4423379,0.5996756036,-0.1834400629,0.8908028191,FALSE
2.5P,4,28,0.2302,0.0909,12,0.5279121356,0.3074683182,308.8158272,0.6200740149,-0.37760328,0.9263138906,FALSE
2.5P,4,30,0.2285,0.0847,12,0.5317359627,0.3279582275,309.1943602,0.6407566395,-0.5808324367,0.9612920395,FALSE
2.5P,4,32,0.2265,0.0774,12,0.536930208,0.3546295872,309.6478273,0.6680189655,-0.8618866585,1.007047693,FALSE
2.5P,4,34,0.224,0.07,12,0.5430104129,0.3842936888,309.9441019,0.6975384967,-1.196136838,1.059946493,FALSE
2.5P,4,36,0.222,0.064,12,0.5488484892,0.4113947059,310.2103848,0.7251129686,-1.524549745,1.10859317,FALSE
2.5P,4,38,0.22,0.057,12,0.5571165479,0.4479363626,310.6618784,0.7639902847,-2.004163836,1.17347209,FALSE
2.5P,4,40,0.218,0.051,12,0.5656234193,0.4833880913,310.9655879,0.8016772387,-2.511351837,1.238484396,FALSE
5P,4,2,0.3022,0.2825,12,0.4915263895,0.02734669595,313.4862779,0.401794277,0.3627430205,0.4238560354,TRUE
5P,4,4,0.2958,0.2565,12,0.493777529,0.05104223697,313.5566842,0.4234108285,0.3492697573,0.4637298039,TRUE
5P,4,6,0.2903,0.2347,12,0.4960104639,0.0731295989,313.7086856,0.4436103493,0.3351241166,0.5000997038,TRUE
5P,4,8,0.2855,0.215,12,0.4984159901,0.09542347491,314.0553661,0.4645848265,0.3188434762,0.535813794,TRUE
5P,4,10,0.2814,0.1967,12,0.5011026321,0.118742443,314.5952744,0.4874145192,0.2991088502,0.5719815695,TRUE
5P,4,12,0.2778,0.1808,12,0.5038369752,0.1412780836,315.0340633,0.5095728442,0.2770112951,0.6065310038,TRUE
5P,4,14,0.2747,0.166,12,0.5068522984,0.1648176281,315.5524029,0.5333351093,0.2495136621,0.64179247,TRUE
5P,4,16,0.2718,0.152,12,0.5101987194,0.189699214,316.050383,0.5586460003,0.2136159378,0.6786776625,TRUE
5P,4,18,0.2693,0.1408,12,0.5132741234,0.211624592,316.3868075,0.5807507411,0.1727273974,0.7113281557,TRUE
5P,4,20,0.267,0.13,12,0.5167099845,0.2350919264,316.7621282,0.6047627261,0.107912384,0.7458886783,TRUE
5P,4,22,0.2652,0.1218,12,0.5196701475,0.2545763016,317.0378592,0.6247167374,-0.01145486804,0.7746172012,FALSE
5P,4,24,0.2635,0.1132,12,0.5232212908,0.2771192111,317.3957752,0.648271664,-0.2035909195,0.8073647658,FALSE
5P,4,26,0.2618,0.1052,12,0.526956386,0.2999984089,317.7008891,0.6721001847,-0.4087742516,0.84085699,FALSE
5P,4,28,0.26,0.0971,12,0.5312679833,0.3254377327,317.9993097,0.6986416258,-0.649709379,0.8783072693,FALSE
5P,4,30,0.2588,0.0907,12,0.5352006604,0.3478461252,318.3073998,0.7225847759,-0.8743162473,0.9107396519,FALSE
5P,4,32,0.2574,0.0833,12,0.5403921876,0.3763930023,318.6692097,0.7532667755,-1.176808728,0.9521849706,FALSE
5P,4,34,0.256,0.074,12,0.5482625081,0.4178036492,319.2321553,0.7988188161,-1.650303992,1.011489816,FALSE
5P,4,36,0.255,0.069,12,0.5531648614,0.4424733342,319.4795447,0.825767948,-1.952063737,1.047792444,FALSE
5P,4,38,0.254,0.063,12,0.5599681927,0.4756035493,319.8353984,0.8626390632,-2.382330957,1.096154093,FALSE
5P,4,40,0.254,0.056,12,0.5697834693,0.5219738703,320.5323357,0.9167550084,-3.033191072,1.160254892,FALSE
7.5P,4,2,0.3093,0.2859,12,0.4919274235,0.02779049256,324.2407668,0.4125324718,0.3600418746,0.4156843826,TRUE
7.5P,4,4,0.3084,0.2622,12,0.4945150689,0.05215817454,324.3434075,0.4426535212,0.3438342416,0.449086062,TRUE
7.5P,4,6,0.3076,0.2416,12,0.4971273441,0.07575946247,324.5813804,0.4711428387,0.3261566146,0.480491681,TRUE
7.5P,4,8,0.3066,0.2228,12,0.4998491794,0.09949972692,324.7281761,0.498939983,0.3060818361,0.5117114424,TRUE
7.5P,4,10,0.3056,0.206,12,0.5026371349,0.1229468829,324.8865026,0.5258890289,0.2833465354,0.5420890258,TRUE
7.5P,4,12,0.3045,0.1905,12,0.5055670708,0.1467533573,325.0225352,0.5527445994,0.2564060976,0.5727000458,TRUE
7.5P,4,14,0.3035,0.1755,12,0.5088417876,0.1723841279,325.2260189,0.5815060357,0.2210565995,0.6050796158,TRUE
7.5P,4,16,0.3028,0.1621,12,0.512240528,0.1980078801,325.4949786,0.6102978507,0.1748645419,0.6367357341,TRUE
7.5P,4,18,0.3016,0.15,12,0.5156693746,0.2230711517,325.6055374,0.6376279315,0.1074272007,0.6684158831,TRUE
7.5P,4,20,0.301,0.1396,12,0.519097122,0.247270217,325.8362567,0.6644881576,-0.04806697859,0.6979732319,FALSE
7.5P,4,22,0.3001,0.1306,12,0.522375311,0.2697647594,325.9584401,0.6889526229,-0.2353257066,0.726033068,FALSE
7.5P,4,24,0.2993,0.1225,12,0.5256802061,0.2918130074,326.0872244,0.7129504286,-0.4275111356,0.7534111089,FALSE
7.5P,4,26,0.2986,0.1135,12,0.5298577615,0.3188702927,326.2877129,0.7426522244,-0.6758067899,0.7865199942,FALSE
7.5P,4,28,0.2979,0.1062,12,0.5336607318,0.3427707897,326.4346525,0.7687670129,-0.9061797763,0.8160023153,FALSE
7.5P,4,30,0.2969,0.0979,12,0.5385247068,0.3723846706,326.5774171,0.8009792846,-1.206610925,0.8529720452,FALSE
7.5P,4,32,0.2962,0.0906,12,0.543458302,0.4014816178,326.7523736,0.8329847727,-1.51941977,0.8888907993,FALSE
7.5P,4,34,0.295,0.082,12,0.5501260067,0.4393075432,326.9090274,0.8743953004,-1.952282244,0.9366233552,FALSE
7.5P,4,36,0.295,0.075,12,0.5567088534,0.4755757987,327.2205624,0.9155442248,-2.398119918,0.9799811987,FALSE
7.5P,4,38,0.294,0.069,12,0.5629827891,0.5085992353,327.3275784,0.9521346457,-2.829760091,1.022340686,FALSE
7.5P,4,40,0.293,0.062,12,0.5716010246,0.5523365929,327.4975609,1.001323983,-3.44310401,1.078312894,FALSE
10P,4,2,0.3162,0.2902,12,0.4921990936,0.02799239336,334.1393262,0.421143767,0.3580923684,0.4064195901,TRUE
10P,4,4,0.321,0.2686,12,0.4951180247,0.05373439335,334.0979571,0.4591869718,0.3390992119,0.4334915302,TRUE
10P,4,6,0.3248,0.2493,12,0.4980197431,0.07880305048,333.9661809,0.4940326593,0.318323589,0.4598351822,TRUE
10P,4,8,0.328,0.2318,12,0.5009639407,0.103669962,333.8888745,0.5271190117,0.2948539193,0.4857469044,TRUE
10P,4,10,0.3306,0.2162,12,0.5038872398,0.1278189471,333.8246947,0.5581088034,0.2685003732,0.5108158852,TRUE
10P,4,12,0.3331,0.2014,12,0.5070077606,0.1529842677,333.8383091,0.5896800414,0.2357279463,0.5365052858,TRUE
10P,4,14,0.3351,0.1875,12,0.5102603408,0.1786312142,333.8083943,0.6209305746,0.193851695,0.5628548924,TRUE
10P,4,16,0.337,0.1756,12,0.5134047741,0.202830372,333.8598261,0.6501227243,0.1392143185,0.5871791668,TRUE
10P,4,18,0.3386,0.1626,12,0.5172027749,0.2313891017,333.8480029,0.6837248952,-0.000815270408,0.6163556316,FALSE
10P,4,20,0.34,0.15,12,0.5213751434,0.2619176119,333.8456154,0.7191325234,-0.2526391929,0.6475291076,FALSE
10P,4,22,0.3411,0.1424,12,0.5242207495,0.2822609303,333.9037094,0.7427658563,-0.4288665086,0.6677769751,FALSE
10P,4,24,0.3421,0.1337,12,0.5277616928,0.307072057,333.9381767,0.7712281583,-0.6521841657,0.6928183163,FALSE
10P,4,26,0.3428,0.1248,12,0.5317492745,0.3343559434,333.9392647,0.8021422995,-0.9088342215,0.720825526,FALSE
10P,4,28,0.3432,0.1172,12,0.5355137945,0.3594983767,333.926633,0.8304132498,-1.156230628,0.7469275753,FALSE
10P,4,30,0.344,0.108,12,0.5406993072,0.3932820729,333.9740732,0.8686332471,-1.506836733,0.7813679999,FALSE
10P,4,32,0.345,0.1,12,0.5458853064,0.4261834036,334.0676199,0.9060948877,-1.868876143,0.8143474827,FALSE
10P,4,34,0.346,0.093,12,0.5510306167,0.4580083332,334.1715296,0.9424530792,-2.238842059,0.8460759247,FALSE
10P,4,36,0.346,0.085,12,0.5575294415,0.4967757315,334.1632265,0.9859758818,-2.715396603,0.8871606808,FALSE
10P,4,38,0.347,0.078,12,0.5642821589,0.5361149717,334.2841141,1.031178968,-3.232479595,0.9268381737,FALSE
2.5RP,4,2,0.3231,0.2951,12,0.4923977307,0.0282996853,343.8122266,0.4285476852,0.3565696111,0.3963842138,TRUE
2.5RP,4,4,0.334,0.277,12,0.4954843921,0.05447003556,343.6060136,0.472344724,0.3358260918,0.4149621417,TRUE
2.5RP,4,6,0.3442,0.2595,12,0.4987239266,0.08161625463,343.3993583,0.5146685356,0.3113811276,0.4344483336,TRUE
2.5RP,4,8,0.3533,0.2438,12,0.5019089694,0.1079554853,343.2773765,0.5536134558,0.2839114031,0.4532793572,TRUE
2.5RP,4,10,0.3608,0.2301,12,0.5048971316,0.1323788716,343.1041371,0.588069686,0.2539982047,0.4711423715,TRUE
2.5RP,4,12,0.3683,0.2162,12,0.5081999186,0.1590154166,342.9540914,0.6243838311,0.2140169515,0.490650741,TRUE
2.5RP,4,14,0.3748,0.2039,12,0.5113832583,0.1843360349,342.8284702,0.6578974776,0.1636718837,0.5092788647,TRUE
2.5RP,4,16,0.3807,0.1923,12,0.5146350064,0.2098478822,342.6980174,0.6908038803,0.08158270193,0.5282622795,TRUE
2.5RP,4,18,0.3865,0.1802,12,0.5183173739,0.2383066033,342.5381167,0.7266268619,-0.1376352593,0.5498124356,FALSE
2.5RP,4,20,0.3926,0.1679,12,0.5224921841,0.2700129938,342.4296974,0.7659633171,-0.4110554345,0.5735017579,FALSE
2.5RP,4,22,0.3967,0.1593,12,0.5256780556,0.2938227104,342.3458532,0.7950328439,-0.6257000094,0.5914855387,FALSE
2.5RP,4,24,0.4011,0.1504,12,0.5292834331,0.3203795056,342.2866272,0.8272289881,-0.8752994332,0.6113331766,FALSE
2.5RP,4,26,0.4048,0.1428,12,0.5326226017,0.3446141576,342.2357688,0.8563451603,-1.112445027,0.6295341358,FALSE
2.5RP,4,28,0.409,0.134,12,0.5368345866,0.3746983891,342.1751044,0.8922017872,-1.419665289,0.6522727705,FALSE
2.5RP,4,30,0.414,0.122,12,0.5432176997,0.4192306956,342.0382525,0.9445571411,-1.900770371,0.6870409133,FALSE
2.5RP,4,32,0.417,0.115,12,0.5474203124,0.4479203848,341.9752886,0.9782013651,-2.228907628,0.7093746291,FALSE
2.5RP,4,34,0.419,0.108,12,0.5519007676,0.4778283579,341.835664,1.012709089,-2.58520298,0.7342076132,FALSE
5RP,4,2,0.331,0.301,12,0.4925848152,0.02918000995,354.4060338,0.4361923093,0.3550610385,0.3845457611,TRUE
5RP,4,4,0.3491,0.2872,12,0.4958215151,0.05609042985,353.9535958,0.4855870216,0.332574837,0.3929687432,TRUE
5RP,4,6,0.3671,0.2733,12,0.4992319475,0.08424846738,353.6620267,0.5335006314,0.3054771481,0.4021890402,TRUE
5RP,4,8,0.3833,0.26,12,0.5025815583,0.1117127058,353.2779235,0.5772803119,0.2743953818,0.4122399826,TRUE
5RP,4,10,0.396,0.2489,12,0.5054553524,0.1351172055,352.9096633,0.6127765813,0.2428020218,0.4216648427,TRUE
5RP,4,12,0.4104,0.2361,12,0.5089473156,0.1633408609,352.5406411,0.6540135364,0.1946549557,0.4334135433,TRUE
5RP,4,14,0.4225,0.2249,12,0.5121545536,0.1890514294,352.2141914,0.6902834172,0.1317581502,0.4447238764,TRUE
5RP,4,16,0.4339,0.2139,12,0.5154637691,0.2153586539,351.8868914,0.7263387677,-0.01505145526,0.4568871553,FALSE
5RP,4,18,0.4455,0.2023,12,0.5191639301,0.2444982397,351.544748,0.7652765175,-0.2669170326,0.4709110153,FALSE
5RP,4,20,0.4571,0.1906,12,0.5231865601,0.2758398985,351.2307518,0.8063067666,-0.5511940195,0.4862411837,FALSE
5RP,4,22,0.4656,0.1821,12,0.5263328153,0.3001080926,351.0286228,0.8376249235,-0.7812490813,0.4981380799,FALSE
5RP,4,24,0.473,0.172,12,0.5300688615,0.3285934301,350.5962664,0.873067319,-1.059793506,0.5150325512,FALSE
5RP,4,26,0.482,0.162,12,0.534266697,0.3602472648,350.3291347,0.9126414803,-1.385837095,0.5319414011,FALSE
5RP,4,28,0.489,0.154,12,0.5378767863,0.3871446674,350.1148559,0.9459096489,-1.675142473,0.5466271346,FALSE
5RP,4,30,0.499,0.143,12,0.543341409,0.4273200007,349.8624724,0.9953505225,-2.129863388,0.5682932214,FALSE
7.5RP,4,2,0.3371,0.3061,12,0.4926686082,0.02994988949,2.471985155,0.4411298456,0.3542718864,0.3747227676,TRUE
7.5RP,4,4,0.3612,0.2963,12,0.4959667769,0.05738661072,2.026695785,0.4940896676,0.3308354285,0.3741652807,TRUE
7.5RP,4,6,0.385,0.2859,12,0.4993609527,0.08541217551,1.602372517,0.5440653818,0.3030166862,0.3745623085,TRUE
7.5RP,4,8,0.4072,0.275,12,0.5027563319,0.1132265935,1.034210842,0.5904807281,0.270188878,0.3766581835,TRUE
7.5RP,4,10,0.4259,0.2651,12,0.505805312,0.1380316313,0.5376044265,0.6298802214,0.2345529323,0.3795993436,TRUE
7.5RP,4,12,0.445,0.2541,12,0.5091698045,0.165216879,359.9718863,0.6712846897,0.1840666225,0.384163085,TRUE
7.5RP,4,14,0.4629,0.2437,12,0.5124755657,0.1917529516,359.5411585,0.7104810768,0.1085903199,0.3888913763,TRUE
7.5RP,4,16,0.4799,0.2329,12,0.5159306504,0.21928681,359.0477133,0.7498376169,-0.09009891381,0.3952255425,FALSE
7.5RP,4,18,0.4965,0.2217,12,0.5196208661,0.2484729801,358.5399556,0.7904347688,-0.3536141788,0.4030021282,FALSE
7.5RP,4,20,0.513,0.2101,12,0.5236231958,0.2798685179,358.0388784,0.8331095406,-0.6510377205,0.412195087,FALSE
7.5RP,4,22,0.523,0.202,12,0.5264485043,0.3018556703,357.624913,0.8622159269,-0.8672789791,0.42015897,FALSE
7.5RP,4,24,0.536,0.192,12,0.5302034861,0.3308717612,357.1995995,0.9003453579,-1.164702446,0.4301535309,FALSE
7.5RP,4,26,0.549,0.181,12,0.534521758,0.3639203656,356.6953706,0.9429365431,-1.518673676,0.4430118174,FALSE
10RP,4,2,0.3417,0.3106,12,0.4926656596,0.03037248724,8.931457973,0.4439250118,0.354097143,0.3664960587,TRUE
10RP,4,4,0.3715,0.3042,12,0.4960643488,0.05895665209,8.537145341,0.5006080665,0.3295474175,0.3579638394,TRUE
10RP,4,6,0.3999,0.2972,12,0.4993617948,0.08640276114,8.202721044,0.5509747619,0.3019061198,0.3504469493,TRUE
10RP,4,8,0.4282,0.289,12,0.5027839927,0.114574581,7.740562403,0.5995946237,0.2678539138,0.3440793758,TRUE
10RP,4,10,0.4528,0.2811,12,0.5058773899,0.1398056113,7.339842258,0.6411663594,0.2301700928,0.3392222463,TRUE
10RP,4,12,0.4789,0.2717,12,0.5093488407,0.167858749,6.847814021,0.685599678,0.174410996,0.3351754489,TRUE
10RP,4,14,0.502,0.2623,12,0.512655961,0.1943400002,6.323806786,0.7260810871,0.08745801012,0.3329685482,TRUE
10RP,4,16,0.5234,0.253,12,0.515906684,0.2201742962,5.842776518,0.764532887,-0.1255314005,0.3317109235,FALSE
10RP,4,18,0.5466,0.2424,12,0.5196510781,0.2497071103,5.341630349,0.8074834148,-0.4031589668,0.3310999489,FALSE
10RP,4,20,0.5674,0.2319,12,0.5233498923,0.2786377692,4.813832466,0.8485295947,-0.6885844503,0.3322476558,FALSE
10RP,4,22,0.582,0.224,12,0.5261702235,0.3005472177,4.411083443,0.8790532457,-0.913697548,0.334072605,FALSE
10RP,4,24,0.598,0.214,12,0.5297118719,0.3278735842,3.819928597,0.9162926483,-1.204482751,0.3387370571,FALSE
2.5R,4,2,0.3461,0.315,12,0.4926534996,0.03101931133,14.95797495,0.4463923739,0.3539928199,0.35851984,TRUE
2.5R,4,4,0.3806,0.3125,12,0.4960086508,0.05982251585,14.79384005,0.5044420079,0.3294569366,0.3419097976,TRUE
2.5R,4,6,0.4141,0.3085,12,0.4993021184,0.0876275493,14.46002144,0.5563496176,0.3014208803,0.3265938971,TRUE
2.5R,4,8,0.4472,0.3031,12,0.5026333256,0.1153220515,14.06766853,0.6051598563,0.2676759582,0.3121224761,TRUE
2.5R,4,10,0.4774,0.2969,12,0.5057831042,0.1411410861,13.65512552,0.6486824209,0.2284382672,0.2995083293,TRUE
2.5R,4,12,0.5072,0.2897,12,0.5090195344,0.1673454626,13.23137043,0.6913288721,0.1753263594,0.2874615481,TRUE
2.5R,4,14,0.5369,0.281,12,0.5124775097,0.1949709657,12.67844039,0.734848222,0.08052633371,0.2765727653,TRUE
2.5R,4,16,0.562,0.2724,12,0.5156350664,0.2199066004,12.11837901,0.7730580249,-0.135473878,0.2684479245,FALSE
2.5R,4,18,0.5898,0.2622,12,0.5193296041,0.2488230201,11.54632714,0.8164460488,-0.4152656431,0.259623976,FALSE
2.5R,4,20,0.615,0.253,12,0.5227713685,0.2755494241,11.17676284,0.8559833572,-0.6877480857,0.2505773839,FALSE
2.5R,4,22,0.633,0.244,12,0.5257731456,0.2985876883,10.55109924,0.8890382308,-0.9318543791,0.2481394838,FALSE
2.5R,4,24,0.654,0.236,12,0.5288951191,0.3224739748,10.33672853,0.9236156647,-1.197367218,0.2399239677,FALSE
5R,4,2,0.3508,0.32,12,0.4926125374,0.03185794101,21.42180911,0.448589269,0.354064375,0.3496338266,TRUE
5R,4,4,0.3916,0.3223,12,0.4959677147,0.06172989709,21.78418238,0.5090363868,0.3291838943,0.3227174497,TRUE
5R,4,6,0.4299,0.3226,12,0.4990800218,0.08882952453,21.84020215,0.560031082,0.3022966237,0.2976022005,TRUE
5R,4,8,0.469,0.3209,12,0.502297438,0.1162059781,21.70389243,0.6089213489,0.2693572904,0.2719228952,TRUE
5R,4,10,0.5043,0.3176,12,0.5052880978,0.141107458,21.46332433,0.6516617781,0.2319726595,0.2483729207,TRUE
5R,4,12,0.5385,0.3129,12,0.508293987,0.1656743983,21.1771606,0.6925648459,0.1835014147,0.2246690587,TRUE
5R,4,14,0.5734,0.3057,12,0.5116287402,0.1923012769,20.6071736,0.7356940825,0.09978015083,0.200545334,TRUE
5R,4,16,0.6039,0.2978,12,0.5147670368,0.2169347602,20.02518956,0.7746765911,-0.1014903324,0.1785427173,FALSE
5R,4,18,0.6329,0.2881,12,0.5181116479,0.2427215442,19.23296221,0.8145939905,-0.35631562,0.1581462048,FALSE
5R,4,20,0.658,0.278,12,0.5213497616,0.2673547074,18.39550272,0.8519662544,-0.6120825699,0.1410077354,FALSE
5R,4,22,0.678,0.27,12,0.5239986663,0.2873991521,17.87454574,0.8820489803,-0.8289344521,0.1244376272,FALSE
5R,4,24,0.699,0.26,12,0.5271567717,0.3110468289,17.13298913,0.9169643112,-1.094875373,0.1085269859,FALSE
7.5R,4,2,0.3538,0.3236,12,0.4925492549,0.03237233956,25.88146293,0.4494835334,0.3543505766,0.3434580467,TRUE
7.5R,4,4,0.399,0.33,12,0.4958345562,0.06280842289,26.98259086,0.5106996887,0.3297984385,0.3082901861,TRUE
7.5R,4,6,0.4415,0.334,12,0.4988247715,0.08985913851,27.56306541,0.5613341549,0.3037910073,0.2744018343,TRUE
7.5R,4,8,0.485,0.3359,12,0.5018732666,0.1167232359,27.91229986,0.6091864811,0.2725531464,0.2379620654,TRUE
7.5R,4,10,0.5235,0.3351,12,0.5046779822,0.1406386768,27.88233867,0.6503398363,0.2379648707,0.2038151922,TRUE
7.5R,4,12,0.5603,0.3321,12,0.5075052629,0.164057824,27.64559958,0.6896170721,0.1941610181,0.1679032581,TRUE
7.5R,4,14,0.5959,0.3269,12,0.5104466494,0.1877513386,27.21578012,0.7285319741,0.1296023908,0.1275993746,TRUE
7.5R,4,16,0.626,0.3192,12,0.5133270664,0.2101084109,26.33620702,0.764672422,-0.01283326779,0.0890213077,FALSE
7.5R,4,18,0.6538,0.31,12,0.5162938259,0.232672678,25.33478948,0.8005286965,-0.236294827,0.04006033462,FALSE
7.5R,4,20,0.6806,0.2988,12,0.5195542609,0.2570300599,24.12608241,0.8385586103,-0.4903034344,-0.01636746424,FALSE
7.5R,4,22,0.703,0.291,12,0.5221215369,0.2763367059,23.67377021,0.8683398931,-0.6986870708,-0.07601774142,FALSE
7.5R,4,24,0.726,0.28,12,0.5253159088,0.2998489775,22.73775399,0.9041001729,-0.9646552762,-0.1232839123,FALSE
10R,4,2,0.3582,0.3294,12,0.4924120612,0.03323424155,32.80165887,0.4501734206,0.3550590361,0.3337648901,TRUE
10R,4,4,0.4078,0.3412,12,0.4954957376,0.0637990375,34.33436381,0.5103440767,0.3318818794,0.2883606931,TRUE
10R,4,6,0.4535,0.35,12,0.4981820631,0.08988710872,35.46037556,0.5580364372,0.3085984151,0.24388259,TRUE
10R,4,8,0.4995,0.3557,12,0.500918229,0.115366297,35.99157624,0.6026479267,0.2812280007,0.1951753138,TRUE
10R,4,10,0.5418,0.358,12,0.5035319441,0.1387097904,36.1505724,0.6423280279,0.2504993396,0.1422168261,TRUE
10R,4,12,0.5801,0.3588,12,0.505902915,0.159593444,36.50147999,0.6767397651,0.2169099901,0.07081437502,TRUE
10R,4,14,0.6154,0.3568,12,0.5082884374,0.1796832995,36.4673757,0.7095475267,0.1745448093,-0.04822570736,FALSE
10R,4,16,0.6409,0.3533,12,0.5101994369,0.1951087413,36.16539948,0.7346845959,0.1290371385,-0.1311716932,FALSE
10R,4,18,0.671,0.348,12,0.5125703866,0.213944879,35.85199434,0.7650018027,0.02118542317,-0.2260534335,FALSE
10R,4,20,0.698,0.344,12,0.5146027887,0.230429514,36.09027639,0.7907205285,-0.1332923031,-0.3168487205,FALSE
10R,4,22,0.726,0.338,12,0.5169318998,0.2487664984,36.1688115,0.8192728583,-0.3144366247,-0.4058317282,FALSE
10R,4,24,0.756,0.332,12,0.5193872339,0.2683996766,36.73812707,0.8489743999,-0.5114828337,-0.506377439,FALSE
2.5YR,4,2,0.3624,0.3367,12,0.4921308279,0.03397760677,41.42634811,0.4488722369,0.3566986521,0.3223587183,TRUE
2.5YR,4,4,0.4141,0.3539,12,0.4948547211,0.06373101873,42.83624282,0.505169507,0.3362783993,0.2679410365,TRUE
2.5YR,4,6,0.4612,0.3674,12,0.4971698141,0.0886667766,44.23148532,0.5487044554,0.3166018607,0.2133898799,TRUE
2.5YR,4,8,0.5071,0.3777,12,0.4994158173,0.1119634812,45.21160327,0.5875402409,0.295142612,0.1501567879,TRUE
2.5YR,4,10,0.5475,0.3856,12,0.5013203224,0.1317863336,46.36996437,0.6188205063,0.2746120845,0.06290332105,TRUE
2.5YR,4,12,0.5809,0.391,12,0.5028896406,0.148027774,47.38527522,0.6434779139,0.2557236974,-0.07656234948,FALSE
2.5YR,4,14,0.614,0.396,12,0.5043947496,0.1640303374,48.67992523,0.6665008957,0.2354385455,-0.2137514132,FALSE
2.5YR,4,16,0.639,0.4,12,0.505463786,0.1760949036,49.9833034,0.6826452237,0.219364323,-0.3159068716,FALSE
2.5YR,4,18,0.669,0.404,12,0.5067700646,0.19101169,51.60840767,0.7017887428,0.1974343172,-0.4331868587,FALSE
5YR,4,2,0.3651,0.3442,12,0.4917175843,0.03444132552,50.58204548,0.4450429051,0.3592210519,0.3116257836,TRUE
5YR,4,4,0.4187,0.3679,12,0.494022782,0.06391254712,52.34279798,0.4967977139,0.342028768,0.2467437664,TRUE
5YR,4,6,0.4651,0.3859,12,0.4958960283,0.08746240719,53.86320029,0.5347369899,0.326546035,0.1827624965,TRUE
5YR,4,8,0.507,0.3994,12,0.4975991192,0.1079059648,54.87129728,0.5662702736,0.3112147114,0.1070964717,TRUE
5YR,4,10,0.5432,0.4097,12,0.4990440114,0.1252238451,55.89531591,0.5915569624,0.2970926214,-0.02635691476,FALSE
5YR,4,12,0.5729,0.4169,12,0.5002475457,0.1394285226,56.72186051,0.6115984514,0.2844640652,-0.1551716363,FALSE
5YR,4,14,0.603,0.423,12,0.5014963586,0.1539975617,57.56825335,0.6315296235,0.2704083723,-0.2770473887,FALSE
7.5YR,4,2,0.3662,0.3504,12,0.4912941372,0.03480797127,58.51116451,0.4401931527,0.3618364618,0.3034668382,TRUE
7.5YR,4,4,0.4208,0.3809,12,0.4931430908,0.06451045213,61.3020616,0.4866643667,0.3480586261,0.2283171634,TRUE
7.5YR,4,6,0.4655,0.4029,12,0.4946063745,0.08707708666,62.92576024,0.5191356868,0.3362865938,0.155607497,TRUE
7.5YR,4,8,0.5038,0.4204,12,0.4957991586,0.1057759278,64.47261188,0.5438003872,0.3260540998,0.05680035395,TRUE
7.5YR,4,10,0.5356,0.4342,12,0.4967473525,0.1211823791,65.91154603,0.5624776822,0.3174820067,-0.1004836731,FALSE
7.5YR,4,12,0.559,0.445,12,0.4973523245,0.1326939198,67.40920763,0.5744778532,0.3117383085,-0.2138548345,FALSE
7.5YR,4,14,0.587,0.456,12,0.4981644752,0.1466589729,68.77529747,0.5893192673,0.3038696131,-0.3364651579,FALSE
10YR,4,2,0.366,0.359,12,0.4905868316,0.03554597899,70.19166245,0.4309249836,0.3661994335,0.2932674812,TRUE
10YR,4,4,0.4189,0.3948,12,0.4919628222,0.06500618964,71.68731352,0.4710088048,0.3560269886,0.2115431175,TRUE
10YR,4,6,0.4618,0.4213,12,0.4930415138,0.08735218889,73.07074081,0.4984528814,0.3476229064,0.1281703971,TRUE
10YR,4,8,0.4965,0.4414,12,0.4938880617,0.1049966687,74.32009357,0.5182436462,0.3407599501,-0.004983020155,FALSE
10YR,4,10,0.525,0.4573,12,0.4945568283,0.1195219817,75.49798794,0.533082941,0.3351632539,-0.1526946508,FALSE
10YR,4,12,0.545,0.468,12,0.495023962,0.1298338494,76.34938412,0.5429797125,0.3311737615,-0.248878061,FALSE
2.5Y,4,2,0.3633,0.3654,12,0.4898703518,0.03604798914,80.56807919,0.4200975661,0.3705923241,0.2873213741,TRUE
2.5Y,4,4,0.4138,0.4076,12,0.490697236,0.06606428778,81.90647129,0.4526391399,0.3642995957,0.1986955415,TRUE
2.5Y,4,6,0.4542,0.4391,12,0.491369485,0.08866874062,83.15689063,0.4745694972,0.3591206893,0.1040345047,TRUE
2.5Y,4,8,0.4865,0.4625,12,0.4919416859,0.1062525148,84.04574198,0.4906554557,0.3546993116,-0.05554238516,FALSE
2.5Y,4,10,0.512,0.48,12,0.4924077055,0.1201109866,84.76274029,0.5025997135,0.3510730242,-0.1916486437,FALSE
2.5Y,4,12,0.529,0.492,12,0.4926798462,0.1296753803,85.47279081,0.5096597625,0.3489113755,-0.2780148335,FALSE
5Y,4,2,0.359,0.3701,12,0.4891665123,0.03652634158,90.08875403,0.4083986235,0.3748481837,0.2844439784,TRUE
5Y,4,4,0.4069,0.4188,12,0.4894661461,0.06791430283,91.17540144,0.4334960365,0.3720479341,0.1895056833,TRUE
5Y,4,6,0.4451,0.455,12,0.4898113147,0.0912739295,91.97863351,0.4509002153,0.3692656549,0.08346555395,TRUE
5Y,4,8,0.4745,0.481,12,0.4901453886,0.1086578832,92.48947512,0.4634894925,0.3667351138,-0.08691175703,FALSE
5Y,4,10,0.496,0.503,12,0.4902096171,0.1227183756,93.82909397,0.4694401712,0.3660697797,-0.2197412701,FALSE
5Y,4,12,0.512,0.516,12,0.4904299757,0.1321729113,94.04363626,0.4758888946,0.3644779175,-0.3017561104,FALSE
7.5Y,4,2,0.3542,0.3727,12,0.4885829504,0.0368032133,97.71924624,0.3978388106,0.3783271066,0.2843722612,TRUE
7.5Y,4,4,0.3982,0.4272,12,0.4883237185,0.06970755788,99.17336756,0.4142503196,0.3789895597,0.18572691,TRUE
7.5Y,4,6,0.4331,0.4688,12,0.4882584935,0.09421212675,100.0859405,0.4254478072,0.3788772747,0.07131467944,TRUE
7.5Y,4,8,0.4595,0.499,12,0.488287719,0.1121867905,100.6431895,0.4334284677,0.3784163245,-0.1059705357,FALSE
7.5Y,4,10,0.481,0.523,12,0.4883427021,0.1268037303,101.1000116,0.4395539436,0.377904835,-0.2392816681,FALSE
7.5Y,4,12,0.494,0.538,12,0.4883530635,0.1360242964,101.5137543,0.4426112658,0.3777575704,-0.3154345463,FALSE
10Y,5,2,0.3422,0.3648,19.77,0.5765400278,0.03697977705,105.0993439,0.4868609817,0.4818621573,0.3831262778,TRUE
10Y,5,4,0.3762,0.4158,19.77,0.5756884836,0.07259643282,106.1370807,0.4956310272,0.4860773898,0.2813373626,TRUE
10Y,5,6,0.4072,0.4621,19.77,0.5751031316,0.1032611925,107.0115286,0.5020206242,0.4890068628,0.1657776733,TRUE
10Y,5,8,0.4307,0.4967,19.77,0.5747719583,0.1256986705,107.5495077,0.5064788686,0.4906811751,-0.02953997841,FALSE
10Y,5,10,0.4468,0.5209,19.77,0.5745491822,0.1412805605,108.0137796,0.5087308877,0.4918575096,-0.2341833202,FALSE
10Y,5,12,0.459,0.539,19.77,0.5744099372,0.153007698,108.3146044,0.5104975103,0.4926022231,-0.3759013292,FALSE
10Y,5,14,0.469,0.554,19.77,0.5742967503,0.1627810515,108.5825923,0.511718645,0.4932249455,-0.4858748422,FALSE
2.5GY,5,2,0.3352,0.3636,19.77,0.5759342479,0.03620252875,113.7605716,0.4726968963,0.4855519535,0.3898928122,TRUE
2.5GY,5,4,0.3621,0.4143,19.77,0.5745457843,0.07123281516,114.1448428,0.4697821588,0.4929175669,0.2962561128,TRUE
2.5GY,5,6,0.3879,0.4646,19.77,0.5734120756,0.1035184545,114.8235966,0.4658882597,0.498952372,0.187779753,TRUE
2.5GY,5,8,0.4088,0.5068,19.77,0.572592102,0.1293355886,115.4074316,0.461936995,0.5033507475,0.01157677122,TRUE
2.5GY,5,10,0.4224,0.5369,19.77,0.5720016703,0.1472314634,116.01282,0.4573722783,0.5065542337,-0.2103619745,FALSE
2.5GY,5,12,0.4333,0.5602,19.77,0.5716174468,0.160948639,116.3007933,0.454722345,0.5086433289,-0.3673027581,FALSE
2.5GY,5,14,0.44,0.58,19.77,0.5711503809,0.1722975548,116.9758169,0.4487229785,0.5111993132,-0.4806727497,FALSE
5GY,5,2,0.3289,0.3612,19.77,0.575491821,0.03520487017,121.0773268,0.461101084,0.4882281033,0.3977719766,TRUE
5GY,5,4,0.3482,0.4097,19.77,0.5736075467,0.06926196836,121.6071693,0.4458094176,0.4983841038,0.314697945,TRUE
5GY,5,6,0.3663,0.4614,19.77,0.5718382868,0.1025326917,122.6332801,0.4275115461,0.5077898773,0.2193705293,TRUE
5GY,5,8,0.3815,0.5093,19.77,0.5704063625,0.1311592524,123.3968162,0.4101701317,0.515294678,0.09493094783,TRUE
5GY,5,10,0.3928,0.5485,19.77,0.5693433502,0.1533813163,123.9493256,0.3955367672,0.5208040464,-0.1443960679,FALSE
5GY,5,12,0.4011,0.5802,19.77,0.5685341435,0.1707236752,124.3775579,0.383176524,0.5249611814,-0.3284713924,FALSE
5GY,5,14,0.407,0.604,19.77,0.5679619176,0.1834370981,124.6591689,0.3738514424,0.5278814276,-0.4527210885,FALSE
5GY,5,16,0.41,0.626,19.77,0.5673147443,0.1949567084,125.2497889,0.3611177136,0.531144706,-0.5502233906,FALSE
7.5GY,5,2,0.3188,0.356,19.77,0.5748759033,0.03384450823,133.2133451,0.4431576609,0.4919139682,0.4121442208,TRUE
7.5GY,5,4,0.3274,0.3994,19.77,0.5723677086,0.06661600144,133.3048113,0.4095671153,0.5053788947,0.3455145569,TRUE
7.5GY,5,6,0.3354,0.4483,19.77,0.5699564515,0.09983319779,133.6402445,0.3721410228,0.5178261055,0.2703115076,TRUE
7.5GY,5,8,0.3412,0.4976,19.77,0.5678050043,0.130347587,134.1659127,0.3323188419,0.528537117,0.1866158896,TRUE
7.5GY,5,10,0.3451,0.549,19.77,0.5657949297,0.1595702125,134.7199798,0.2873263901,0.5382066843,0.05047535631,TRUE
7.5GY,5,12,0.345,0.5949,19.77,0.5640233268,0.1841529584,135.5308282,0.2361465198,0.5464406064,-0.1771498287,FALSE
7.5GY,5,14,0.3429,0.6335,19.77,0.5625797874,0.2037393847,136.2444694,0.1809266716,0.552943026,-0.3364549787,FALSE
7.5GY,5,16,0.341,0.666,19.77,0.5614744459,0.2193462497,136.6770532,0.1219004005,0.5578068407,-0.4558137292,FALSE
7.5GY,5,18,0.339,0.697,19.77,0.5604962819,0.2335869794,136.9974667,0.02181346,0.5620298614,-0.5586766709,FALSE
7.5GY,5,20,0.333,0.733,19.77,0.5592254633,0.2498262709,137.69465,-0.189307341,0.5673575142,-0.6557598996,FALSE
10GY,5,2,0.311,0.3508,19.77,0.5744825398,0.03298821873,143.1453121,0.4298789825,0.4942524625,0.424791653,TRUE
10GY,5,4,0.3111,0.3881,19.77,0.5715528849,0.06468981373,143.2619772,0.3807368612,0.5098388534,0.3729157704,TRUE
10GY,5,6,0.3108,0.4301,19.77,0.5687728151,0.09634306862,143.1265491,0.3262592384,0.5238345636,0.3162761406,TRUE
10GY,5,8,0.308,0.4759,19.77,0.5660368087,0.1278584162,143.5062815,0.2576295555,0.5369115071,0.2553127722,TRUE
10GY,5,10,0.3028,0.5237,19.77,0.5634552234,0.1578890472,144.0202626,0.1626344858,0.5486346776,0.1875042795,TRUE
10GY,5,12,0.294,0.5751,19.77,0.5608562806,0.187772293,144.7563772,-0.1197241462,0.559839978,0.09493158951,FALSE
10GY,5,14,0.2838,0.6208,19.77,0.5586835879,0.212480763,145.4441215,-0.4643190368,0.5687561521,-0.0663816595,FALSE
10GY,5,16,0.2702,0.67,19.77,0.5564398782,0.2374937388,146.2314258,-0.818986711,0.5775366525,-0.2292913035,FALSE
10GY,5,18,0.2549,0.7179,19.77,0.5543596765,0.2603500057,146.9760986,-1.144167929,0.5853014015,-0.3598963018,FALSE
10GY,5,20,0.237,0.767,19.77,0.5522989364,0.2825150021,147.7440605,-1.462128342,0.5926422921,-0.4702452498,FALSE
10GY,5,22,0.221,0.808,19.77,0.5506622258,0.2999954664,148.3326151,-1.710107049,0.5982362133,-0.5491403112,FALSE
10GY,5,24,0.202,0.852,19.77,0.5489254148,0.3180602456,148.9932658,-1.969580943,0.6039389006,-0.6204604008,FALSE
10GY,5,26,0.179,0.898,19.77,0.5470495305,0.3365988067,149.8000518,-2.246034019,0.6098215783,-0.6795771835,FALSE
10GY,5,28,0.154,0.949,19.77,0.5451563152,0.3556924642,150.5037256,-2.516324432,0.6155190524,-0.7396230648,FALSE
10GY,5,30,0.125,1,19.77,0.5431584515,0.3746502953,151.3545859,-2.796120245,0.6212276332,-0.7844137511,FALSE
10GY,5,32,0.097,1.048,19.77,0.5413562602,0.3916706652,152.0830955,-3.040824145,0.626148342,-0.8210499339,FALSE
2.5G,5,2,0.303,0.3445,19.77,0.5741455515,0.03249129698,154.0430354,0.4166230742,0.496252733,0.4390519181,TRUE
2.5G,5,4,0.2943,0.3735,19.77,0.5708551449,0.06326893738,154.7069935,0.3499382453,0.5135687552,0.4043286615,TRUE
2.5G,5,6,0.2841,0.4045,19.77,0.5676740544,0.09344763141,155.1470927,0.2681587503,0.5291584835,0.3697798801,TRUE
2.5G,5,8,0.271,0.438,19.77,0.5644409128,0.1241435847,155.8431417,0.1350617632,0.543938959,0.3355133551,TRUE
2.5G,5,10,0.2565,0.4705,19.77,0.5614786872,0.1522489934,156.5533138,-0.2777034219,0.5565986548,0.3046573652,FALSE
2.5G,5,12,0.2385,0.5071,19.77,0.5583350213,0.182069117,157.3074834,-0.7838493726,0.5691687076,0.2719143972,FALSE
2.5G,5,14,0.2211,0.5411,19.77,0.5556380082,0.2078091419,157.8635106,-1.204317123,0.5792919517,0.2422254951,FALSE
2.5G,5,16,0.2005,0.5759,19.77,0.5528655659,0.2338127087,158.6116057,-1.628177861,0.5890680241,0.2139284897,FALSE
2.5G,5,18,0.1782,0.6095,19.77,0.5501787729,0.2586486807,159.4176736,-2.028150437,0.5979596714,0.1882494196,FALSE
2.5G,5,20,0.1579,0.6392,19.77,0.5479038355,0.2796862294,160.0449645,-2.355217857,0.6050760181,0.1653320876,FALSE
2.5G,5,22,0.1377,0.6674,19.77,0.5457787459,0.2992442222,160.6244893,-2.651674961,0.6113905808,0.143458241,FALSE
2.5G,5,24,0.1188,0.6918,19.77,0.5438959507,0.3163607732,161.1733454,-2.907732466,0.6167159519,0.1250816007,FALSE
2.5G,5,26,0.0992,0.7155,19.77,0.5420228516,0.3332232886,161.7382064,-3.155816164,0.6217717266,0.1076653369,FALSE
2.5G,5,28,0.0794,0.7385,19.77,0.5401923695,0.3496266172,162.2826581,-3.391123803,0.6264917563,0.0905016038,FALSE
2.5G,5,30,0.055,0.766,19.77,0.5380045518,0.3691860154,162.9109847,-3.662707419,0.6318601689,0.06865535781,FALSE
2.5G,5,32,0.034,0.789,19.77,0.5361700437,0.3855532234,163.4198953,-3.882274845,0.6361403276,0.0482621052,FALSE
5G,5,2,0.2978,0.3392,19.77,0.5740238378,0.03186229643,161.8834941,0.4091712843,0.4970136317,0.4500247404,TRUE
5G,5,4,0.2841,0.3628,19.77,0.5705321562,0.06269343561,162.4707582,0.3308869775,0.5152717899,0.4256427979,TRUE
5G,5,6,0.269,0.386,19.77,0.56722222,0.09198308828,163.2041766,0.230245883,0.5312487368,0.4041453994,TRUE
5G,5,8,0.2511,0.4107,19.77,0.5637855506,0.1224038257,164.0348891,-0.04220663753,0.5465871423,0.383734617,FALSE
5G,5,10,0.2329,0.4331,19.77,0.5606785092,0.149839998,164.8648039,-0.5708231163,0.55943913,0.3674821816,FALSE
5G,5,12,0.2104,0.4578,19.77,0.5572030065,0.1804194134,165.8501993,-1.142970896,0.572749963,0.3520628298,FALSE
5G,5,14,0.1912,0.4773,19.77,0.5544414651,0.2046894711,166.603783,-1.580739824,0.5825783135,0.3414151757,FALSE
5G,5,16,0.1695,0.4981,19.77,0.5514784442,0.2307282635,167.3686459,-2.03261536,0.592434557,0.3313502015,FALSE
5G,5,18,0.1489,0.5171,19.77,0.5487764568,0.2545063325,168.009507,-2.427559439,0.6008393955,0.3230612518,FALSE
5G,5,20,0.1318,0.5321,19.77,0.5466012105,0.2736430179,168.5132856,-2.734011323,0.6072180285,0.3172935713,FALSE
5G,5,22,0.1144,0.5463,19.77,0.5444374348,0.2926361473,169.0295873,-3.029176007,0.6132276429,0.3127714191,FALSE
5G,5,24,0.0953,0.5628,19.77,0.5420898481,0.3134039743,169.4755384,-3.335022876,0.6194202052,0.3070230583,FALSE
5G,5,26,0.0784,0.5761,19.77,0.5400413998,0.331458481,169.9010979,-3.593003091,0.6245213733,0.3034622625,FALSE
5G,5,28,0.0609,0.5898,19.77,0.5379332522,0.3500896324,170.3044655,-3.848018582,0.6295085078,0.2999688604,FALSE
5G,5,30,0.04,0.605,19.77,0.5354151148,0.3723157877,170.7983153,-4.140174345,0.6351096213,0.2971118885,FALSE
5G,5,32,0.02,0.622,19.77,0.5330345851,0.3936079138,171.1115699,-4.3997193,0.6401347488,0.2920556688,FALSE
7.5G,5,2,0.2945,0.3355,19.77,0.5739740743,0.03153920189,167.2559736,0.4047191844,0.4973462663,0.4574796501,TRUE
7.5G,5,4,0.2775,0.3545,19.77,0.5704155024,0.06210651948,168.1097392,0.3193045942,0.5158979268,0.441302014,TRUE
7.5G,5,6,0.2598,0.3724,19.77,0.5670726807,0.09088341241,168.9192,0.2056882132,0.5319019302,0.4280180169,TRUE
7.5G,5,8,0.2395,0.3915,19.77,0.5635323098,0.121448963,169.6882889,-0.1849208346,0.547494069,0.4155475541,FALSE
7.5G,5,10,0.22,0.4082,19.77,0.5603714995,0.1487708928,170.4083584,-0.7319021082,0.5603326976,0.4063203395,FALSE
7.5G,5,12,0.1964,0.4271,19.77,0.5567447593,0.1801979967,171.1782729,-1.332570305,0.5739109655,0.3973790612,FALSE
7.5G,5,14,0.1776,0.4415,19.77,0.5539609665,0.2043954656,171.7103726,-1.772898917,0.5835611636,0.3914095221,FALSE
7.5G,5,16,0.1571,0.4561,19.77,0.5510158591,0.2300304717,172.2827333,-2.220197896,0.5930815896,0.3864672968,FALSE
7.5G,5,18,0.1372,0.4705,19.77,0.5481917039,0.2547348217,172.7208974,-2.627889449,0.6016069506,0.3816420649,FALSE
7.5G,5,20,0.1212,0.4817,19.77,0.5459496358,0.2743938711,173.0547427,-2.938179388,0.6079685157,0.3783330075,FALSE
7.5G,5,22,0.105,0.4927,19.77,0.5436946461,0.2942076058,173.3797773,-3.238334439,0.6140206508,0.375465683,FALSE
7.5G,5,24,0.0878,0.5039,19.77,0.541306086,0.3152343163,173.7206412,-3.543458841,0.6200663617,0.373033608,FALSE
7.5G,5,26,0.073,0.5131,19.77,0.5392447983,0.3334113898,174.0138054,-3.796260637,0.6249928005,0.3714629243,FALSE
7.5G,5,28,0.0585,0.5224,19.77,0.537214781,0.351379004,174.2598044,-4.034583335,0.6296081217,0.3696787179,FALSE
7.5G,5,30,0.041,0.532,19.77,0.5347242928,0.3734048706,174.6249189,-4.31597221,0.6349116543,0.3692183473,FALSE
7.5G,5,32,0.021,0.542,19.77,0.5317981606,0.3993400462,175.0539067,-4.628769013,0.640689269,0.3696639485,FALSE
10G,5,2,0.291,0.331,19.77,0.5739720131,0.03107708835,173.5798805,0.4006730285,0.4974265323,0.466240457,TRUE
10G,5,4,0.2711,0.3455,19.77,0.5703706195,0.06159465166,174.1547193,0.3085609104,0.5161598979,0.457862617,TRUE
10G,5,6,0.2519,0.3587,19.77,0.5670721361,0.08967450378,174.6428026,0.1846233902,0.5318551632,0.4513304098,TRUE
10G,5,8,0.2297,0.373,19.77,0.5634255638,0.1208561355,175.1852081,-0.302111049,0.5477511129,0.4454837651,FALSE
10G,5,10,0.2095,0.3853,19.77,0.5602147669,0.1484354925,175.6362984,-0.8656124383,0.5606000309,0.4413726801,FALSE
10G,5,12,0.1852,0.3992,19.77,0.5564456932,0.1809578773,176.1504392,-1.494806358,0.5744339109,0.4378117868,FALSE
10G,5,14,0.1671,0.4089,19.77,0.5536789882,0.2049332567,176.522055,-1.93443883,0.5837945701,0.4360840175,FALSE
10G,5,16,0.1469,0.4192,19.77,0.5506026659,0.2316978452,176.9129666,-2.400670307,0.5934712301,0.4348602983,FALSE
10G,5,18,0.1275,0.4288,19.77,0.5476338006,0.2576379068,177.2478719,-2.827431227,0.6021307712,0.4340735762,FALSE
10G,5,20,0.112,0.436,19.77,0.5452432276,0.2786002786,177.5174586,-3.1553646,0.6086404433,0.4340020798,FALSE
10G,5,22,0.0958,0.4428,19.77,0.5427123055,0.300865894,177.8224004,-3.487964613,0.6150964659,0.434739355,FALSE
10G,5,24,0.0811,0.4491,19.77,0.5403679512,0.3215640931,178.055028,-3.78074669,0.6207181515,0.4352450491,FALSE
10G,5,26,0.069,0.4542,19.77,0.5383992816,0.338997248,178.2333702,-4.015893273,0.6251798821,0.4357434962,FALSE
10G,5,28,0.0572,0.459,19.77,0.5364381321,0.3564099981,178.404085,-4.240749171,0.6293957897,0.4364049804,FALSE
10G,5,30,0.041,0.466,19.77,0.5336770273,0.3810017403,178.5897045,-4.540304816,0.6349852933,0.436854299,FALSE
10G,5,32,0.023,0.474,19.77,0.5305009902,0.4093936827,178.7610922,-4.86176377,0.6409290888,0.4371058901,FALSE
2.5BG,5,2,0.288,0.327,19.77,0.5739831338,0.0309113466,179.2993902,0.3972895191,0.4974265605,0.4739849533,TRUE
2.5BG,5,4,0.2659,0.3369,19.77,0.5704366219,0.06093837481,179.8582115,0.3012394232,0.5158646298,0.4732359184,TRUE
2.5BG,5,6,0.2448,0.3452,19.77,0.5671560568,0.08889629955,180.4548463,0.1646687148,0.5314127884,0.4741632333,TRUE
2.5BG,5,8,0.2205,0.3537,19.77,0.5634306535,0.1208635358,181.0600231,-0.410606288,0.547496113,0.4766115298,FALSE
2.5BG,5,10,0.198,0.3606,19.77,0.5599873646,0.1506245076,181.5688261,-1.033359882,0.5610157767,0.4800520403,FALSE
2.5BG,5,12,0.1735,0.3668,19.77,0.5562066159,0.1835630655,182.124458,-1.681168975,0.5745017402,0.4853290238,FALSE
2.5BG,5,14,0.1559,0.3708,19.77,0.553419947,0.2079960136,182.4578165,-2.132446246,0.5836115295,0.4895526978,FALSE
2.5BG,5,16,0.1348,0.375,19.77,0.5499710695,0.2384195611,182.8155095,-2.66068376,0.5939842836,0.4951956251,FALSE
2.5BG,5,18,0.1165,0.3785,19.77,0.5468434353,0.2661504732,183.0502249,-3.109476362,0.6026029885,0.5001045206,FALSE
2.5BG,5,20,0.1005,0.3814,19.77,0.5439834656,0.2916229968,183.2155063,-3.495437414,0.6098740085,0.5044736688,FALSE
2.5BG,5,22,0.0861,0.3832,19.77,0.5412900533,0.3157666214,183.399638,-3.840155519,0.6161929954,0.5093095606,FALSE
2.5BG,5,24,0.0738,0.3851,19.77,0.5388747409,0.3374519462,183.4911163,-4.130730143,0.621491567,0.51291432,FALSE
2.5BG,5,26,0.064,0.386,19.77,0.5368585717,0.3556565466,183.5958956,-4.362789702,0.6256211674,0.5164888952,FALSE
2.5BG,5,28,0.053,0.388,19.77,0.5345048276,0.3768654471,183.6163322,-4.617157812,0.630203227,0.5192400037,FALSE
2.5BG,5,30,0.042,0.389,19.77,0.532002433,0.3995689869,183.6934079,-4.874410255,0.6346972224,0.5231547355,FALSE
2.5BG,5,32,0.027,0.391,19.77,0.5283586574,0.4326620149,183.7238336,-5.219030734,0.6407133908,0.5276357896,FALSE
5BG,5,2,0.2841,0.321,19.77,0.5740732526,0.0306601059,187.8063575,0.3939407508,0.4970239152,0.4852898855,TRUE
5BG,5,4,0.2591,0.3246,19.77,0.5706177452,0.06054197402,188.2391968,0.2926178013,0.5150103658,0.4951241822,TRUE
5BG,5,6,0.236,0.327,19.77,0.5673815435,0.08881728641,188.586133,0.1376733334,0.5302892283,0.5051534274,TRUE
5BG,5,8,0.21,0.328,19.77,0.5636815644,0.1216025225,189.121067,-0.525426041,0.5460896502,0.5184233776,FALSE
5BG,5,10,0.185,0.328,19.77,0.5599425844,0.1550856741,189.4656726,-1.23188606,0.5604320254,0.5320930518,FALSE
5BG,5,12,0.1614,0.328,19.77,0.5561368766,0.1893150251,189.5143509,-1.898784319,0.5735546282,0.5446005103,FALSE
5BG,5,14,0.1448,0.3275,19.77,0.5532896837,0.2151145337,189.5301101,-2.367317781,0.5824762401,0.5538976477,FALSE
5BG,5,16,0.1243,0.3261,19.77,0.5495231679,0.2495143682,189.5475517,-2.948424387,0.5931916057,0.5662690613,FALSE
5BG,5,18,0.1046,0.3244,19.77,0.5455428956,0.2860467298,189.4827423,-3.512426614,0.603309341,0.5784475004,FALSE
5BG,5,20,0.0904,0.3231,19.77,0.5423921117,0.3150423364,189.3731317,-3.922921258,0.6105281075,0.5872111709,FALSE
5BG,5,22,0.0781,0.3211,19.77,0.5394208704,0.3426363917,189.3186231,-4.285386031,0.6166907683,0.5959922202,FALSE
5BG,5,24,0.067,0.32,19.77,0.5365053294,0.3695650551,189.1587445,-4.612235585,0.6222772028,0.6028403632,FALSE
5BG,5,26,0.058,0.318,19.77,0.5339120033,0.3938167213,189.0945925,-4.886383931,0.6267609811,0.6099768061,FALSE
5BG,5,28,0.05,0.317,19.77,0.5314423579,0.416725016,188.9483318,-5.127091753,0.6307681431,0.6151597096,FALSE
5BG,5,30,0.042,0.316,19.77,0.5287697979,0.4415326658,188.7815808,-5.369323042,0.6347678432,0.6203193731,FALSE
7.5BG,5,2,0.2812,0.3161,19.77,0.5741846988,0.03068604833,194.8249425,0.3920315446,0.4964888712,0.4944143075,TRUE
7.5BG,5,4,0.255,0.315,19.77,0.5709284062,0.05986507246,194.9654712,0.2910093525,0.5135038539,0.5117935738,TRUE
7.5BG,5,6,0.2292,0.3125,19.77,0.5676081707,0.09012444127,195.2342462,0.1113790766,0.5291634878,0.5304471153,TRUE
7.5BG,5,8,0.203,0.3082,19.77,0.5640670785,0.1230353344,195.574399,-0.5941806562,0.5441634073,0.5515307982,FALSE
7.5BG,5,10,0.1776,0.3032,19.77,0.5603059781,0.1583205568,195.6084874,-1.335397845,0.5583787798,0.5728440026,FALSE
7.5BG,5,12,0.1537,0.2976,19.77,0.5563714147,0.1955628088,195.4815761,-2.05348257,0.5715594028,0.5940234084,FALSE
7.5BG,5,14,0.1364,0.2932,19.77,0.553188392,0.2257952019,195.2597996,-2.590193966,0.5810993088,0.6097981252,FALSE
7.5BG,5,16,0.1167,0.288,19.77,0.5491045179,0.2645997371,194.8611221,-3.221641331,0.59203803,0.6280092272,FALSE
7.5BG,5,18,0.0982,0.2828,19.77,0.5446857339,0.3066288912,194.3723313,-3.836980302,0.6023964936,0.6456144465,FALSE
7.5BG,5,20,0.083,0.278,19.77,0.5404741728,0.3468085487,193.911425,-4.362839143,0.6109750335,0.6609879878,FALSE
7.5BG,5,22,0.071,0.274,19.77,0.5366321038,0.3834524785,193.4785288,-4.792577208,0.6178342011,0.6735332023,FALSE
7.5BG,5,24,0.062,0.27,19.77,0.5333045477,0.4155262945,193.1755551,-5.132062081,0.6230030488,0.6847250959,FALSE
7.5BG,5,26,0.055,0.268,19.77,0.5304541481,0.4424529546,192.8066597,-5.392066993,0.6271216012,0.6915328415,FALSE
10BG,5,2,0.2796,0.3111,19.77,0.5744736484,0.02971016403,202.3579915,0.3945892588,0.4949792567,0.5029704936,TRUE
10BG,5,4,0.2512,0.304,19.77,0.5714319116,0.05912867479,203.1460811,0.2934589073,0.5110387979,0.5307755942,TRUE
10BG,5,6,0.2234,0.2952,19.77,0.5682548217,0.09067455531,203.4899076,0.1053537594,0.5261021152,0.5604027585,TRUE
10BG,5,8,0.197,0.286,19.77,0.564869251,0.1245335548,203.2150711,-0.6226837212,0.5404224584,0.5897026823,FALSE
10BG,5,10,0.1716,0.276,19.77,0.5611681099,0.1619142982,202.7323847,-1.399251639,0.5542509181,0.6198481012,FALSE
10BG,5,12,0.1485,0.2662,19.77,0.5572311275,0.2017104299,202.0242182,-2.154498995,0.5671253301,0.6487526787,FALSE
10BG,5,14,0.1308,0.2582,19.77,0.5536975549,0.2373806294,201.318118,-2.771991555,0.5772642531,0.6720958706,FALSE
10BG,5,16,0.1108,0.2489,19.77,0.5489165637,0.2852843719,200.2869918,-3.518261478,0.5891590667,0.6994426969,FALSE
10BG,5,18,0.093,0.24,19.77,0.5436425421,0.3378993916,199.1929721,-4.234849589,0.6001466679,0.7255580099,FALSE
10BG,5,20,0.079,0.232,19.77,0.538421999,0.3900085015,198.218151,-4.845991781,0.6090712206,0.7486542003,FALSE
10BG,5,22,0.066,0.226,19.77,0.5323007682,0.4493392454,196.9619226,-5.435272681,0.6178715883,0.767623825,FALSE
10BG,5,24,0.058,0.221,19.77,0.5274268806,0.4970634282,196.1435816,-5.831952169,0.6233738313,0.7823559426,FALSE
2.5B,5,2,0.2791,0.3071,19.77,0.5748109377,0.02846224858,209.2124912,0.3992962556,0.4931793399,0.5094073105,TRUE
2.5B,5,4,0.2492,0.2954,19.77,0.5719884514,0.05828208361,210.1432772,0.3002849524,0.5082840309,0.5454050299,TRUE
2.5B,5,6,0.221,0.2823,19.77,0.569091602,0.08993805696,210.3346152,0.128020465,0.5221795158,0.5826026713,TRUE
2.5B,5,8,0.1947,0.2687,19.77,0.5660083463,0.1240905402,209.9340776,-0.5662123206,0.5353192043,0.6200450937,FALSE
2.5B,5,10,0.1697,0.2549,19.77,0.5625226493,0.1625686352,209.0226083,-1.358014413,0.5483553066,0.6580328061,FALSE
2.5B,5,12,0.1461,0.2406,19.77,0.5585245647,0.2067504017,207.8746356,-2.185503805,0.5611980606,0.6975353179,FALSE
2.5B,5,14,0.1283,0.2292,19.77,0.554782215,0.2476224133,206.7096202,-2.87814448,0.5714807989,0.7297574875,FALSE
2.5B,5,16,0.109,0.2166,19.77,0.5495875681,0.3030675459,205.0362275,-3.7125295,0.5834875039,0.7667554474,FALSE
2.5B,5,18,0.094,0.206,19.77,0.5442685613,0.3591061049,203.4729007,-4.437890835,0.5934147595,0.7987626881,FALSE
2.5B,5,20,0.077,0.194,19.77,0.535726358,0.4462948964,201.1395442,-5.355617414,0.6056820474,0.8369683897,FALSE
5B,5,2,0.2794,0.3032,19.77,0.5752490334,0.02682823407,217.2464175,0.4065541143,0.4908019943,0.5152684955,TRUE
5B,5,4,0.2493,0.2879,19.77,0.5727649869,0.05612523286,217.5199216,0.3153098356,0.5043773885,0.5573847007,TRUE
5B,5,6,0.2215,0.2701,19.77,0.5704059285,0.08687221877,218.3476432,0.1773767535,0.5159825348,0.6029251909,TRUE
5B,5,8,0.1958,0.2519,19.77,0.5678855756,0.1204843383,218.1379051,-0.3812910372,0.5269793562,0.6496204383,FALSE
5B,5,10,0.1729,0.2347,19.77,0.5651377043,0.1566715493,217.1598079,-1.113380851,0.5374653522,0.6951831565,FALSE
5B,5,12,0.1505,0.2172,19.77,0.5616901112,0.2006271096,215.4846577,-1.938857123,0.5487270897,0.7439253393,FALSE
5B,5,14,0.132,0.2021,19.77,0.5579421054,0.2468211412,213.584255,-2.728044619,0.5589639899,0.7884767976,FALSE
5B,5,16,0.1132,0.1863,19.77,0.5526735422,0.3088386047,211.0226835,-3.663038437,0.5705960687,0.8384256255,FALSE
5B,5,18,0.098,0.172,19.77,0.5464793753,0.3799231833,208.4668096,-4.559539864,0.5807800188,0.8866138037,FALSE
5B,5,20,0.086,0.16,19.77,0.5389313371,0.4624914923,205.7705863,-5.391758409,0.5896968157,0.9301741451,FALSE
7.5B,5,2,0.2803,0.3,19.77,0.5757004128,0.02526718485,225.466962,0.4146698675,0.4883138598,0.5197311413,TRUE
7.5B,5,4,0.2511,0.2808,19.77,0.5737827439,0.05311192075,226.4796208,0.3372291533,0.4991485767,0.5680126979,TRUE
7.5B,5,6,0.2248,0.2612,19.77,0.5719205441,0.08212276794,226.5097128,0.2311669942,0.5086838339,0.6167100836,TRUE
7.5B,5,8,0.2007,0.2417,19.77,0.5699478324,0.113525801,225.7616396,-0.09418047347,0.5176848926,0.666328528,FALSE
7.5B,5,10,0.1792,0.223,19.77,0.5678322234,0.1472871957,224.5467962,-0.76660253,0.5261178582,0.7160290779,FALSE
7.5B,5,12,0.1584,0.2042,19.77,0.5651795802,0.1876999179,222.618829,-1.529774605,0.5351520265,0.7694323002,FALSE
7.5B,5,14,0.1404,0.1878,19.77,0.5620289506,0.2320527057,220.1774987,-2.313162857,0.5441622368,0.8199909775,FALSE
7.5B,5,16,0.123,0.1711,19.77,0.5577774138,0.2889022057,217.2253428,-3.214863395,0.5538436465,0.875898562,FALSE
7.5B,5,18,0.109,0.157,19.77,0.5527312576,0.3522651546,214.1971237,-4.084737744,0.5625973657,0.9275773976,FALSE
7.5B,5,20,0.098,0.146,19.77,0.546725761,0.4218187975,211.1105822,-4.884983611,0.5705479643,0.9717459364,FALSE
10B,5,2,0.2821,0.2966,19.77,0.5762980676,0.02351670815,236.864263,0.425972736,0.4849612659,0.5240124654,TRUE
10B,5,4,0.2547,0.2757,19.77,0.5748772766,0.04957745226,235.9659689,0.3624333349,0.493364299,0.5744840197,TRUE
10B,5,6,0.2299,0.2548,19.77,0.5735134478,0.07681626408,235.2054083,0.2815351988,0.5007513074,0.6254243915,TRUE
10B,5,8,0.2067,0.2344,19.77,0.5719820352,0.1066579814,233.6017977,0.140202077,0.5081667982,0.6774445604,TRUE
10B,5,10,0.186,0.2149,19.77,0.5703639453,0.1385816647,231.8714577,-0.3992333079,0.5149957547,0.7299500425,FALSE
10B,5,12,0.1666,0.1964,19.77,0.5683354754,0.1750108309,229.4275317,-1.095041776,0.5223465871,0.783882212,FALSE
10B,5,14,0.1492,0.1797,19.77,0.5658212467,0.2158072921,226.5214992,-1.840385906,0.5300133511,0.8370595227,FALSE
10B,5,16,0.1326,0.1632,19.77,0.5624549154,0.2664956262,223.1486303,-2.693014062,0.5382441834,0.8946868626,FALSE
10B,5,18,0.1203,0.1505,19.77,0.5588809429,0.3164894161,220.1164395,-3.447233069,0.545062713,0.9433729234,FALSE
10B,5,20,0.108,0.137,19.77,0.5535553664,0.3861338855,216.412689,-4.349865841,0.5524794008,1.000178404,FALSE
10B,5,22,0.096,0.126,19.77,0.5446135961,0.4848280922,211.4512401,-5.373842517,0.5624796509,1.052767981,FALSE
2.5PB,5,2,0.2847,0.2942,19.77,0.5768983497,0.02199584499,248.9783997,0.4380419888,0.481517611,0.5262592448,TRUE
2.5PB,5,4,0.26,0.272,19.77,0.5760793369,0.04586147733,247.1561139,0.3905913233,0.4867948133,0.5777028676,TRUE
2.5PB,5,6,0.2365,0.2488,19.77,0.5753549128,0.07205794327,246.3017467,0.3320282003,0.49118998,0.6328190743,TRUE
2.5PB,5,8,0.2157,0.2278,19.77,0.5745658962,0.09869948187,244.5513106,0.2537913199,0.4954375359,0.6858948709,TRUE
2.5PB,5,10,0.1968,0.2078,19.77,0.5737357861,0.1271225557,242.6404741,0.1152469477,0.499288721,0.7400553582,TRUE
2.5PB,5,12,0.1793,0.1894,19.77,0.5726345094,0.1581201689,240.0085811,-0.4130341823,0.503632333,0.7945807714,FALSE
2.5PB,5,14,0.1642,0.1728,19.77,0.5714240966,0.1906587781,237.407679,-1.000201874,0.5074567006,0.8482860798,FALSE
2.5PB,5,16,0.1495,0.1559,19.77,0.5698344155,0.2302751408,234.393134,-1.686427049,0.5112402192,0.9086985231,FALSE
2.5PB,5,18,0.1363,0.141,19.77,0.5675653909,0.2756227709,230.7859933,-2.443645625,0.5156387957,0.9686514029,FALSE
2.5PB,5,20,0.124,0.128,19.77,0.564045005,0.3309065708,226.3746939,-3.305024223,0.5215046004,1.027850341,FALSE
2.5PB,5,22,0.114,0.116,19.77,0.5597215802,0.396024924,222.1947984,-4.163328263,0.5256510071,1.088481351,FALSE
2.5PB,5,24,0.103,0.104,19.77,0.5507057386,0.5052918346,215.936964,-5.308825114,0.5326014145,1.158035929,FALSE
5PB,5,2,0.2882,0.2923,19.77,0.577563651,0.02093962155,263.621337,0.4518133516,0.4776125815,0.5271757776,TRUE
5PB,5,4,0.2662,0.2687,19.77,0.5773757351,0.04350382488,260.7406627,0.4196676256,0.4794492485,0.5797623508,TRUE
5PB,5,6,0.2447,0.2449,19.77,0.5772159089,0.06819650893,258.6099605,0.3794731478,0.481019265,0.6355181307,TRUE
5PB,5,8,0.2255,0.2239,19.77,0.5769514857,0.09265634892,255.9643474,0.3289556903,0.4829038532,0.6885243834,TRUE
5PB,5,10,0.208,0.2041,19.77,0.5767004234,0.1182940054,253.5567469,0.2623997783,0.4843677462,0.7423956922,TRUE
5PB,5,12,0.1918,0.1858,19.77,0.5763178716,0.1455156634,250.7823188,0.1507235481,0.4860223984,0.796962572,TRUE
5PB,5,14,0.1773,0.1689,19.77,0.5758822382,0.1743572379,248.030259,-0.2413214921,0.4872583083,0.8523248689,FALSE
5PB,5,16,0.1638,0.1521,19.77,0.5754501842,0.2072895002,245.2948687,-0.7888822578,0.487428345,0.9132407273,FALSE
5PB,5,18,0.1518,0.1365,19.77,0.5748971779,0.2437444463,242.3796536,-1.381641812,0.4867561106,0.9768785725,FALSE
5PB,5,20,0.142,0.123,19.77,0.5742459122,0.2816766428,239.5274134,-1.9719127,0.4849802569,1.039040393,FALSE
5PB,5,22,0.134,0.113,19.77,0.572948931,0.3187654769,236.2921755,-2.560839161,0.4848448469,1.091198938,FALSE
5PB,5,24,0.124,0.1,19.77,0.570236122,0.381525456,231.3427957,-3.465457551,0.4837371488,1.168045021,FALSE
5PB,5,26,0.116,0.089,19.77,0.566090645,0.4572759981,226.1566906,-4.389250227,0.4813816145,1.243398912,FALSE
5PB,5,28,0.109,0.079,19.77,0.5582161862,0.5682146378,219.759658,-5.420304783,0.4778719055,1.322974937,FALSE
5PB,5,30,0.104,0.07,19.77,0.540859737,0.7652384593,211.4255847,-6.427991753,0.4695403607,1.405869529,FALSE
5PB,5,32,0.097,0.062,19.77,0.4454842388,1.670202233,195.4836466,-7.951360104,0.469541876,1.494308343,FALSE
7.5PB,5,2,0.2918,0.2908,19.77,0.5781983396,0.02101840358,278.2192139,0.464899687,0.4738064055,0.5273932158,TRUE
7.5PB,5,4,0.2739,0.2666,19.77,0.5787399276,0.04258986728,276.1624671,0.4499641207,0.4713726355,0.5788681043,TRUE
7.5PB,5,6,0.2563,0.2417,19.77,0.5795286641,0.06652992104,275.3055208,0.4337193906,0.4675510751,0.6349576687,TRUE
7.5PB,5,8,0.2417,0.2204,19.77,0.5804123501,0.08882784083,274.612199,0.4180825622,0.4630686697,0.6866955697,TRUE
7.5PB,5,10,0.2285,0.202,19.77,0.5811977572,0.109955155,273.1214023,0.398138684,0.4590713939,0.7356729212,TRUE
7.5PB,5,12,0.2157,0.183,19.77,0.5823292027,0.1337934756,272.0537928,0.3765215248,0.452941323,0.7907283346,TRUE
7.5PB,5,14,0.2042,0.1661,19.77,0.583495666,0.1573607614,270.684448,0.3504578584,0.4463619358,0.8451900758,TRUE
7.5PB,5,16,0.1945,0.1511,19.77,0.5848509598,0.1804838627,269.5842452,0.3240090159,0.4383061206,0.8987050039,TRUE
7.5PB,5,18,0.1862,0.1365,19.77,0.586762746,0.2052440592,269.0915919,0.3012432932,0.4263434832,0.9564060793,TRUE
7.5PB,5,20,0.1794,0.1239,19.77,0.5888577499,0.2290465546,268.6527553,0.2795055987,0.4124902958,1.01230821,FALSE
7.5PB,5,22,0.175,0.114,19.77,0.5911489769,0.2494191437,268.8491495,0.270989039,0.3965577852,1.060802089,FALSE
7.5PB,5,24,0.17,0.103,19.77,0.5941194236,0.2746759256,268.7480551,0.257231958,0.3742781169,1.121413357,FALSE
7.5PB,5,26,0.165,0.094,19.77,0.5965871051,0.2982807133,267.6969233,0.2239372869,0.3536361992,1.178120824,FALSE
7.5PB,5,28,0.162,0.086,19.77,0.5998994272,0.3208796066,267.795696,0.2195427643,0.323858662,1.233744827,FALSE
7.5PB,5,30,0.158,0.078,19.77,0.6032405987,0.3467832659,266.8287786,0.184488937,0.2883601055,1.297308785,FALSE
7.5PB,5,32,0.154,0.07,19.77,0.6072216415,0.3762804152,265.5807622,0.1278595026,0.2360953868,1.370087131,FALSE
7.5PB,5,34,0.15,0.062,19.77,0.6120389588,0.4105503828,263.9643462,-0.02806915062,0.1412425641,1.454840257,FALSE
10PB,5,2,0.2959,0.2905,19.77,0.5787570244,0.02134316921,291.4029339,0.4771655381,0.4703574265,0.5253559378,TRUE
10PB,5,4,0.2821,0.2659,19.77,0.5799819968,0.04337378032,290.6392058,0.4774334882,0.4636627483,0.5751941908,TRUE
10PB,5,6,0.2686,0.2412,19.77,0.5815183803,0.06748615375,290.4490333,0.4789670672,0.4550464411,0.6287097194,TRUE
10PB,5,8,0.2572,0.2211,19.77,0.5829509811,0.08878386958,289.7594024,0.4789323108,0.446873703,0.6761821465,TRUE
10PB,5,10,0.2478,0.203,19.77,0.5846377582,0.1098493094,289.8874149,0.4823688586,0.4368390153,0.7220985594,TRUE
10PB,5,12,0.2384,0.1857,19.77,0.5864682969,0.1316908112,289.5365108,0.4844423139,0.4256449981,0.7703590062,TRUE
10PB,5,14,0.2299,0.1698,19.77,0.5885006432,0.1537103378,289.2497578,0.4873650623,0.412685765,0.8191116818,TRUE
10PB,5,16,0.2224,0.1555,19.77,0.5907055423,0.1754705097,289.0239801,0.4912178399,0.3979181314,0.8674649752,TRUE
10PB,5,18,0.2174,0.1444,19.77,0.5929153006,0.1942455376,289.3540158,0.4991464383,0.3821282301,0.9081926314,TRUE
10PB,5,20,0.2121,0.1329,19.77,0.5955434804,0.2153806076,289.53902,0.507865022,0.3621343519,0.9546138077,TRUE
10PB,5,22,0.2082,0.1225,19.77,0.5985878931,0.2368593015,290.2253708,0.5223374783,0.3366977422,1.000449444,FALSE
10PB,5,24,0.204,0.113,19.77,0.601627006,0.2579473472,290.3839949,0.5333292193,0.3086956989,1.04718452,FALSE
10PB,5,26,0.2,0.103,19.77,0.605538962,0.2827474499,290.769115,0.5495175104,0.2668298136,1.101763295,FALSE
10PB,5,28,0.197,0.095,19.77,0.6092936503,0.3048443438,291.1656977,0.5657748144,0.2170623575,1.150411031,FALSE
10PB,5,30,0.193,0.086,19.77,0.6140346986,0.3317953154,291.1816897,0.5821603307,0.1244060494,1.212342357,FALSE
10PB,5,32,0.189,0.078,19.77,0.6188948862,0.3580826356,290.8770408,0.5957380653,-0.1432801198,1.275253943,FALSE
10PB,5,34,0.186,0.071,19.77,0.6242052843,0.3843145149,290.8964444,0.6139297838,-0.5080989241,1.337304123,FALSE
10PB,5,36,0.183,0.063,19.77,0.6318005792,0.4187965087,291.1617468,0.642389641,-1.041708634,1.418668048,FALSE
2.5P,5,2,0.3,0.2912,19.77,0.5791938505,0.02165683444,302.4128091,0.48748359,0.4675783876,0.5216832322,TRUE
2.5P,5,4,0.2898,0.2667,19.77,0.5809351346,0.04468423263,302.0428298,0.4991356298,0.4574551904,0.5691408219,TRUE
2.5P,5,6,0.2806,0.2444,19.77,0.5828316892,0.06763132059,302.078559,0.5116554062,0.446065417,0.6154163091,TRUE
2.5P,5,8,0.2728,0.224,19.77,0.5849883332,0.09094926743,302.6704957,0.5268654502,0.4325277953,0.6608303378,TRUE
2.5P,5,10,0.2665,0.2075,19.77,0.5870344856,0.1115885923,303.0512749,0.5408848485,0.4191110569,0.7006238564,TRUE
2.5P,5,12,0.2608,0.1913,19.77,0.5894620861,0.1340364102,303.6937505,0.5581659989,0.4022871077,0.7427288756,TRUE
2.5P,5,14,0.256,0.1774,19.77,0.5918991641,0.1551896521,304.2317076,0.5751817026,0.3843310329,0.7820138252,TRUE
2.5P,5,16,0.2515,0.1644,19.77,0.594529129,0.1768020986,304.6874006,0.592956029,0.363564352,0.8220305484,TRUE
2.5P,5,18,0.2476,0.1532,19.77,0.5971269064,0.1970879287,305.0486147,0.6099422024,0.3413511721,0.859569231,TRUE
2.5P,5,20,0.2438,0.1419,19.77,0.6001681643,0.2195562449,305.4710164,0.629606727,0.3125872883,0.9007958957,TRUE
2.5P,5,22,0.2402,0.1315,19.77,0.6033714397,0.2421180391,305.8036596,0.649415535,0.2781001754,0.9424641,TRUE
2.5P,5,24,0.2372,0.1223,19.77,0.6066731772,0.2641572464,306.1842319,0.669772872,0.2357366996,0.9827180916,TRUE
2.5P,5,26,0.2348,0.114,19.77,0.6101550582,0.2862259854,306.6629879,0.6915188015,0.1777808508,1.022206585,FALSE
2.5P,5,28,0.231,0.104,19.77,0.6147550237,0.3143937707,306.8447393,0.7166382872,0.02273531822,1.07552548,FALSE
2.5P,5,30,0.229,0.097,19.77,0.6186918732,0.3370857308,307.2634261,0.7396760233,-0.2586908995,1.11643026,FALSE
2.5P,5,32,0.226,0.088,19.77,0.6244357938,0.3687682197,307.6293358,0.7708307415,-0.6738532235,1.175313177,FALSE
2.5P,5,34,0.223,0.08,19.77,0.6303918775,0.3999016401,307.834914,0.8009046638,-1.1106463,1.23489181,FALSE
2.5P,5,36,0.221,0.072,19.77,0.6378981797,0.4369795306,308.4569526,0.8412895058,-1.680036673,1.302088953,FALSE
2.5P,5,38,0.219,0.066,19.77,0.6443659651,0.4673245395,308.736921,0.8730585052,-2.178283102,1.359762184,FALSE
5P,5,2,0.3045,0.2928,19.77,0.5795685147,0.02190295239,313.0795951,0.4971375026,0.4651168235,0.5162918379,TRUE
5P,5,4,0.2986,0.2699,19.77,0.5816880813,0.04517847906,312.8218202,0.5185323232,0.4522460792,0.5581904036,TRUE
5P,5,6,0.2932,0.2487,19.77,0.5839893103,0.06890161379,313.0208541,0.5408203076,0.4376131121,0.599669468,TRUE
5P,5,8,0.2885,0.2296,19.77,0.5864304064,0.09253292739,313.3984121,0.5636967031,0.421230674,0.6398207417,TRUE
5P,5,10,0.2845,0.2137,19.77,0.5887600278,0.1140219661,313.6650149,0.5845233058,0.4046832522,0.6758950884,TRUE
5P,5,12,0.2806,0.1977,19.77,0.5914775571,0.1378076138,314.0264027,0.608100998,0.3840336,0.7150462124,TRUE
5P,5,14,0.2775,0.1847,19.77,0.5940183112,0.1590118669,314.3617864,0.6294579942,0.3631787549,0.7494245138,TRUE
5P,5,16,0.2744,0.1718,19.77,0.5968843357,0.1819496195,314.6901737,0.6526809508,0.3374750309,0.7863365314,TRUE
5P,5,18,0.2718,0.1604,19.77,0.5997951469,0.2042323709,315.0477042,0.6757244962,0.3083046938,0.8216173483,TRUE
5P,5,20,0.2694,0.1499,19.77,0.6028305765,0.2265926848,315.3792734,0.6989763144,0.2734687619,0.8568251981,TRUE
5P,5,22,0.2673,0.1398,19.77,0.606183369,0.2502982324,315.7810518,0.7242440057,0.2269381775,0.8934594429,TRUE
5P,5,24,0.2652,0.1304,19.77,0.6096887014,0.2742279646,316.1064153,0.7495504803,0.1616559417,0.9306723278,TRUE
5P,5,26,0.2635,0.1224,19.77,0.6130708687,0.2965056059,316.4195231,0.7734402079,0.03956379217,0.9649926863,TRUE
5P,5,28,0.2618,0.1135,19.77,0.6173764233,0.3238501795,316.8353949,0.8033469149,-0.2839112295,1.006504508,FALSE
5P,5,30,0.259,0.105,19.77,0.6217842564,0.3508977114,316.8803423,0.830513827,-0.6153802966,1.051011207,FALSE
5P,5,32,0.256,0.096,19.77,0.6271971851,0.3826571697,316.9527231,0.8628179787,-1.029385391,1.103441448,FALSE
5P,5,34,0.255,0.088,19.77,0.6333070881,0.4170621021,317.5251206,0.9023027057,-1.51693466,1.154427885,FALSE
5P,5,36,0.253,0.081,19.77,0.6391589493,0.4485699939,317.7159414,0.9362111991,-1.987009141,1.205145031,FALSE
5P,5,38,0.252,0.075,19.77,0.645150701,0.4798224385,318.0878458,0.9718754511,-2.484134677,1.252874175,FALSE
5P,5,40,0.251,0.069,19.77,0.6520240248,0.5144157261,318.4661091,1.011645362,-3.067716828,1.30596313,FALSE
7.5P,5,2,0.3103,0.2959,19.77,0.5799187504,0.02201520699,325.7397857,0.5074831989,0.4627109372,0.5076609264,TRUE
7.5P,5,4,0.31,0.275,19.77,0.5824894409,0.04648363874,325.4431308,0.5401662316,0.4464058778,0.5423520968,TRUE
7.5P,5,6,0.3093,0.2555,19.77,0.5851664669,0.07125823132,325.2573666,0.5717937876,0.4283366449,0.5771765151,TRUE
7.5P,5,8,0.3087,0.2375,19.77,0.5879887939,0.09644537357,325.3431253,0.603415102,0.4078617299,0.6116191664,TRUE
7.5P,5,10,0.308,0.223,19.77,0.5905221207,0.1184228698,325.3824779,0.6302621187,0.3880537125,0.6414688359,TRUE
7.5P,5,12,0.3071,0.208,19.77,0.5934425471,0.1430438064,325.4250016,0.6597288762,0.363199216,0.6746775978,TRUE
7.5P,5,14,0.3068,0.1951,19.77,0.5963439357,0.1666093918,325.6877666,0.6883763906,0.3357178781,0.7050798794,TRUE
7.5P,5,16,0.306,0.183,19.77,0.5993022391,0.1901122889,325.7728888,0.7159216225,0.3041933653,0.7360500308,TRUE
7.5P,5,18,0.3052,0.1711,19.77,0.6025644375,0.2152789765,325.8885898,0.7452213106,0.2634964619,0.7688835872,TRUE
7.5P,5,20,0.3042,0.1606,19.77,0.6057387207,0.2391265894,325.9361524,0.772427681,0.2145569237,0.8003354768,TRUE
7.5P,5,22,0.3038,0.15,19.77,0.6094462165,0.2660813531,326.1735949,0.8039922426,0.1312331125,0.8342557219,TRUE
7.5P,5,24,0.303,0.1423,19.77,0.6123391915,0.2866415915,326.2285032,0.8272594202,-0.02534996655,0.8611092106,FALSE
7.5P,5,26,0.3022,0.1331,19.77,0.6162044232,0.3133922481,326.3524018,0.8577461035,-0.3333760425,0.895509232,FALSE
7.5P,5,28,0.3018,0.1253,19.77,0.6199181832,0.3384019649,326.5336779,0.8866322364,-0.6356416935,0.9268693806,FALSE
7.5P,5,30,0.301,0.117,19.77,0.6242514183,0.3668065011,326.6573584,0.918891736,-0.9933577243,0.9633100957,FALSE
7.5P,5,32,0.3,0.108,19.77,0.6295585188,0.4005137836,326.7843203,0.9570533649,-1.440236596,1.006803258,FALSE
7.5P,5,34,0.3,0.1,19.77,0.6351556315,0.4350552038,327.0846141,0.9975310254,-1.927731209,1.048888372,FALSE
7.5P,5,36,0.299,0.093,19.77,0.6404706038,0.4666948982,327.1677982,1.033303082,-2.395579864,1.090212392,FALSE
7.5P,5,38,0.298,0.088,19.77,0.6446329757,0.4907454197,327.1867247,1.060225681,-2.767020928,1.122496793,FALSE
7.5P,5,40,0.298,0.081,19.77,0.6515408444,0.530002651,327.4721138,1.106465883,-3.408295854,1.170850189,FALSE
10P,5,2,0.3148,0.2986,19.77,0.5801484871,0.02241484119,335.1392558,0.5147346872,0.461081534,0.5004924768,TRUE
10P,5,4,0.3198,0.2807,19.77,0.5829673829,0.04729593042,335.3800975,0.5551953645,0.4426427755,0.5265264354,TRUE
10P,5,6,0.3243,0.263,19.77,0.5860001303,0.07366536158,335.2980373,0.5955036981,0.4211790997,0.5542168551,TRUE
10P,5,8,0.328,0.2464,19.77,0.5890947967,0.1001507316,335.1070689,0.633814728,0.3972425378,0.5823075097,TRUE
10P,5,10,0.3308,0.2328,19.77,0.591865987,0.1234576673,334.9720814,0.666258081,0.3736919573,0.6069931189,TRUE
10P,5,12,0.3335,0.2187,19.77,0.5950069564,0.1494053282,334.8524399,0.7012725398,0.3439738223,0.6344176819,TRUE
10P,5,14,0.336,0.2066,19.77,0.5980071268,0.1736795996,334.8555927,0.7335177275,0.3116048993,0.6594387663,TRUE
10P,5,16,0.3382,0.1951,19.77,0.6011122444,0.198366694,334.8421431,0.7655496008,0.2724190556,0.6849266766,TRUE
10P,5,18,0.3401,0.184,19.77,0.604374486,0.2238395887,334.8069075,0.7978802666,0.2214435959,0.7113767559,TRUE
10P,5,20,0.3422,0.1735,19.77,0.6078195691,0.2501926019,334.8605658,0.8311885892,0.1447432846,0.7379743441,TRUE
10P,5,22,0.3437,0.1644,19.77,0.6110419907,0.2744122947,334.8579151,0.8611555504,-0.02974213248,0.7628477935,FALSE
10P,5,24,0.345,0.1555,19.77,0.6144625305,0.2996589288,334.8418841,0.8919695924,-0.319170981,0.7889486324,FALSE
10P,5,26,0.3468,0.146,19.77,0.6185558214,0.3292656234,334.9104904,0.9282257631,-0.674272563,0.818610917,FALSE
10P,5,28,0.3478,0.1388,19.77,0.6218963937,0.3529685996,334.9123433,0.9567257719,-0.9690700433,0.842988228,FALSE
10P,5,30,0.349,0.1308,19.77,0.6259728968,0.3813594064,334.9393216,0.9907984235,-1.336425611,0.8719275372,FALSE
10P,5,32,0.35,0.124,19.77,0.6297679716,0.407286131,334.9676099,1.021784117,-1.685534026,0.8983485081,FALSE
10P,5,34,0.351,0.115,19.77,0.63528559,0.4441190107,334.9735292,1.065388297,-2.203874348,0.9365288905,FALSE
10P,5,36,0.352,0.107,19.77,0.6408383098,0.4802666138,335.0069254,1.108236418,-2.740480698,0.9737343148,FALSE
10P,5,38,0.353,0.102,19.77,0.6447368523,0.5052001939,335.0792708,1.138126718,-3.128009619,0.9985739003,FALSE
10P,5,40,0.354,0.096,19.77,0.6498011961,0.5369519824,335.1445872,1.176007796,-3.640999726,1.030722901,FALSE
2.5RP,5,2,0.3199,0.3019,19.77,0.5803738527,0.02321667641,345.2132358,0.5222841228,0.459435449,0.491989118,TRUE
2.5RP,5,4,0.3298,0.2869,19.77,0.5833768112,0.0487167609,344.8504241,0.5688213364,0.4392554789,0.5097861744,TRUE
2.5RP,5,6,0.3396,0.2718,19.77,0.5866120493,0.07593884355,344.6367734,0.6153154403,0.415395528,0.5289073993,TRUE
2.5RP,5,8,0.349,0.257,19.77,0.5900161092,0.1042969203,344.4509572,0.6610603713,0.3874153934,0.5490071429,TRUE
2.5RP,5,10,0.356,0.2452,19.77,0.5928771493,0.1279276015,344.2205905,0.6973094431,0.3610877116,0.5663512079,TRUE
2.5RP,5,12,0.3635,0.2325,19.77,0.5961858621,0.1549697348,344.0310487,0.7374087606,0.3264140069,0.5861631987,TRUE
2.5RP,5,14,0.3703,0.2211,19.77,0.599398632,0.1809294645,343.9121445,0.7748223712,0.2867112826,0.6050231988,TRUE
2.5RP,5,16,0.3763,0.2108,19.77,0.6024992496,0.2057202251,343.7986754,0.8096084929,0.2397312328,0.6231937713,TRUE
2.5RP,5,18,0.3821,0.2007,19.77,0.6057540604,0.2314615934,343.6915144,0.8449439957,0.1732450941,0.6421437288,TRUE
2.5RP,5,20,0.3873,0.1909,19.77,0.6090962911,0.2576033761,343.5413801,0.8799292701,0.03606146236,0.6619769495,TRUE
2.5RP,5,22,0.3924,0.1814,19.77,0.6125998521,0.2846707872,343.4235232,0.9156363308,-0.2776792533,0.682386478,FALSE
2.5RP,5,24,0.3965,0.1738,19.77,0.6156102741,0.307660442,343.3424371,0.9455992121,-0.55366112,0.6996749994,FALSE
2.5RP,5,26,0.4011,0.1652,19.77,0.6192595483,0.3352032932,343.2554028,0.9810858895,-0.8959696905,0.720441533,FALSE
2.5RP,5,28,0.405,0.157,19.77,0.6229475666,0.3626683728,343.1279686,1.015828325,-1.249362315,0.7419041653,FALSE
2.5RP,5,30,0.409,0.149,19.77,0.6268685927,0.3914795624,343.0361611,1.052099424,-1.63497125,0.7640988847,FALSE
2.5RP,5,32,0.413,0.142,19.77,0.6306448514,0.4188861596,343.0118098,1.086667233,-2.017028896,0.7844210745,FALSE
2.5RP,5,34,0.416,0.135,19.77,0.6345643411,0.4468902649,342.8955468,1.121189306,-2.419756844,0.8068433766,FALSE
2.5RP,5,36,0.421,0.126,19.77,0.6402625695,0.4870380225,342.8604795,1.171149969,-3.026506103,0.8370630699,FALSE
5RP,5,2,0.3256,0.3065,19.77,0.58051366,0.02389674003,356.4456557,0.5290153973,0.4582870287,0.4810586384,TRUE
5RP,5,4,0.3421,0.2954,19.77,0.5837369168,0.05073868975,355.7980535,0.5829372545,0.4360073601,0.4878174617,TRUE
5RP,5,6,0.3585,0.2842,19.77,0.5870805759,0.07843164251,355.4668446,0.6346573517,0.4102730381,0.4952099627,TRUE
5RP,5,8,0.3748,0.2729,19.77,0.5905630236,0.1071058474,355.2067884,0.6850840848,0.3799480494,0.5032986762,TRUE
5RP,5,10,0.388,0.263,19.77,0.593618637,0.1321280271,354.8535049,0.7267831381,0.349591776,0.5115707507,TRUE
5RP,5,12,0.4022,0.2523,19.77,0.597062353,0.1601608728,354.5499928,0.7717717461,0.3095760138,0.5210796559,TRUE
5RP,5,14,0.4142,0.2428,19.77,0.6001951436,0.1855089006,354.2510404,0.8109822257,0.2653658562,0.5304651126,TRUE
5RP,5,16,0.4261,0.2331,19.77,0.6035089946,0.2121558867,353.9516049,0.851018217,0.2045228595,0.5408598024,TRUE
5RP,5,18,0.4372,0.2242,19.77,0.6067220948,0.237824398,353.7311565,0.8887843458,0.1109156393,0.5508062696,TRUE
5RP,5,20,0.4484,0.215,19.77,0.6101823971,0.2652816038,353.4995708,0.9282964647,-0.1733996703,0.5618985484,FALSE
5RP,5,22,0.4581,0.2068,19.77,0.6133955768,0.2906014433,353.2857457,0.9640203089,-0.4847913584,0.572577667,FALSE
5RP,5,24,0.4683,0.1978,19.77,0.6170654561,0.319306584,353.0322931,1.00376045,-0.8505090578,0.5853467389,FALSE
5RP,5,26,0.476,0.19,19.77,0.6202975676,0.3443850907,352.7385924,1.037623197,-1.180140025,0.5979864223,FALSE
5RP,5,28,0.483,0.183,19.77,0.623366485,0.3680262257,352.500169,1.069264313,-1.501141748,0.609855478,FALSE
5RP,5,30,0.491,0.176,19.77,0.6267159973,0.3936581062,352.3484746,1.103651858,-1.862213586,0.6215230224,FALSE
5RP,5,32,0.498,0.169,19.77,0.6301325579,0.4195805272,352.1334379,1.137774789,-2.238058735,0.6346813456,FALSE
7.5RP,5,2,0.3296,0.3098,19.77,0.5806002216,0.0247600499,3.832431748,0.533452053,0.4575508377,0.4732867311,TRUE
7.5RP,5,4,0.3515,0.3024,19.77,0.5839313507,0.05261834084,3.683571472,0.5921640055,0.4340649759,0.4702423727,TRUE
7.5RP,5,6,0.3726,0.2941,19.77,0.5873075031,0.08062238938,3.108384927,0.6465810593,0.4073729426,0.4690572017,TRUE
7.5RP,5,8,0.3932,0.2852,19.77,0.5907607956,0.1090665201,2.553085151,0.6984517478,0.3763030262,0.4691764097,TRUE
7.5RP,5,10,0.4108,0.2773,19.77,0.5938115123,0.1340493783,2.174292576,0.7419336252,0.344713323,0.4697991783,TRUE
7.5RP,5,12,0.4303,0.2675,19.77,0.5974427792,0.1635848318,1.616331181,0.7910522817,0.3001223117,0.4724133668,TRUE
7.5RP,5,14,0.4454,0.2596,19.77,0.6003914574,0.1874319511,1.221242902,0.8293937693,0.2553686128,0.4751358749,TRUE
7.5RP,5,16,0.4617,0.2506,19.77,0.6037626985,0.2145434607,0.7824559541,0.8717312932,0.1868086788,0.4791464829,TRUE
7.5RP,5,18,0.4761,0.2421,19.77,0.6069590714,0.2400974757,0.3594664742,0.9105468504,0.06789779359,0.4839832899,TRUE
7.5RP,5,20,0.4915,0.233,19.77,0.6105159593,0.2683743827,359.972459,0.9526712291,-0.2737438753,0.4894923084,FALSE
7.5RP,5,22,0.5045,0.2248,19.77,0.6137654852,0.2940491335,359.6054273,0.9900727428,-0.6014176594,0.4955187298,FALSE
7.5RP,5,24,0.517,0.217,19.77,0.6169996257,0.3194614693,359.3018978,1.026619349,-0.9376706002,0.5014624225,FALSE
7.5RP,5,26,0.526,0.21,19.77,0.619794758,0.3412859002,358.9066763,1.057083083,-1.233683274,0.5090655304,FALSE
7.5RP,5,28,0.536,0.204,19.77,0.6225188058,0.3624767401,358.7378349,1.08704327,-1.532241788,0.5138137457,FALSE
7.5RP,5,30,0.546,0.197,19.77,0.625649573,0.3866860579,358.4501971,1.120543318,-1.881901564,0.5211778096,FALSE
10RP,5,2,0.3332,0.3131,19.77,0.5806392685,0.02555716635,10.49904856,0.5368462779,0.4571347184,0.4657870569,TRUE
10RP,5,4,0.3594,0.309,19.77,0.5839995493,0.05409156063,10.33579694,0.5984077924,0.4331037477,0.4543348227,TRUE
10RP,5,6,0.3851,0.3039,19.77,0.5873598508,0.08229614722,9.939895148,0.6547439885,0.4059985254,0.4441651839,TRUE
10RP,5,8,0.4105,0.298,19.77,0.5907546434,0.1105038501,9.546345352,0.7078186654,0.3746928373,0.4348895945,TRUE
10RP,5,10,0.4332,0.2918,19.77,0.5939071858,0.1364351665,9.109473428,0.7543105238,0.3410274197,0.4276377492,TRUE
10RP,5,12,0.4579,0.2841,19.77,0.5974954421,0.1656770935,8.585227594,0.8046324467,0.2950769263,0.4208780086,TRUE
10RP,5,14,0.4767,0.2776,19.77,0.600357828,0.1888163581,8.165306815,0.8431512234,0.2494090781,0.4165412784,TRUE
10RP,5,16,0.4986,0.2695,19.77,0.6038349567,0.2167320318,7.693493966,0.8883960577,0.1727707984,0.4121381128,TRUE
10RP,5,18,0.5185,0.262,19.77,0.6070838217,0.2426536829,7.346050377,0.9295100153,0.007988850946,0.4081159336,TRUE
10RP,5,20,0.5396,0.2535,19.77,0.6107182681,0.271443479,6.959600057,0.9741873225,-0.3607166944,0.4046318262,FALSE
10RP,5,22,0.554,0.246,19.77,0.6136281383,0.2942852299,6.435612067,1.008502124,-0.6633425982,0.4056000121,FALSE
10RP,5,24,0.57,0.24,19.77,0.6164299192,0.3162619298,6.325876758,1.041928421,-0.9668167205,0.4017689102,FALSE
10RP,5,26,0.582,0.234,19.77,0.6189323623,0.3357381436,6.010328987,1.070688263,-1.24212172,0.4020034288,FALSE
10RP,5,28,0.593,0.229,19.77,0.6211602121,0.3530226404,5.826225191,1.096209677,-1.493734453,0.4011128916,FALSE
2.5R,5,2,0.336,0.3158,19.77,0.5806541273,0.02627858297,15.57630046,0.5392267047,0.4569107387,0.4597540067,TRUE
2.5R,5,4,0.366,0.3148,19.77,0.5840197851,0.05550214621,15.78154963,0.6029504356,0.4325693245,0.4405866277,TRUE
2.5R,5,6,0.396,0.313,19.77,0.5873321995,0.08392053282,15.8817286,0.6605347869,0.4054230531,0.4214658346,TRUE
2.5R,5,8,0.4252,0.3101,19.77,0.5905869298,0.1114297623,15.76200817,0.7132173398,0.3749217471,0.4034156387,TRUE
2.5R,5,10,0.4533,0.3058,19.77,0.5938432471,0.1384845259,15.37852768,0.7626870757,0.3394891715,0.3872627281,TRUE
2.5R,5,12,0.482,0.3002,19.77,0.5972938333,0.1667611561,14.92233596,0.8124552444,0.2942965327,0.3714808969,TRUE
2.5R,5,14,0.5047,0.295,19.77,0.6001247707,0.1897016075,14.54863371,0.8516505271,0.248059606,0.3593493442,TRUE
2.5R,5,16,0.53,0.288,19.77,0.6034794401,0.2165620521,14.01330814,0.8963251508,0.1724910864,0.346964635,TRUE
2.5R,5,18,0.554,0.2804,19.77,0.6068583501,0.2433387331,13.4625449,0.9397809054,-0.01106895233,0.3360129739,FALSE
2.5R,5,20,0.5784,0.2719,19.77,0.6104949722,0.2719004651,12.90278122,0.9851623722,-0.3864690632,0.3253815504,FALSE
2.5R,5,22,0.593,0.265,19.77,0.6130708318,0.2918773094,12.27625416,1.01599587,-0.6586457773,0.3224194792,FALSE
2.5R,5,24,0.607,0.259,19.77,0.6154742655,0.3104931671,11.86534624,1.044596479,-0.919993176,0.3180153596,FALSE
2.5R,5,26,0.62,0.253,19.77,0.6178473114,0.3287797165,11.45007883,1.072342129,-1.183624578,0.3146589685,FALSE
2.5R,5,28,0.631,0.248,19.77,0.6198824315,0.3444118086,11.14650405,1.095921369,-1.414781151,0.3114735442,FALSE
5R,5,2,0.3392,0.3192,19.77,0.5806364112,0.02711426352,21.56417366,0.5414337686,0.456878602,0.4523836157,TRUE
5R,5,4,0.374,0.322,19.77,0.5840231272,0.05758649004,22.07959339,0.6079429538,0.4320856669,0.4236190762,TRUE
5R,5,6,0.4078,0.3238,19.77,0.5871901741,0.08570526761,22.52717917,0.6650230039,0.4057564633,0.3951527674,TRUE
5R,5,8,0.4413,0.324,19.77,0.5903374636,0.1130454448,22.60680125,0.7176813039,0.3759047026,0.3671693099,TRUE
5R,5,10,0.4747,0.3227,19.77,0.5935199906,0.1401295267,22.52952241,0.7677451518,0.3408637364,0.3390429728,TRUE
5R,5,12,0.5071,0.3194,19.77,0.5967722996,0.1671107148,22.1492733,0.8159636344,0.2981009593,0.3122705204,TRUE
5R,5,14,0.5341,0.3158,19.77,0.5995463609,0.1898041257,21.87891527,0.855485355,0.2530140837,0.28884279,TRUE
5R,5,16,0.5637,0.3102,19.77,0.6027944699,0.2158623778,21.39908871,0.899857646,0.1815144074,0.2630924493,TRUE
5R,5,18,0.5918,0.3038,19.77,0.6060387536,0.2415247584,20.93243442,0.9426781724,0.02989649757,0.2371278909,TRUE
5R,5,20,0.6142,0.297,19.77,0.6089184868,0.2638808598,20.32847263,0.97927235,-0.2689129885,0.2173398024,FALSE
5R,5,22,0.634,0.29,19.77,0.6116714659,0.2850144007,19.71039827,1.013330599,-0.5623997881,0.1999448862,FALSE
5R,5,24,0.648,0.284,19.77,0.6138429833,0.3014953053,19.12570457,1.03948948,-0.7987078878,0.1892216803,FALSE
5R,5,26,0.662,0.279,19.77,0.6158645168,0.3168993885,18.81954835,1.063893245,-1.024791024,0.173945133,FALSE
5R,5,28,0.674,0.274,19.77,0.6177633876,0.3312411811,18.45305776,1.086365846,-1.240451529,0.1617247027,FALSE
7.5R,5,2,0.3425,0.3229,19.77,0.5805976407,0.028133218,27.64891426,0.5433765078,0.456979683,0.4444959021,TRUE
7.5R,5,4,0.3806,0.3294,19.77,0.5838631044,0.05884456712,28.20381613,0.6098408141,0.432874194,0.4073067947,TRUE
7.5R,5,6,0.418,0.3348,19.77,0.5868848385,0.08694925453,28.9934022,0.6663521718,0.4075765914,0.3694335937,TRUE
7.5R,5,8,0.4563,0.3387,19.77,0.5899188613,0.1145505087,29.53399955,0.7190661841,0.378666884,0.3292619695,TRUE
7.5R,5,10,0.4927,0.3399,19.77,0.5929103864,0.1407567002,29.5193939,0.7673893699,0.3458926182,0.2903325205,TRUE
7.5R,5,12,0.528,0.3389,19.77,0.5959400904,0.1664780243,29.27006588,0.8135176664,0.30680687,0.2503314213,TRUE
7.5R,5,14,0.559,0.337,19.77,0.5986449508,0.1890743923,29.14767464,0.8530664507,0.2644204974,0.2100318036,TRUE
7.5R,5,16,0.5901,0.3331,19.77,0.6015641984,0.2127625258,28.78645342,0.8938702835,0.2053693865,0.1636581787,TRUE
7.5R,5,18,0.6161,0.3277,19.77,0.6042807235,0.2341192058,28.17613548,0.9302073273,0.1217204703,0.1175632078,TRUE
7.5R,5,20,0.6388,0.3216,19.77,0.6068614003,0.2540082885,27.50823093,0.9636342277,-0.08808134271,0.0612412843,FALSE
7.5R,5,22,0.661,0.317,19.77,0.6091911298,0.2722370593,27.3890985,0.9937794428,-0.3360486713,-0.05169076799,FALSE
7.5R,5,24,0.68,0.312,19.77,0.6113617955,0.2888991754,27.15193118,1.021146892,-0.5718034126,-0.1447972264,FALSE
7.5R,5,26,0.692,0.307,19.77,0.6130500481,0.3014103844,26.63340249,1.041637179,-0.7569045215,-0.1888895577,FALSE
7.5R,5,28,0.708,0.302,19.77,0.6150488364,0.3164929904,26.41188764,1.066103121,-0.9820197874,-0.2646753939,FALSE
10R,5,2,0.3465,0.3278,19.77,0.580508057,0.02955122325,35.12642969,0.5450847682,0.4573803444,0.4343164496,TRUE
10R,5,4,0.3879,0.3398,19.77,0.5834583772,0.05993950153,36.59834901,0.6088625169,0.4354038345,0.3857793051,TRUE
10R,5,6,0.4299,0.3499,19.77,0.5863101284,0.08858591155,37.55202588,0.6648106626,0.4115172334,0.3351123287,TRUE
10R,5,8,0.4713,0.3575,19.77,0.5890868942,0.1155510339,38.1386498,0.7149610551,0.3853189132,0.2819851879,TRUE
10R,5,10,0.5113,0.363,19.77,0.5917485582,0.140777429,38.68675236,0.7600553572,0.3568151326,0.2231082786,TRUE
10R,5,12,0.5481,0.366,19.77,0.5942663378,0.1638504681,39.01244337,0.800284182,0.3259892803,0.1551889847,TRUE
10R,5,14,0.5771,0.3664,19.77,0.5963851901,0.1824423839,39.00060123,0.832395208,0.2962566314,0.0749580897,TRUE
10R,5,16,0.6037,0.3657,19.77,0.5983979162,0.1997422374,38.98034934,0.8618659607,0.2634870058,-0.07545150479,FALSE
10R,5,18,0.6297,0.3642,19.77,0.6004213028,0.2168996974,39.01108764,0.8906697965,0.2239301909,-0.2267084249,FALSE
10R,5,20,0.655,0.361,19.77,0.6025759924,0.2344855118,38.81775691,0.9202324764,0.1693699959,-0.3628449805,FALSE
10R,5,22,0.68,0.357,19.77,0.6047972737,0.2523841526,38.67926893,0.9499642343,0.07622887943,-0.4940879808,FALSE
10R,5,24,0.702,0.354,19.77,0.6066758134,0.2678868895,38.92614939,0.9748994252,-0.1108499533,-0.6154229694,FALSE
10R,5,26,0.721,0.35,19.77,0.6084865618,0.2822688783,38.9396901,0.9982373932,-0.3041790666,-0.7130466558,FALSE
2.5YR,5,2,0.3506,0.3337,19.77,0.5803287436,0.03120242496,43.54571212,0.5455793762,0.4583591794,0.4225752361,TRUE
2.5YR,5,4,0.3925,0.3494,19.77,0.5829038188,0.06035130839,44.45093302,0.6042966558,0.439134401,0.3674850923,TRUE
2.5YR,5,6,0.4365,0.364,19.77,0.5854265148,0.08853024609,45.70011978,0.6567456934,0.4181963424,0.306188176,TRUE
2.5YR,5,8,0.4795,0.3758,19.77,0.5878440029,0.1146329029,46.63403315,0.7028652124,0.3959514668,0.2391535921,TRUE
2.5YR,5,10,0.5175,0.3844,19.77,0.5899624534,0.1369645061,47.42410627,0.7407014267,0.3743915169,0.1644300622,TRUE
2.5YR,5,12,0.5482,0.3909,19.77,0.5916005944,0.1545380778,48.36395632,0.7689490977,0.3560764212,0.06169868046,TRUE
2.5YR,5,14,0.5731,0.3953,19.77,0.5929491965,0.1687760157,49.07792651,0.7913166806,0.3398002911,-0.1114418301,FALSE
2.5YR,5,16,0.5933,0.3989,19.77,0.5939992208,0.18022881,49.84689527,0.8084893126,0.3261943945,-0.2523416174,FALSE
2.5YR,5,18,0.617,0.402,19.77,0.5953037801,0.1939378259,50.57909845,0.829033024,0.3081097275,-0.4074539033,FALSE
2.5YR,5,20,0.636,0.406,19.77,0.5961631834,0.2046248845,51.796308,0.8429794139,0.2951057118,-0.5389895695,FALSE
5YR,5,2,0.353,0.3395,19.77,0.5799906822,0.0321356665,52.19105641,0.5427059339,0.4604271755,0.4122127848,TRUE
5YR,5,4,0.3968,0.3614,19.77,0.5821175231,0.06139474627,54.20477728,0.5963946698,0.4444653469,0.34566746,TRUE
5YR,5,6,0.442,0.3808,19.77,0.5842582351,0.08927263105,55.36078588,0.6442975391,0.4269822377,0.2727502355,TRUE
5YR,5,8,0.483,0.396,19.77,0.5861670491,0.1132741299,56.31018048,0.6832995546,0.4100723683,0.1937428997,TRUE
5YR,5,10,0.5161,0.4064,19.77,0.5877304311,0.1321672963,56.9467112,0.7130008621,0.3952203748,0.1012985589,TRUE
5YR,5,12,0.5422,0.4141,19.77,0.5889261064,0.1468859129,57.66646043,0.734916772,0.3831312729,-0.0684314538,FALSE
5YR,5,14,0.5642,0.4201,19.77,0.5899279026,0.1592854847,58.3400903,0.7527073596,0.3724824416,-0.2286368054,FALSE
5YR,5,16,0.584,0.425,19.77,0.590838726,0.1705187362,58.96001036,0.7684090709,0.362363552,-0.365962293,FALSE
5YR,5,18,0.601,0.429,19.77,0.5916141204,0.1802592999,59.56509701,0.781517577,0.3533800482,-0.4801911725,FALSE
7.5YR,5,2,0.354,0.3445,19.77,0.579599216,0.03275492629,60.09588493,0.5381057161,0.4628772887,0.4040798181,TRUE
7.5YR,5,4,0.3991,0.3714,19.77,0.5813832701,0.06275594641,62.25163321,0.5879299174,0.4494355976,0.3284311667,TRUE
7.5YR,5,6,0.444,0.3954,19.77,0.5830909431,0.09032382275,63.82942653,0.6300693786,0.4356449046,0.245273812,TRUE
7.5YR,5,8,0.482,0.4141,19.77,0.5844738948,0.1126166586,65.24224125,0.6614506469,0.4237654444,0.1533632117,TRUE
7.5YR,5,10,0.5108,0.4276,19.77,0.5854747858,0.1292271757,66.46189847,0.683036851,0.4147371069,0.009292041639,TRUE
7.5YR,5,12,0.5335,0.4378,19.77,0.5862450158,0.1423018556,67.47847395,0.6990224458,0.4075407731,-0.1772131941,FALSE
7.5YR,5,14,0.5506,0.445,19.77,0.5868356856,0.1521904866,68.19832161,0.7107965985,0.4018902107,-0.3092380153,FALSE
7.5YR,5,16,0.568,0.453,19.77,0.5873580772,0.1624759566,69.26060039,0.7214558948,0.3967211196,-0.4429478049,FALSE
10YR,5,2,0.3546,0.3514,19.77,0.578997587,0.03412062921,70.94910622,0.5302995774,0.4666371977,0.3934835474,TRUE
10YR,5,4,0.3995,0.384,19.77,0.5802871123,0.06479639357,72.62056899,0.5734685667,0.4568042607,0.3087243679,TRUE
10YR,5,6,0.4428,0.4128,19.77,0.5815096228,0.09224440713,74.05872274,0.6087246677,0.4470712459,0.2149031893,TRUE
10YR,5,8,0.477,0.4338,19.77,0.5824745005,0.1130933604,75.14115341,0.6336370003,0.4391249354,0.1076367332,TRUE
10YR,5,10,0.5025,0.4489,19.77,0.5831667853,0.1285292096,76.09732143,0.6505621254,0.4332531379,-0.0872983661,FALSE
10YR,5,12,0.5211,0.46,19.77,0.5836319692,0.1399363338,76.98122796,0.6617985995,0.4292055479,-0.2478498376,FALSE
10YR,5,14,0.539,0.468,19.77,0.5842549138,0.1504282024,77.0920503,0.6745256949,0.4238627463,-0.3807621337,FALSE
10YR,5,16,0.552,0.477,19.77,0.5844569725,0.1589994523,78.23930792,0.6802249145,0.4219513041,-0.4908037482,FALSE
2.5Y,5,2,0.3534,0.357,19.77,0.5783563816,0.03530172074,80.80603431,0.5206170869,0.4706479897,0.3861795314,TRUE
2.5Y,5,4,0.3968,0.3954,19.77,0.579080406,0.06702076531,82.55282361,0.5555818488,0.4647721269,0.2935680984,TRUE
2.5Y,5,6,0.438,0.4292,19.77,0.5798296536,0.09500312572,83.81913753,0.5839713187,0.4587487479,0.1892113172,TRUE
2.5Y,5,8,0.4685,0.4524,19.77,0.58043559,0.1149045929,84.58772335,0.6031930643,0.45390357,0.05932202872,TRUE
2.5Y,5,10,0.4905,0.4683,19.77,0.5808904238,0.1290946002,85.14023996,0.6162685212,0.4502557964,-0.1459832006,FALSE
2.5Y,5,12,0.5082,0.4812,19.77,0.5812255361,0.140728508,85.76898262,0.6258269445,0.4475245859,-0.3041994236,FALSE
2.5Y,5,14,0.523,0.491,19.77,0.5815582303,0.1502853085,86.10309016,0.634217237,0.4448504477,-0.4251300888,FALSE
5Y,5,2,0.35,0.362,19.77,0.5775659853,0.03648391861,91.68209148,0.5071694053,0.4755583866,0.3814329433,TRUE
5Y,5,4,0.3915,0.4057,19.77,0.5777888903,0.06970103771,92.10140228,0.5346911394,0.4730735705,0.2825482145,TRUE
5Y,5,6,0.4302,0.4435,19.77,0.5781626613,0.09823539533,92.59202817,0.5573774253,0.4698500905,0.1707456372,TRUE
5Y,5,8,0.4579,0.4692,19.77,0.5784836804,0.1179650519,93.05378582,0.5721188583,0.4672535515,0.007300751554,TRUE
5Y,5,10,0.4777,0.4876,19.77,0.5786911439,0.1322315561,93.606354,0.581421492,0.4655682335,-0.1956971746,FALSE
5Y,5,12,0.4932,0.5019,19.77,0.578850725,0.1435270006,94.09262301,0.5882032796,0.4642866024,-0.3436922911,FALSE
5Y,5,14,0.507,0.512,19.77,0.5791476381,0.1526126205,93.97821242,0.5961745357,0.462108482,-0.455955848,FALSE
7.5Y,5,2,0.347,0.364,19.77,0.5770904523,0.03699359783,97.87440838,0.4982769987,0.4784875821,0.3807598937,TRUE
7.5Y,5,4,0.385,0.412,19.77,0.5767391737,0.07152824909,99.23958671,0.5160825554,0.4796494943,0.2789321276,TRUE
7.5Y,5,6,0.4199,0.4551,19.77,0.5765562961,0.1014273349,100.3565922,0.5296410708,0.4800964865,0.1614027914,TRUE
7.5Y,5,8,0.445,0.485,19.77,0.5765203607,0.1221236637,100.9706805,0.5387234104,0.4799471883,-0.02721402839,FALSE
7.5Y,5,10,0.4632,0.5057,19.77,0.5765594356,0.1367244446,101.2797144,0.5454165137,0.4794872701,-0.2276062453,FALSE
7.5Y,5,12,0.4767,0.5208,19.77,0.5766034513,0.1475618126,101.519469,0.5501993461,0.4790775752,-0.3647179511,FALSE
7.5Y,5,14,0.489,0.535,19.77,0.5766187844,0.1578016845,101.8596847,0.5539040142,0.4788799864,-0.4849090311,FALSE
10Y,6,2,0.3398,0.3611,30.03,0.6628341295,0.03941907143,104.9362766,0.5892542072,0.5835396738,0.474863697,TRUE
10Y,6,4,0.3679,0.4033,30.03,0.6619836501,0.0736744675,105.8545205,0.5981826058,0.5878984074,0.3763639731,TRUE
10Y,6,6,0.396,0.4452,30.03,0.6613300899,0.1059949242,106.645564,0.6056647002,0.591260978,0.2640832467,TRUE
10Y,6,8,0.4201,0.4812,30.03,0.6608673895,0.1329594396,107.3276723,0.610898031,0.593690717,0.1197671072,TRUE
10Y,6,10,0.4372,0.5068,30.03,0.6605826948,0.1519282449,107.8022817,0.6140706194,0.5952214846,-0.176712072,FALSE
10Y,6,12,0.4488,0.5237,30.03,0.6604385388,0.1645066874,108.0349553,0.6165211238,0.5959930811,-0.3907367676,FALSE
10Y,6,14,0.4593,0.5392,30.03,0.6603063258,0.1760695915,108.2842341,0.6183920196,0.5967241367,-0.5743422821,FALSE
10Y,6,16,0.465,0.546,30.03,0.6603350537,0.1814100095,108.180922,0.6209695933,0.596511723,-0.6585462688,FALSE
2.5GY,6,2,0.3342,0.3607,30.03,0.6622165472,0.03914681681,112.9302917,0.5748038216,0.5874253581,0.4803107063,TRUE
2.5GY,6,4,0.3572,0.4038,30.03,0.6608184147,0.07379011857,113.5937756,0.5719337173,0.5951146297,0.3862626238,TRUE
2.5GY,6,6,0.3799,0.447,30.03,0.6596670225,0.1062632775,114.1723949,0.5688093138,0.6014450122,0.2822473022,TRUE
2.5GY,6,8,0.4006,0.4885,30.03,0.6586686203,0.1359593956,114.910716,0.5640293151,0.6069871898,0.1462590251,TRUE
2.5GY,6,10,0.4159,0.519,30.03,0.6580523241,0.1571591555,115.2677162,0.561146783,0.6104198527,-0.1343738647,FALSE
2.5GY,6,12,0.4269,0.5414,30.03,0.657629942,0.1725072561,115.5361656,0.5587793077,0.6127906465,-0.3825096224,FALSE
2.5GY,6,14,0.4354,0.5594,30.03,0.657291863,0.1847349575,115.7907067,0.5563827567,0.6147020584,-0.565401147,FALSE
2.5GY,6,16,0.439,0.568,30.03,0.6571036148,0.1905100589,115.9891367,0.5544494041,0.6157723803,-0.6458757321,FALSE
5GY,6,2,0.3288,0.3592,30.03,0.6617241293,0.03860041422,119.9718987,0.5621073855,0.5905021545,0.4873882308,TRUE
5GY,6,4,0.3461,0.4008,30.03,0.6598864725,0.07247328885,120.5255958,0.5479492223,0.6007740845,0.4021289926,TRUE
5GY,6,6,0.3622,0.4438,30.03,0.6581812095,0.1049512471,121.4653207,0.5313815404,0.6102115428,0.3102097269,TRUE
5GY,6,8,0.3772,0.488,30.03,0.6566081314,0.1361801843,122.3373809,0.513266052,0.6188223975,0.196411023,TRUE
5GY,6,10,0.3891,0.5264,30.03,0.655364919,0.1618952668,122.9955011,0.4969235213,0.6255583787,-0.0182239076,FALSE
5GY,6,12,0.398,0.5564,30.03,0.6544839789,0.1812368312,123.3913341,0.4844493835,0.6302931312,-0.3115086607,FALSE
5GY,6,14,0.4042,0.5788,30.03,0.6538527183,0.1953366207,123.6838119,0.4747773432,0.6336672917,-0.5080016217,FALSE
5GY,6,16,0.409,0.594,30.03,0.6534979288,0.2047660791,123.7318111,0.4697719079,0.6355612064,-0.6363566708,FALSE
5GY,6,18,0.413,0.607,30.03,0.6532015664,0.2127676501,123.7797225,0.465416446,0.6371417514,-0.7404327078,FALSE
7.5GY,6,2,0.3193,0.355,30.03,0.6609908598,0.03765574494,132.1722458,0.5410291713,0.5950402045,0.5023113049,TRUE
7.5GY,6,4,0.3275,0.3922,30.03,0.658556286,0.0700271281,132.221362,0.5087473319,0.6086390991,0.4334834417,TRUE
7.5GY,6,6,0.3351,0.4321,30.03,0.6562738224,0.1017975423,132.5118259,0.4745233689,0.6209895244,0.3601507599,TRUE
7.5GY,6,8,0.3418,0.4768,30.03,0.6539827631,0.1345851675,133.0193695,0.4346849617,0.6330136365,0.2733415569,TRUE
7.5GY,6,10,0.3463,0.5196,30.03,0.6519731821,0.1637371084,133.5953235,0.3935786623,0.6432508268,0.1724577211,TRUE
7.5GY,6,12,0.3488,0.5596,30.03,0.6502155291,0.1893236033,134.1689748,0.3511079371,0.6519611405,-0.03021478698,FALSE
7.5GY,6,14,0.3498,0.5985,30.03,0.6486035028,0.2128552928,134.7165938,0.3045513692,0.6597455851,-0.3219148158,FALSE
7.5GY,6,16,0.3498,0.6282,30.03,0.6474389964,0.2299988715,135.1003178,0.2642228847,0.6652471378,-0.5160923469,FALSE
7.5GY,6,18,0.349,0.65,30.03,0.6465857645,0.2422340217,135.4255435,0.2286390257,0.6692079234,-0.6430600169,FALSE
7.5GY,6,20,0.348,0.667,30.03,0.6459275162,0.2515649829,135.6862782,0.1958625556,0.6722232734,-0.7343566047,FALSE
7.5GY,6,22,0.347,0.688,30.03,0.6451730585,0.2627545471,135.9233619,0.149406875,0.6756447768,-0.8420915041,FALSE
10GY,6,2,0.3112,0.3496,30.03,0.6605233298,0.03653532938,142.8381386,0.5247192756,0.5979317023,0.517955874,TRUE
10GY,6,4,0.3124,0.3822,30.03,0.6576595701,0.0681126181,142.3607107,0.4770303937,0.6138006723,0.4628468208,TRUE
10GY,6,6,0.3128,0.4175,30.03,0.6549251679,0.09927372238,142.3196324,0.4248144933,0.6282704971,0.4053982492,TRUE
10GY,6,8,0.3116,0.4563,30.03,0.6521987535,0.1308339143,142.618207,0.3622270638,0.6420724069,0.3434355615,TRUE
10GY,6,10,0.3086,0.4949,30.03,0.6496953678,0.1599681182,143.0853833,0.2888558801,0.6542093293,0.2805401296,TRUE
10GY,6,12,0.3037,0.5358,30.03,0.6472362103,0.1886848327,143.6237558,0.1834451437,0.6656417368,0.2071417887,TRUE
10GY,6,14,0.2962,0.5802,30.03,0.644721329,0.2178284309,144.2754526,-0.1633520101,0.6768358942,0.09922104702,FALSE
10GY,6,16,0.2872,0.6199,30.03,0.6425419362,0.2425087717,144.956152,-0.6230652086,0.6861284091,-0.1135646605,FALSE
10GY,6,18,0.2763,0.6616,30.03,0.6403733465,0.266922032,145.6246187,-1.077311353,0.6950124464,-0.3284428254,FALSE
10GY,6,20,0.2648,0.7004,30.03,0.6384413339,0.2884420806,146.2263583,-1.478687798,0.7026271577,-0.4986753059,FALSE
10GY,6,22,0.253,0.738,30.03,0.6366783634,0.3081392373,146.7369901,-1.839892258,0.7093410043,-0.6434844804,FALSE
10GY,6,24,0.238,0.782,30.03,0.6347016117,0.3300330198,147.3085342,-2.23992325,0.7166025548,-0.7899766597,FALSE
10GY,6,26,0.225,0.82,30.03,0.633130026,0.3477494798,147.6990494,-2.55163686,0.7221926047,-0.9036488381,FALSE
10GY,6,28,0.208,0.863,30.03,0.6313200617,0.367276288,148.2425788,-2.908609172,0.7283989621,-1.011006609,FALSE
10GY,6,30,0.188,0.905,30.03,0.6294386412,0.3861981302,148.9422541,-3.277352645,0.7345795071,-1.093010581,FALSE
10GY,6,32,0.171,0.939,30.03,0.6279492586,0.4009762321,149.4886706,-3.563836622,0.7393038989,-1.15103265,FALSE
2.5G,6,2,0.3039,0.3437,30.03,0.6601880561,0.03576562668,153.198797,0.5107083797,0.6000127719,0.533719532,TRUE
2.5G,6,4,0.2967,0.3695,30.03,0.6568514371,0.06709705217,153.9271288,0.4426931019,0.6183443043,0.4963350375,TRUE
2.5G,6,6,0.2892,0.3963,30.03,0.6537642014,0.09672015296,154.082043,0.3676155913,0.6342932002,0.4593360362,TRUE
2.5G,6,8,0.2799,0.4239,30.03,0.6507401399,0.1257333184,154.5753254,0.2699356547,0.6490494614,0.423944456,TRUE
2.5G,6,10,0.269,0.453,30.03,0.6477520208,0.1545204632,155.0913289,0.09019029585,0.6628345541,0.38865389,TRUE
2.5G,6,12,0.2574,0.4814,30.03,0.6450078942,0.1810323883,155.5756667,-0.4799134818,0.6748346061,0.3557181326,FALSE
2.5G,6,14,0.2426,0.5133,30.03,0.6420196259,0.2096908232,156.221871,-1.113930139,0.6872101456,0.3206724306,FALSE
2.5G,6,16,0.2278,0.543,30.03,0.6393700957,0.2350705934,156.7890592,-1.663721112,0.6976105486,0.2889166458,FALSE
2.5G,6,18,0.2102,0.5737,30.03,0.6366065496,0.2610683519,157.519157,-2.228676529,0.7078891125,0.2579743877,FALSE
2.5G,6,20,0.1922,0.6035,30.03,0.6340195328,0.2853381172,158.1736994,-2.743462401,0.7170209253,0.228061618,FALSE
2.5G,6,22,0.1739,0.6318,30.03,0.6315944366,0.3079054766,158.8002373,-3.214254884,0.7251611158,0.1998049956,FALSE
2.5G,6,24,0.1536,0.6605,30.03,0.629097447,0.3308182411,159.4907355,-3.68761659,0.733123816,0.1716947566,FALSE
2.5G,6,26,0.134,0.6871,30.03,0.6268178277,0.351649634,160.1016236,-4.107124497,0.7400466915,0.1445470884,FALSE
2.5G,6,28,0.1145,0.7122,30.03,0.6246562672,0.371254436,160.6832394,-4.494112596,0.7463108133,0.1177229758,FALSE
2.5G,6,30,0.092,0.738,30.03,0.6222679718,0.392481189,161.3913949,-4.911315039,0.7528817366,0.09140161575,FALSE
2.5G,6,32,0.069,0.764,30.03,0.6199042894,0.4135147359,162.0445062,-5.309245362,0.7590681939,0.05959662929,FALSE
2.5G,6,34,0.047,0.789,30.03,0.6177086464,0.4331431378,162.5985865,-5.665079311,0.7645489883,0.01708203284,FALSE
5G,6,2,0.2988,0.3382,30.03,0.6600855236,0.03465395086,161.3852079,0.5026713983,0.6007140158,0.5470677042,TRUE
5G,6,4,0.2868,0.3595,30.03,0.6564775762,0.06654283701,162.0072548,0.4213003223,0.6204274465,0.5204402203,TRUE
5G,6,6,0.2748,0.3795,30.03,0.6532669497,0.09507588509,162.4834114,0.3301942865,0.6367857465,0.4973177313,TRUE
5G,6,8,0.2612,0.399,30.03,0.6501190232,0.1229258675,163.2614632,0.1960748017,0.6518261929,0.4772907866,TRUE
5G,6,10,0.2466,0.4181,30.03,0.6470672218,0.1498945541,164.0220227,-0.287956617,0.6655217498,0.4595423329,FALSE
5G,6,12,0.2293,0.439,30.03,0.6437570707,0.1791197695,164.8261823,-1.026635943,0.6794528087,0.4420190845,FALSE
5G,6,14,0.213,0.4571,30.03,0.6408727339,0.2045276906,165.5356618,-1.652358453,0.6908507517,0.4285135473,FALSE
5G,6,16,0.196,0.4751,30.03,0.6380262933,0.2296112012,166.1895324,-2.250753927,0.7014639872,0.4162266003,FALSE
5G,6,18,0.1785,0.4924,30.03,0.6352454725,0.2540686591,166.8313814,-2.817847032,0.7112483436,0.4057607685,FALSE
5G,6,20,0.1609,0.5091,30.03,0.6325545715,0.2777446589,167.4185566,-3.348262669,0.7201979157,0.3965769026,FALSE
5G,6,22,0.1432,0.5252,30.03,0.629934246,0.3008017694,167.9678573,-3.847317458,0.7284441624,0.38859862,FALSE
5G,6,24,0.1252,0.5408,30.03,0.6273392444,0.3236257319,168.5004244,-4.324649536,0.736172281,0.381779564,FALSE
5G,6,26,0.1079,0.556,30.03,0.6248867211,0.345293757,168.9374252,-4.757939912,0.7431090809,0.3751913664,FALSE
5G,6,28,0.0908,0.5695,30.03,0.6225049996,0.3662287322,169.4106599,-5.166265329,0.7494836198,0.370805662,FALSE
5G,6,30,0.071,0.586,30.03,0.6197723905,0.3904245326,169.8539298,-5.613352302,0.7564301183,0.3648358724,FALSE
5G,6,32,0.053,0.599,30.03,0.6172969367,0.4122017958,170.3198643,-6.00466455,0.7623373116,0.3620233445,FALSE
5G,6,34,0.031,0.614,30.03,0.614255035,0.4389762131,170.8773161,-6.463809847,0.7691486818,0.3597701208,FALSE
7.5G,6,2,0.2958,0.3344,30.03,0.6600818036,0.03382865251,166.8599305,0.4987180611,0.6008087026,0.5559038242,TRUE
7.5G,6,4,0.2807,0.3522,30.03,0.6563362455,0.06605979667,167.5239049,0.4088374893,0.621228851,0.5371405208,TRUE
7.5G,6,6,0.2662,0.3672,30.03,0.6531229168,0.09370488561,168.3428268,0.3080951314,0.6374867766,0.5234807182,TRUE
7.5G,6,8,0.251,0.3829,30.03,0.6499126775,0.1214763168,168.838941,0.1415067011,0.6526636384,0.5099061146,TRUE
7.5G,6,10,0.235,0.3979,30.03,0.646781992,0.1485574545,169.4451725,-0.502343696,0.6665133191,0.4986286808,FALSE
7.5G,6,12,0.2171,0.4138,30.03,0.6434629811,0.177326843,170.0507375,-1.251519987,0.6802435448,0.487925553,FALSE
7.5G,6,14,0.2001,0.4278,30.03,0.6404662736,0.203320666,170.6190231,-1.905842769,0.6918478232,0.4798202612,FALSE
7.5G,6,16,0.1832,0.4414,30.03,0.6375743858,0.2284801466,171.102692,-2.51402866,0.7023841282,0.4725583625,FALSE
7.5G,6,18,0.1654,0.4551,30.03,0.634614747,0.254275991,171.5813486,-3.11393321,0.7125274081,0.4660906668,FALSE
7.5G,6,20,0.1485,0.4677,30.03,0.6318625506,0.2783192329,171.9996102,-3.650574778,0.7214118115,0.4607479543,FALSE
7.5G,6,22,0.1325,0.4795,30.03,0.6292914109,0.300846375,172.352614,-4.132650008,0.7292632082,0.4560506073,FALSE
7.5G,6,24,0.1159,0.491,30.03,0.6266587293,0.3239290946,172.7310216,-4.609042632,0.7368599197,0.4523099855,FALSE
7.5G,6,26,0.101,0.5018,30.03,0.6243022587,0.3446899137,173.0000891,-5.017208161,0.7433229849,0.4484635989,FALSE
7.5G,6,28,0.0858,0.5127,30.03,0.621909033,0.3658239158,173.2575255,-5.416167057,0.7495620173,0.4448125145,FALSE
7.5G,6,30,0.068,0.524,30.03,0.619105423,0.3905524864,173.6221545,-5.867114233,0.756434297,0.4424700111,FALSE
7.5G,6,32,0.052,0.535,30.03,0.6165773495,0.4129789716,173.8705757,-6.252859436,0.762303827,0.4394260145,FALSE
7.5G,6,34,0.034,0.546,30.03,0.6136945521,0.4385395122,174.2030887,-6.674633015,0.768567296,0.4377365969,FALSE
10G,6,2,0.2929,0.3303,30.03,0.6601229633,0.03296017584,172.81251,0.4955203592,0.6006509309,0.56520899,TRUE
10G,6,4,0.2749,0.3443,30.03,0.6562834792,0.06551136193,173.334269,0.3978295682,0.62155996,0.5546595938,TRUE
10G,6,6,0.2591,0.3558,30.03,0.6530971432,0.09262500606,173.8071839,0.2898946823,0.6375959268,0.5471779298,TRUE
10G,6,8,0.242,0.3679,30.03,0.6497683645,0.1210640634,174.2043421,0.05978022488,0.6531926125,0.5400216726,TRUE
10G,6,10,0.2247,0.3796,30.03,0.6465175763,0.1489370921,174.5891047,-0.7085158661,0.6673771953,0.5339683303,FALSE
10G,6,12,0.206,0.3914,30.03,0.6431210423,0.178153433,175.0331579,-1.484919845,0.6811736028,0.5290128375,FALSE
10G,6,14,0.1895,0.4015,30.03,0.6401785833,0.2035576435,175.3782066,-2.13054579,0.6923425791,0.5252944452,FALSE
10G,6,16,0.1722,0.4113,30.03,0.637152186,0.2297597267,175.769262,-2.770845683,0.703110975,0.5226919076,FALSE
10G,6,18,0.1551,0.4208,30.03,0.634174997,0.2556307751,176.1065528,-3.374103534,0.7130453026,0.5204859668,FALSE
10G,6,20,0.1382,0.4299,30.03,0.6312380511,0.2812400462,176.4157139,-3.943989203,0.7222395839,0.5187887536,FALSE
10G,6,22,0.123,0.4378,30.03,0.6285905331,0.3043993181,176.6814649,-4.43651227,0.730038062,0.5177023001,FALSE
10G,6,24,0.107,0.4458,30.03,0.6257850528,0.3290164503,176.9529051,-4.93666965,0.7378192072,0.5170175241,FALSE
10G,6,26,0.0941,0.452,30.03,0.6234996253,0.3491282969,177.1674136,-5.327688169,0.7438065693,0.516810462,FALSE
10G,6,28,0.081,0.458,30.03,0.6211478869,0.3698773873,177.3865957,-5.714953241,0.7496494958,0.5169894126,FALSE
10G,6,30,0.066,0.465,30.03,0.6184064196,0.3941415997,177.6036546,-6.145552698,0.7560882012,0.5170229431,FALSE
10G,6,32,0.052,0.471,30.03,0.6157857438,0.4174033502,177.8219845,-6.53861271,0.7618597651,0.517724672,FALSE
10G,6,34,0.035,0.48,30.03,0.6125499201,0.4462379177,177.9566979,-6.992453506,0.7685899395,0.516429326,FALSE
2.5BG,6,2,0.2902,0.3268,30.03,0.6601280625,0.03279229078,178.2848652,0.491881341,0.600689782,0.5733474812,TRUE
2.5BG,6,4,0.2702,0.3369,30.03,0.6563330911,0.06487455387,178.7013436,0.3901810395,0.6213482975,0.5706246702,TRUE
2.5BG,6,6,0.2526,0.3448,30.03,0.653118744,0.09219355735,179.2288364,0.2721969323,0.637465538,0.5699906778,TRUE
2.5BG,6,8,0.2332,0.3522,30.03,0.6496892955,0.1215083979,179.9185934,-0.1010065407,0.6533875261,0.5714511539,FALSE
2.5BG,6,10,0.2148,0.3584,30.03,0.6464741058,0.1491538485,180.5057527,-0.893851615,0.6672133024,0.5740839867,FALSE
2.5BG,6,12,0.1954,0.3645,30.03,0.6430657783,0.1786210027,180.9980708,-1.697674318,0.6808015617,0.5774326749,FALSE
2.5BG,6,14,0.1779,0.3699,30.03,0.6399413068,0.2057632714,181.3240468,-2.399549173,0.6923717358,0.5804968661,FALSE
2.5BG,6,16,0.16,0.3748,30.03,0.6367058648,0.234025447,181.6571725,-3.094826094,0.7035100496,0.5844673951,FALSE
2.5BG,6,18,0.1428,0.379,30.03,0.6335294692,0.2619225754,181.9608878,-3.74545703,0.7136652513,0.5889179978,FALSE
2.5BG,6,20,0.1269,0.3829,30.03,0.6304983836,0.2886485751,182.1735918,-4.334207399,0.7226975539,0.5928826921,FALSE
2.5BG,6,22,0.112,0.386,30.03,0.6275736677,0.3145720883,182.3870744,-4.876188996,0.7308174092,0.5973103692,FALSE
2.5BG,6,24,0.096,0.389,30.03,0.6243073753,0.34365639,182.5977659,-5.449670285,0.7392443589,0.60241961,FALSE
2.5BG,6,26,0.083,0.392,30.03,0.6215356046,0.3683741289,182.6831434,-5.906626778,0.7459355928,0.6056615704,FALSE
2.5BG,6,28,0.074,0.394,30.03,0.6195518359,0.3861160789,182.7367868,-6.2193096,0.7504606751,0.6079746417,FALSE
2.5BG,6,30,0.062,0.397,30.03,0.6168176069,0.4105997259,182.7679187,-6.629231723,0.7563771147,0.610531159,FALSE
2.5BG,6,32,0.05,0.398,30.03,0.6139162368,0.4368355383,182.9322596,-7.047493011,0.7621291359,0.6158620451,FALSE
5BG,6,2,0.2872,0.3219,30.03,0.6602437288,0.03216240343,185.7499176,0.4895345838,0.6001217542,0.584210624,TRUE
5BG,6,4,0.2648,0.3262,30.03,0.6566104092,0.063373149,186.507211,0.3851883633,0.6199688823,0.5929470855,TRUE
5BG,6,6,0.2441,0.329,30.03,0.6532753981,0.09233642113,187.1621487,0.2487657121,0.6366563016,0.6026958315,TRUE
5BG,6,8,0.2236,0.3311,30.03,0.6499151884,0.1217682,187.6181433,-0.2511918026,0.6521239725,0.6131430887,FALSE
5BG,6,10,0.2037,0.3329,30.03,0.646536333,0.1515371454,187.8518298,-1.113879255,0.6664423804,0.6233510538,FALSE
5BG,6,12,0.1844,0.3337,30.03,0.643172636,0.1814718134,188.1314732,-1.935432849,0.6795543375,0.6345350555,FALSE
5BG,6,14,0.1662,0.3343,30.03,0.6398382767,0.2112878353,188.269078,-2.705894891,0.6915336358,0.6450646295,FALSE
5BG,6,16,0.1491,0.3345,30.03,0.6365457003,0.2409047324,188.3568608,-3.426489047,0.7024382649,0.6553329558,FALSE
5BG,6,18,0.1325,0.3345,30.03,0.6331592908,0.2715000578,188.3850097,-4.125175066,0.7127736072,0.6654180134,FALSE
5BG,6,20,0.1168,0.3344,30.03,0.6297462936,0.3024433507,188.3572602,-4.786170734,0.7223590885,0.6749441276,FALSE
5BG,6,22,0.101,0.332,30.03,0.6260975822,0.3361446516,188.5364372,-5.460792368,0.7316064473,0.6882003963,FALSE
5BG,6,24,0.086,0.332,30.03,0.6222914915,0.3708132605,188.3699019,-6.096889243,0.7405452942,0.6968341213,FALSE
5BG,6,26,0.075,0.331,30.03,0.6192835312,0.3985130146,188.3186538,-6.570651724,0.7469551773,0.7047531773,FALSE
5BG,6,28,0.068,0.33,30.03,0.6172421277,0.4174229059,188.2997274,-6.876631624,0.7510008462,0.7103688643,FALSE
5BG,6,30,0.06,0.33,30.03,0.6148040634,0.4397414504,188.1627345,-7.217939362,0.7556544384,0.714832639,FALSE
7.5BG,6,2,0.2849,0.3172,30.03,0.6604397292,0.03139199761,193.1241753,0.4894099929,0.5990898695,0.5942739901,TRUE
7.5BG,6,4,0.2604,0.3169,30.03,0.6569106206,0.06276061131,193.6629273,0.3820306494,0.618461302,0.6124494591,TRUE
7.5BG,6,6,0.2384,0.3155,30.03,0.653667165,0.09203194116,194.0815335,0.239033925,0.6347135739,0.6302353648,TRUE
7.5BG,6,8,0.2171,0.3138,30.03,0.6503502532,0.1221615848,194.1510984,-0.3278826578,0.6499435708,0.6476171516,FALSE
7.5BG,6,10,0.1961,0.311,30.03,0.6469349552,0.1536379845,194.3055205,-1.244140523,0.6642752809,0.6663705258,FALSE
7.5BG,6,12,0.1762,0.3081,30.03,0.6434435856,0.1859539697,194.2510769,-2.126140861,0.6776513388,0.6842760452,FALSE
7.5BG,6,14,0.1585,0.3052,30.03,0.6400910488,0.2171358043,194.1132809,-2.923416182,0.6893880567,0.7005625812,FALSE
7.5BG,6,16,0.1408,0.3017,30.03,0.6364636004,0.2511246506,193.956678,-3.735165071,0.7009532187,0.7177734325,FALSE
7.5BG,6,18,0.1248,0.2981,30.03,0.6328724106,0.2849465912,193.7684627,-4.485819492,0.7113418428,0.7340263106,FALSE
7.5BG,6,20,0.108,0.294,30.03,0.6286819879,0.324521103,193.495009,-5.295015264,0.7222585289,0.751615839,FALSE
7.5BG,6,22,0.092,0.29,30.03,0.62416719,0.367155311,193.132633,-6.087579375,0.7327272353,0.7685077118,FALSE
7.5BG,6,24,0.078,0.287,30.03,0.6196778044,0.4092900516,192.6773279,-6.794611691,0.7420058878,0.7823005768,FALSE
7.5BG,6,26,0.068,0.283,30.03,0.6160243588,0.4443472171,192.4750242,-7.329482054,0.7485467627,0.7957839648,FALSE
10BG,6,2,0.2837,0.3132,30.03,0.6607196345,0.03021464568,199.8493626,0.4922159337,0.5975593577,0.6023478392,TRUE
10BG,6,4,0.2578,0.3078,30.03,0.6574845407,0.06089706465,201.1687981,0.3878007302,0.6155132325,0.6306709417,TRUE
10BG,6,6,0.2335,0.3015,30.03,0.6542782625,0.09190642691,201.6152522,0.2373668453,0.6316976555,0.6589565738,TRUE
10BG,6,8,0.2116,0.295,30.03,0.6511604616,0.1224307885,201.6627173,-0.3467992038,0.6460309048,0.6856723811,FALSE
10BG,6,10,0.1909,0.2881,30.03,0.6479483659,0.1541956072,201.5254792,-1.267287891,0.6594736368,0.7122243464,FALSE
10BG,6,12,0.1698,0.2802,30.03,0.6443243925,0.1903766619,201.2562194,-2.246207,0.6731633879,0.7409899285,FALSE
10BG,6,14,0.1518,0.2729,30.03,0.6408411801,0.2252851587,200.8761522,-3.123906086,0.6849887802,0.7667963985,FALSE
10BG,6,16,0.1337,0.2651,30.03,0.6368414791,0.2653776144,200.3377182,-4.054974303,0.6971267778,0.7939567891,FALSE
10BG,6,18,0.1181,0.2581,30.03,0.6328505426,0.3052469323,199.7254112,-4.903355132,0.7078774031,0.8182666233,FALSE
10BG,6,20,0.101,0.251,30.03,0.6276561447,0.3562795645,198.7689315,-5.883831307,0.7202002914,0.8440504195,FALSE
10BG,6,22,0.086,0.244,30.03,0.6221646955,0.4103306599,197.8622451,-6.799084275,0.7312476843,0.8687992033,FALSE
10BG,6,24,0.072,0.237,30.03,0.6158119226,0.4725941692,196.8731288,-7.708997992,0.7418898098,0.893458317,FALSE
2.5B,6,2,0.2835,0.3097,30.03,0.661093021,0.02847879929,206.6373355,0.4979748613,0.5954698352,0.6088484873,TRUE
2.5B,6,4,0.2571,0.3008,30.03,0.6581531334,0.05844336299,207.7960902,0.3992081557,0.6120262857,0.6440487802,TRUE
2.5B,6,6,0.2312,0.2899,30.03,0.6551326479,0.09055428399,208.5202994,0.2528156,0.6274873698,0.6823539764,TRUE
2.5B,6,8,0.208,0.2789,30.03,0.6521518293,0.1228559638,208.6023491,-0.3089877085,0.6412910674,0.7191919692,FALSE
2.5B,6,10,0.1879,0.2682,30.03,0.6492872581,0.1544816469,208.4638878,-1.210885849,0.6532827844,0.7538748878,FALSE
2.5B,6,12,0.166,0.2561,30.03,0.6456418024,0.1943983819,207.8070577,-2.275965426,0.6669428234,0.7933978268,FALSE
2.5B,6,14,0.148,0.2459,30.03,0.6420768416,0.2329192645,206.9223922,-3.228819938,0.6787784056,0.8273047517,FALSE
2.5B,6,16,0.1294,0.2348,30.03,0.6376608442,0.2802675409,205.7792716,-4.300559462,0.6915864413,0.8647191416,FALSE
2.5B,6,18,0.114,0.226,30.03,0.6331401093,0.3273574975,204.4832356,-5.265787768,0.7030007925,0.8957560763,FALSE
2.5B,6,20,0.099,0.216,30.03,0.6277298113,0.3841679518,203.1841312,-6.295153976,0.714401011,0.9307379682,FALSE
2.5B,6,22,0.085,0.205,30.03,0.6211179186,0.4537194023,201.8080441,-7.371754361,0.7254627567,0.9694587489,FALSE
5B,6,2,0.2842,0.3063,30.03,0.6615930365,0.02612210521,214.929623,0.507005144,0.5926211836,0.6145681263,TRUE
5B,6,4,0.2579,0.2938,30.03,0.6590902898,0.05481944201,215.9582652,0.4183401545,0.6070513054,0.6566459081,TRUE
5B,6,6,0.232,0.2789,30.03,0.6565353625,0.08622923316,216.7588367,0.2930731069,0.6205024219,0.7033081198,TRUE
5B,6,8,0.2088,0.2635,30.03,0.6540563628,0.1183561682,217.0861211,-0.04176527543,0.6323004835,0.7502014216,FALSE
5B,6,10,0.1883,0.2487,30.03,0.6515510544,0.1513308932,216.8365041,-0.9578008665,0.6430065579,0.7956437502,FALSE
5B,6,12,0.1685,0.2339,30.03,0.6486309356,0.1889486755,215.9482861,-1.94762608,0.6541088763,0.84262902,FALSE
5B,6,14,0.1496,0.2193,30.03,0.6451692807,0.2323295632,214.5832451,-3.014379086,0.6655980459,0.8910154459,FALSE
5B,6,16,0.131,0.2048,30.03,0.6407401431,0.2854519993,212.6620775,-4.212637858,0.6781437018,0.9419029062,FALSE
5B,6,18,0.117,0.192,30.03,0.6365242669,0.3369006501,211.1511067,-5.243410466,0.6877801223,0.9882631344,FALSE
5B,6,20,0.102,0.181,30.03,0.6301713516,0.4058643991,208.539971,-6.476630601,0.7004578452,1.032588529,FALSE
7.5B,6,2,0.2854,0.3037,30.03,0.6620784782,0.02397799602,223.2926344,0.5163900248,0.589811373,0.6184976191,TRUE
7.5B,6,4,0.2602,0.2881,30.03,0.6601471043,0.05071619329,224.904305,0.441750605,0.6013119962,0.6659663418,TRUE
7.5B,6,6,0.2352,0.2708,30.03,0.6581019315,0.08065979608,225.1766928,0.3396521452,0.6125106111,0.7175153452,TRUE
7.5B,6,8,0.2132,0.2537,30.03,0.6561636463,0.1109465238,225.1218519,0.1826318886,0.622154031,0.7683836884,TRUE
7.5B,6,10,0.1934,0.2374,30.03,0.6541339989,0.1426667307,224.4250399,-0.5034063135,0.6312368056,0.8183586734,FALSE
7.5B,6,12,0.1734,0.2203,30.03,0.6516242093,0.1807407132,223.0686812,-1.498521816,0.641162067,0.8733526851,FALSE
7.5B,6,14,0.1556,0.2043,30.03,0.6488264912,0.2220580225,221.4058409,-2.517529416,0.6506964805,0.9278024825,FALSE
7.5B,6,16,0.1376,0.1879,30.03,0.6450313281,0.2744953207,219.0348163,-3.723757287,0.6616248213,0.9879508754,FALSE
7.5B,6,18,0.123,0.174,30.03,0.6408419805,0.3296444465,216.6336901,-4.871052032,0.6714334599,1.042916181,FALSE
7.5B,6,20,0.111,0.162,30.03,0.6361120711,0.3891090842,214.2257001,-5.967355905,0.6802557872,1.093951867,FALSE
7.5B,6,22,0.1,0.151,30.03,0.629894304,0.4620827584,211.4308656,-7.125372247,0.6894165601,1.14462091,FALSE
10B,6,2,0.2871,0.3012,30.03,0.6626308572,0.02192285731,233.9076586,0.527363122,0.5865664494,0.62191119,TRUE
10B,6,4,0.2637,0.284,30.03,0.6612239056,0.04659230417,234.3997464,0.4666556367,0.5953067282,0.6715030623,TRUE
10B,6,6,0.2399,0.265,30.03,0.6597025902,0.07489168976,234.0308902,0.3853827744,0.6040820163,0.7263549032,TRUE
10B,6,8,0.2189,0.2468,30.03,0.6582497939,0.1035592559,233.3917684,0.2781394897,0.611741455,0.779967089,TRUE
10B,6,10,0.2,0.2298,30.03,0.6567039364,0.1333600572,232.1709075,0.02154728706,0.6190863026,0.8323159796,TRUE
10B,6,12,0.1803,0.2114,30.03,0.6547298778,0.1700997704,230.3477496,-0.9273679536,0.6273399306,0.8923475716,FALSE
10B,6,14,0.1629,0.1947,30.03,0.6524755581,0.2094767024,228.1698826,-1.909173012,0.6354395084,0.9509322025,FALSE
10B,6,16,0.1454,0.1778,30.03,0.6493599938,0.2588740678,225.2588733,-3.081913954,0.6448689242,1.015562705,FALSE
10B,6,18,0.131,0.164,30.03,0.6457217739,0.3108418876,222.2058519,-4.228247323,0.6539980966,1.073460939,FALSE
10B,6,20,0.12,0.153,30.03,0.6419472458,0.3619857779,219.5086248,-5.246092246,0.661600312,1.123294385,FALSE
10B,6,22,0.111,0.144,30.03,0.637732986,0.4151657556,216.8960195,-6.194538652,0.66858396,1.167211688,FALSE
10B,6,24,0.099,0.133,30.03,0.6292617286,0.5109717054,212.5496914,-7.633925284,0.6798981101,1.226135083,FALSE
2.5PB,6,2,0.2897,0.2991,30.03,0.6632705092,0.01993314533,247.5924383,0.5406974081,0.5827335107,0.6239477617,TRUE
2.5PB,6,4,0.2684,0.2804,30.03,0.6624459696,0.0427710189,246.5582434,0.4947599917,0.5882908435,0.6753036809,TRUE
2.5PB,6,6,0.2465,0.2599,30.03,0.6615888641,0.06908523785,245.6140746,0.4356517075,0.593752432,0.7326489956,TRUE
2.5PB,6,8,0.2274,0.2406,30.03,0.6608649214,0.0952944592,244.8772482,0.3675846949,0.5980419048,0.7884767511,TRUE
2.5PB,6,10,0.2095,0.2225,30.03,0.6599857216,0.1230318101,243.2131855,0.2689319819,0.6026817151,0.8442158449,TRUE
2.5PB,6,12,0.1913,0.2038,30.03,0.6588473939,0.1557091825,240.9458553,-0.04729148978,0.6079149809,0.9060590702,FALSE
2.5PB,6,14,0.1754,0.1868,30.03,0.6576158557,0.1897202346,238.6474359,-0.8722966874,0.6126511761,0.966855375,FALSE
2.5PB,6,16,0.159,0.169,30.03,0.6558534581,0.2324435979,235.6318691,-1.89332304,0.6182009103,1.036878872,FALSE
2.5PB,6,18,0.148,0.156,30.03,0.6544058488,0.2683437645,233.4498802,-2.698021529,0.621461342,1.092677288,FALSE
2.5PB,6,20,0.137,0.144,30.03,0.6521151919,0.3111763465,230.4106925,-3.652507065,0.6264036431,1.149701497,FALSE
2.5PB,6,22,0.127,0.134,30.03,0.6489611033,0.3588162952,226.9333967,-4.666056118,0.6326502502,1.202200612,FALSE
2.5PB,6,24,0.117,0.123,30.03,0.6445910651,0.4227868991,223.0664153,-5.856846572,0.6386497772,1.264891024,FALSE
5PB,6,2,0.2923,0.2978,30.03,0.6638126406,0.01881171064,260.6568218,0.5523034698,0.5794217819,0.6244926901,TRUE
5PB,6,4,0.2734,0.2778,30.03,0.6635933215,0.04042383134,259.4117446,0.5207996477,0.5814935006,0.6769559512,TRUE
5PB,6,6,0.2533,0.2558,30.03,0.6633960042,0.06577992081,258.0786018,0.4799015045,0.5834129127,0.7368088842,TRUE
5PB,6,8,0.236,0.2365,30.03,0.6632143258,0.08996492883,256.5398278,0.4345664597,0.5850075535,0.7922632402,TRUE
5PB,6,10,0.2197,0.2188,30.03,0.6628741334,0.1148049076,254.2299156,0.3749945666,0.5872371013,0.8468553957,TRUE
5PB,6,12,0.2026,0.1999,30.03,0.662428452,0.1444334745,251.6003386,0.2808962192,0.5896363055,0.9096138147,TRUE
5PB,6,14,0.1873,0.1822,30.03,0.662001879,0.1756029288,249.1751211,0.1002459577,0.5912914832,0.9734960954,TRUE
5PB,6,16,0.171,0.164,30.03,0.661086399,0.2143818839,245.6040555,-0.7943585001,0.5942617382,1.046837741,FALSE
5PB,6,18,0.162,0.153,30.03,0.6605852715,0.2405822254,243.6657951,-1.381284042,0.5949400585,1.095082282,FALSE
5PB,6,20,0.151,0.14,30.03,0.6595252088,0.2776988739,240.6408257,-2.230401594,0.5965522801,1.157783941,FALSE
5PB,6,22,0.143,0.129,30.03,0.6588287184,0.312152243,238.5024527,-2.939836771,0.595534744,1.2155279,FALSE
5PB,6,24,0.135,0.118,30.03,0.6576714074,0.3539656609,235.8083936,-3.781539522,0.5943246002,1.279594883,FALSE
5PB,6,26,0.126,0.107,30.03,0.654947268,0.4116964718,231.6600153,-4.92788157,0.5953005479,1.352259639,FALSE
7.5PB,6,2,0.2955,0.2963,30.03,0.664468703,0.01881523685,277.4729169,0.5661210567,0.5753501776,0.6249793753,TRUE
7.5PB,6,4,0.2798,0.2752,30.03,0.6649673627,0.04001018319,275.898911,0.5510638568,0.5730734459,0.6776351504,TRUE
7.5PB,6,6,0.2638,0.2531,30.03,0.6656472239,0.06367197966,275.0048257,0.5337607772,0.5697831536,0.7354152482,TRUE
7.5PB,6,8,0.2505,0.2347,30.03,0.6663056159,0.08484127761,273.9877443,0.5162551046,0.566522306,0.7866082654,TRUE
7.5PB,6,10,0.2378,0.2168,30.03,0.667089475,0.106963773,273.0198958,0.4967245379,0.5624817424,0.8397471108,TRUE
7.5PB,6,12,0.2241,0.1975,30.03,0.6680707927,0.1329697453,271.6702343,0.4701463089,0.5572594582,0.9019737651,TRUE
7.5PB,6,14,0.2119,0.1799,30.03,0.6691937875,0.1590443444,270.3985256,0.4408329481,0.5509793272,0.9641964288,TRUE
7.5PB,6,16,0.199,0.163,30.03,0.6701134733,0.1873661369,267.8859846,0.391953306,0.5456764204,1.031302474,FALSE
7.5PB,6,18,0.192,0.151,30.03,0.6715349546,0.2086775407,267.6268528,0.3694027919,0.5369125895,1.082329094,FALSE
7.5PB,6,20,0.185,0.139,30.03,0.6731719972,0.2320251759,267.1162856,0.3406136446,0.5263984329,1.138353731,FALSE
7.5PB,6,22,0.179,0.128,30.03,0.6750665735,0.2553651551,266.7436135,0.3126679079,0.5136995914,1.194758213,FALSE
7.5PB,6,24,0.173,0.118,30.03,0.6768225293,0.2791021665,265.7470482,0.2676536479,0.5011457699,1.251856863,FALSE
7.5PB,6,26,0.166,0.105,30.03,0.679900113,0.3133810366,264.7326623,0.1982510589,0.4777838518,1.335177459,FALSE
10PB,6,2,0.2988,0.2961,30.03,0.6649700516,0.01899363218,290.7666615,0.5775564252,0.5721517909,0.6229230172,TRUE
10PB,6,4,0.2863,0.2747,30.03,0.6660535261,0.04045067946,289.4449861,0.5759885844,0.566124657,0.6739842495,TRUE
10PB,6,6,0.274,0.2533,30.03,0.6673545731,0.06344723702,288.9387126,0.5749281143,0.5587508523,0.7278090011,TRUE
10PB,6,8,0.2637,0.2352,30.03,0.6686579115,0.08433509903,288.5981574,0.5743118322,0.5512167976,0.7762496773,TRUE
10PB,6,10,0.254,0.2176,30.03,0.6701928721,0.1062180974,288.4944922,0.5750446741,0.5421025702,0.8264803807,TRUE
10PB,6,12,0.244,0.1998,30.03,0.6719751616,0.1301149408,288.0934747,0.5749801349,0.5312769709,0.881624866,TRUE
10PB,6,14,0.2352,0.1839,30.03,0.6738827272,0.153347907,287.7659122,0.5756222694,0.5192987894,0.9352600242,TRUE
10PB,6,16,0.2265,0.1671,30.03,0.676433673,0.1804311537,287.7648883,0.5799362389,0.5024926324,0.9972688683,TRUE
10PB,6,18,0.221,0.156,30.03,0.678478075,0.2000328956,287.8600356,0.5848057794,0.4883616233,1.042059381,FALSE
10PB,6,20,0.214,0.143,30.03,0.6810933464,0.2246921519,287.4958691,0.5876571306,0.4695217157,1.099901722,FALSE
10PB,6,22,0.208,0.132,30.03,0.6836646348,0.2474369839,287.0735988,0.5899352307,0.4498995514,1.154005177,FALSE
10PB,6,24,0.204,0.123,30.03,0.6864072895,0.2681240262,287.2965242,0.5990578568,0.4272770179,1.20181608,FALSE
10PB,6,26,0.199,0.111,30.03,0.690843321,0.298715894,287.7304861,0.6158867412,0.3866676555,1.272532697,FALSE
10PB,6,28,0.194,0.101,30.03,0.6949475998,0.326540203,287.4619356,0.6251285206,0.3435551319,1.339936497,FALSE
2.5P,6,2,0.3016,0.296,30.03,0.6653839592,0.01981824247,301.233928,0.5869190895,0.5694733095,0.6210366623,TRUE
2.5P,6,4,0.2932,0.2759,30.03,0.6669377838,0.04096974725,301.3424407,0.5976623646,0.5602137498,0.6665605817,TRUE
2.5P,6,6,0.2842,0.255,30.03,0.6687669893,0.06454230561,301.1083163,0.6093556899,0.5490718008,0.7168357916,TRUE
2.5P,6,8,0.277,0.2372,30.03,0.6706564269,0.08646492426,301.4877384,0.6224114896,0.5371615965,0.7621536201,TRUE
2.5P,6,10,0.2703,0.2204,30.03,0.672730713,0.1088800682,301.8364526,0.6366522208,0.5236277378,0.8078576534,TRUE
2.5P,6,12,0.2647,0.2052,30.03,0.6749826107,0.1311278132,302.434496,0.6530076282,0.5082663538,0.8519575036,TRUE
2.5P,6,14,0.2593,0.1909,30.03,0.6773880392,0.1537305343,302.8234731,0.6696347586,0.491116975,0.8967776484,TRUE
2.5P,6,16,0.2548,0.1768,30.03,0.6803086119,0.1786621551,303.664547,0.6916668394,0.4688775153,0.9440967355,TRUE
2.5P,6,18,0.2504,0.1658,30.03,0.6827032738,0.1990158571,303.7524888,0.7066694543,0.4497050733,0.9847210866,TRUE
2.5P,6,20,0.246,0.153,30.03,0.6860825305,0.2254560263,304.2514328,0.729635468,0.4202993271,1.035543453,FALSE
2.5P,6,22,0.242,0.142,30.03,0.6893843044,0.2501359092,304.5502685,0.7506954951,0.3886664385,1.083570312,FALSE
2.5P,6,24,0.239,0.132,30.03,0.6930117415,0.2753777642,305.1299894,0.7753213822,0.3490675099,1.130801143,FALSE
2.5P,6,26,0.235,0.121,30.03,0.6974280677,0.3050902016,305.4207102,0.8019772515,0.2917466059,1.188670758,FALSE
2.5P,6,28,0.231,0.112,30.03,0.7014034616,0.3309027569,305.3353937,0.8226135818,0.2253501567,1.241684953,FALSE
2.5P,6,30,0.228,0.102,30.03,0.7070788167,0.3648351408,305.91016,0.857186932,0.01090871084,1.30606914,FALSE
2.5P,6,32,0.225,0.093,30.03,0.7130171513,0.3985781247,306.2977626,0.8909001725,-0.5467229715,1.371600907,FALSE
5P,6,2,0.305,0.2967,30.03,0.6657747161,0.02056556333,311.7164554,0.5965244312,0.5668771314,0.6171730333,TRUE
5P,6,4,0.3001,0.2778,30.03,0.6676979499,0.04208096221,311.9824402,0.6168209509,0.5549413178,0.6576866791,TRUE
5P,6,6,0.295,0.2585,30.03,0.6699230917,0.06579283323,312.1711704,0.6392467964,0.5406314088,0.70147393,TRUE
5P,6,8,0.2905,0.2421,30.03,0.672050783,0.08749849959,312.2480258,0.6596097637,0.5264084665,0.7411167597,TRUE
5P,6,10,0.2862,0.226,30.03,0.674444383,0.1106498887,312.48556,0.6819596335,0.5096687858,0.7824836698,TRUE
5P,6,12,0.2829,0.2121,30.03,0.6768615236,0.1326362213,312.9669676,0.7045706312,0.4918185777,0.8203281439,TRUE
5P,6,14,0.2794,0.1979,30.03,0.6796316958,0.1568784593,313.351388,0.7293403911,0.4701330243,0.8618620109,TRUE
5P,6,16,0.2761,0.1852,30.03,0.6824081333,0.1802751327,313.6076596,0.7529870422,0.4468808985,0.9019600728,TRUE
5P,6,18,0.2731,0.1738,30.03,0.6852118213,0.2029858527,313.8346978,0.7760494272,0.4215303005,0.9406763657,TRUE
5P,6,20,0.2702,0.1621,30.03,0.6885066734,0.2285039713,314.1616034,0.8027058064,0.3886752,0.9834121957,TRUE
5P,6,22,0.267,0.149,30.03,0.6927666882,0.2600218306,314.5575174,0.8360548698,0.3396434215,1.035731318,FALSE
5P,6,24,0.265,0.14,30.03,0.6961614441,0.2840336318,314.9117367,0.8622122992,0.2925857967,1.074816728,FALSE
5P,6,26,0.263,0.13,30.03,0.7004861673,0.3134401919,315.3859452,0.8950315799,0.2136557516,1.121832099,FALSE
5P,6,28,0.26,0.12,30.03,0.7051778472,0.3443599407,315.5221852,0.9270192247,0.03327102072,1.174350898,FALSE
5P,6,30,0.258,0.111,30.03,0.7102510196,0.3762310009,315.9002518,0.9624129878,-0.4671297565,1.225938291,FALSE
5P,6,32,0.256,0.103,30.03,0.7153496507,0.4070679679,316.1755121,0.9962975415,-0.9769601179,1.276645661,FALSE
5P,6,34,0.254,0.095,30.03,0.7212034027,0.4411015906,316.4658194,1.034046248,-1.572656645,1.332663314,FALSE
5P,6,36,0.252,0.089,30.03,0.7260323704,0.4681306105,316.5471842,1.062908593,-2.067876381,1.379269787,FALSE
7.5P,6,2,0.3107,0.2993,30.03,0.6662308252,0.02125913255,326.810334,0.6094896578,0.5637162172,0.6079685181,TRUE
7.5P,6,4,0.3107,0.2831,30.03,0.6684754542,0.04270643978,326.2223576,0.6397933344,0.5491803108,0.6392600066,TRUE
7.5P,6,6,0.3101,0.265,30.03,0.671179323,0.0681055202,325.6877484,0.6737568456,0.5307906461,0.6765743903,TRUE
7.5P,6,8,0.3099,0.2502,30.03,0.6736931841,0.09087570671,325.7783985,0.7041999568,0.5126599404,0.7086543144,TRUE
7.5P,6,10,0.3092,0.235,30.03,0.6764842027,0.1156812437,325.6747574,0.7359408243,0.4912931842,0.7439615517,TRUE
7.5P,6,12,0.309,0.2222,30.03,0.6791609757,0.138644633,325.8635644,0.7656679758,0.4692750163,0.7752441342,TRUE
7.5P,6,14,0.3084,0.2095,30.03,0.6820289156,0.1627758592,325.9059703,0.7958331171,0.4438633499,0.8085240574,TRUE
7.5P,6,16,0.308,0.1976,30.03,0.6850379979,0.187368192,326.0487512,0.8265816425,0.4146273192,0.841627645,TRUE
7.5P,6,18,0.3075,0.187,30.03,0.6879719047,0.2107963428,326.1484748,0.8553859718,0.3830087221,0.8731478362,TRUE
7.5P,6,20,0.3069,0.1745,30.03,0.6918267822,0.2407478639,326.2933129,0.8919340467,0.3350366459,0.9130434857,TRUE
7.5P,6,22,0.3062,0.1638,30.03,0.6954927981,0.2684655957,326.3893119,0.9252327209,0.279168863,0.9500677652,TRUE
7.5P,6,24,0.3058,0.1547,30.03,0.6989955908,0.2942291388,326.5425907,0.9563945975,0.2080450074,0.9837227029,TRUE
7.5P,6,26,0.305,0.144,30.03,0.703527798,0.3267123948,326.6587372,0.9949793783,-0.008576622352,1.026741718,FALSE
7.5P,6,28,0.304,0.136,30.03,0.7072266779,0.3525365342,326.6706732,1.024929296,-0.3962979661,1.061850445,FALSE
7.5P,6,30,0.303,0.126,30.03,0.7124762787,0.3881234684,326.7716547,1.066671994,-0.9578959187,1.109273173,FALSE
7.5P,6,32,0.302,0.118,30.03,0.7171741931,0.4190179637,326.8305249,1.102608062,-1.469121826,1.150886735,FALSE
7.5P,6,34,0.301,0.111,30.03,0.7217276103,0.4481519,326.8738147,1.13636354,-1.972517378,1.190424122,FALSE
7.5P,6,36,0.301,0.105,30.03,0.726261021,0.4765689987,327.0908298,1.170834144,-2.489143303,1.226181622,FALSE
10P,6,2,0.3146,0.3018,30.03,0.6664408231,0.02154133424,336.5119842,0.6167307193,0.5621766913,0.6003050166,TRUE
10P,6,4,0.3181,0.2871,30.03,0.6689483554,0.04395461005,335.401056,0.6541773096,0.5455327073,0.6258137538,TRUE
10P,6,6,0.3226,0.2716,30.03,0.6719483383,0.0701057482,335.639354,0.6970987494,0.5242594552,0.6534810426,TRUE
10P,6,8,0.3259,0.2584,30.03,0.6746512389,0.09343914609,335.5191489,0.7332895664,0.5037344988,0.6787389592,TRUE
10P,6,10,0.3293,0.245,30.03,0.677643129,0.1188484395,335.5053202,0.771555129,0.4792257058,0.7057425529,TRUE
10P,6,12,0.3321,0.2329,30.03,0.6805411259,0.1431297224,335.4355816,0.8068161013,0.453408088,0.731719682,TRUE
10P,6,14,0.3349,0.2203,30.03,0.6838140426,0.1701207675,335.3784124,0.8449649221,0.4212178078,0.7604655193,TRUE
10P,6,16,0.337,0.2095,30.03,0.6868242961,0.1945854025,335.2844779,0.8785073907,0.3880551439,0.7868273361,TRUE
10P,6,18,0.3388,0.1995,30.03,0.6898241407,0.2185976739,335.1981024,0.9107501395,0.3504695537,0.8127491059,TRUE
10P,6,20,0.3409,0.1882,30.03,0.6935376332,0.2477916455,335.1543671,0.949462466,0.2946262307,0.8438389383,TRUE
10P,6,22,0.3426,0.1785,30.03,0.6970117598,0.2746204362,335.1206326,0.9844538284,0.2261599414,0.872394739,TRUE
10P,6,24,0.3441,0.1698,30.03,0.7003976298,0.3003275628,335.1044765,1.017608074,0.1194164778,0.8996311612,FALSE
10P,6,26,0.3457,0.1604,30.03,0.7043868135,0.3300823365,335.1011821,1.0556061,-0.2710280734,0.9310200897,FALSE
10P,6,28,0.347,0.151,30.03,0.7087212662,0.3617921075,335.0648108,1.095426528,-0.7613775163,0.9649695224,FALSE
10P,6,30,0.349,0.144,30.03,0.7124458448,0.3885540177,335.214263,1.129972341,-1.195965696,0.991119891,FALSE
10P,6,32,0.35,0.136,30.03,0.7168210146,0.4194266291,335.1878928,1.168200987,-1.710680524,1.024120352,FALSE
10P,6,34,0.351,0.129,30.03,0.7210353912,0.4486178875,335.1949653,1.204353572,-2.217190743,1.054937074,FALSE
10P,6,36,0.352,0.123,30.03,0.7249853505,0.4755282607,335.2278897,1.237743111,-2.701741661,1.082953363,FALSE
2.5RP,6,2,0.3188,0.3048,30.03,0.6666213637,0.02207141749,346.6503433,0.6237285675,0.5607983238,0.59147951,TRUE
2.5RP,6,4,0.3272,0.2929,30.03,0.6693778355,0.04547202668,346.0010748,0.6691795132,0.5420037795,0.6075792918,TRUE
2.5RP,6,6,0.3362,0.2799,30.03,0.6725474361,0.07219822889,345.6587956,0.7180526755,0.5187023208,0.6261828557,TRUE
2.5RP,6,8,0.3437,0.2688,30.03,0.6753953867,0.09604329714,345.4273036,0.7594572788,0.4959899387,0.6430191561,TRUE
2.5RP,6,10,0.3509,0.2578,30.03,0.6783536993,0.120642111,345.2013755,0.8003636504,0.4703069138,0.6607041391,TRUE
2.5RP,6,12,0.3582,0.2462,30.03,0.6816335508,0.1477056863,344.9553665,0.8435911911,0.4388255329,0.6805687794,TRUE
2.5RP,6,14,0.3652,0.2355,30.03,0.6849013701,0.174399142,344.8409584,0.8851076348,0.4034131337,0.69967962,TRUE
2.5RP,6,16,0.3718,0.2251,30.03,0.6882593178,0.2015898437,344.7097471,0.9261172937,0.3614380834,0.7194439642,TRUE
2.5RP,6,18,0.3773,0.2158,30.03,0.6913995714,0.2268060381,344.5413138,0.9630092443,0.3148612955,0.7384007196,TRUE
2.5RP,6,20,0.3833,0.2056,30.03,0.6950763778,0.2560350186,344.3801962,1.00489852,0.2450175968,0.7603840726,FALSE
2.5RP,6,22,0.3877,0.1978,30.03,0.6980465434,0.2794209347,344.2459466,1.03771762,0.1623747046,0.7782655104,FALSE
2.5RP,6,24,0.3927,0.1892,30.03,0.7015529179,0.3067560698,344.1351865,1.0756485,-0.1191541547,0.7988817369,FALSE
2.5RP,6,26,0.397,0.181,30.03,0.7050518418,0.3337551097,343.9819367,1.112290486,-0.5370991509,0.820043063,FALSE
2.5RP,6,28,0.401,0.174,30.03,0.7082846545,0.3584431382,343.9035779,1.145674397,-0.932402315,0.8387824543,FALSE
2.5RP,6,30,0.406,0.166,30.03,0.7122936444,0.3887388827,343.869656,1.186523008,-1.43503311,0.8610196476,FALSE
2.5RP,6,32,0.41,0.159,30.03,0.7159837192,0.4163088224,343.8013104,1.223084461,-1.907160709,0.8819552574,FALSE
2.5RP,6,34,0.413,0.153,30.03,0.7192766375,0.4406413647,343.703071,1.254827866,-2.335340995,0.9012329308,FALSE
2.5RP,6,36,0.416,0.148,30.03,0.722256189,0.4624788748,343.6754813,1.283520392,-2.731806457,0.9175949986,FALSE
5RP,6,2,0.3232,0.3085,30.03,0.6667335321,0.02263973638,357.2848642,0.6298267746,0.559841942,0.5812072371,TRUE
5RP,6,4,0.3371,0.3001,30.03,0.6696943739,0.04732029237,356.9543369,0.68278426,0.5391513156,0.5860715563,TRUE
5RP,6,6,0.352,0.2904,30.03,0.6730522226,0.07518750434,356.445194,0.7384177847,0.5135510636,0.5928954944,TRUE
5RP,6,8,0.3648,0.282,30.03,0.6760336975,0.09981773486,356.173688,0.7850042247,0.4885613322,0.5991804892,TRUE
5RP,6,10,0.3769,0.2738,30.03,0.6789785958,0.1240405951,355.9078747,0.8288180081,0.4613883199,0.6059278072,TRUE
5RP,6,12,0.39,0.2646,30.03,0.6823318948,0.1514933745,355.6036539,0.8764859133,0.4267235252,0.6142724253,TRUE
5RP,6,14,0.4023,0.2552,30.03,0.6857516999,0.1793488894,355.2046582,0.9228321518,0.3861054811,0.6241854477,TRUE
5RP,6,16,0.4136,0.2467,30.03,0.6889941934,0.2056184039,354.9339914,0.9653801866,0.3405748974,0.6334556045,TRUE
5RP,6,18,0.4245,0.2382,30.03,0.6923179276,0.232403008,354.655749,1.007570996,0.282915912,0.643550191,FALSE
5RP,6,20,0.4368,0.2283,30.03,0.6963223466,0.2644751488,354.33431,1.056777314,0.1826559693,0.65632655,FALSE
5RP,6,22,0.4449,0.2219,30.03,0.6990454245,0.2861585255,354.1640059,1.089493783,0.02588855004,0.6648724645,FALSE
5RP,6,24,0.452,0.215,30.03,0.7018817686,0.308630972,353.8414946,1.122295084,-0.3284564907,0.6759843751,FALSE
5RP,6,26,0.462,0.207,30.03,0.7055537598,0.3375569774,353.6578456,1.164705509,-0.8020562412,0.6878296244,FALSE
5RP,6,28,0.468,0.201,30.03,0.7082330719,0.3585315964,353.4024691,1.194476529,-1.152996335,0.6985565437,FALSE
5RP,6,30,0.474,0.196,30.03,0.7106796855,0.3776002548,353.2835062,1.221752954,-1.481685961,0.7068750134,FALSE
5RP,6,32,0.481,0.189,30.03,0.7140615526,0.4037962787,353.0163883,1.258306988,-1.942283105,0.7203762008,FALSE
7.5RP,6,2,0.3261,0.3113,30.03,0.6667594316,0.02302132907,4.51614565,0.6330953239,0.5595210879,0.5737797183,TRUE
7.5RP,6,4,0.3439,0.3056,30.03,0.6698241808,0.0487138889,4.278087147,0.6905868757,0.5377906962,0.5702729095,TRUE
7.5RP,6,6,0.3635,0.2987,30.03,0.6732918729,0.07759519298,3.889213903,0.7507337289,0.5107422227,0.5674219544,TRUE
7.5RP,6,8,0.3791,0.2929,30.03,0.6761146256,0.1009751671,3.622300643,0.7968092859,0.4864399407,0.5656480467,TRUE
7.5RP,6,10,0.396,0.286,30.03,0.6793004086,0.1272067719,3.230489512,0.8461421409,0.4560569223,0.5648767653,TRUE
7.5RP,6,12,0.4125,0.2784,30.03,0.6826068345,0.1542579706,2.713495493,0.894750207,0.4204187748,0.5658674689,TRUE
7.5RP,6,14,0.4285,0.2705,30.03,0.6859791389,0.1816968466,2.211330553,0.9422365726,0.3783143245,0.5680046593,TRUE
7.5RP,6,16,0.4448,0.2622,30.03,0.6895534958,0.2106306293,1.763120934,0.9907820728,0.3243843671,0.5708537599,TRUE
7.5RP,6,18,0.4581,0.2549,30.03,0.6926617251,0.2356550232,1.356184443,1.031539757,0.2647839561,0.5744858226,FALSE
7.5RP,6,20,0.4735,0.2464,30.03,0.6963842741,0.2654805941,0.9545318245,1.079094704,0.1571646798,0.5790301094,FALSE
7.5RP,6,22,0.486,0.24,30.03,0.6993798937,0.2893793677,0.7652351227,1.116765877,-0.1084635777,0.5817307348,FALSE
7.5RP,6,24,0.496,0.233,30.03,0.7023238638,0.3127136732,0.3112529522,1.15209618,-0.4908597372,0.5885634792,FALSE
7.5RP,6,26,0.505,0.227,30.03,0.704981867,0.3337048904,359.9887664,1.183630465,-0.8447354273,0.59422968,FALSE
7.5RP,6,28,0.513,0.221,30.03,0.7076078564,0.354350797,359.6224869,1.214031158,-1.200242374,0.6011684427,FALSE
7.5RP,6,30,0.519,0.216,30.03,0.7097870196,0.3714150766,359.2921888,1.238731239,-1.499591434,0.6078603219,FALSE
10RP,6,2,0.3292,0.3141,30.03,0.6668105894,0.02395149991,11.42483283,0.6368355154,0.5590261504,0.5662054233,TRUE
10RP,6,4,0.3508,0.3112,30.03,0.6699467416,0.05070699212,11.16131222,0.6980800135,0.5364730619,0.5542165014,TRUE
10RP,6,6,0.374,0.3074,30.03,0.6733352965,0.07934391388,10.87613616,0.7592044658,0.509548876,0.5419963473,TRUE
10RP,6,8,0.393,0.3038,30.03,0.6761381567,0.1028318639,10.64729709,0.8067292095,0.4849052599,0.5324268651,TRUE
10RP,6,10,0.415,0.2989,30.03,0.6794631175,0.1304431535,10.29720407,0.8601541665,0.4522951998,0.5222133629,TRUE
10RP,6,12,0.436,0.2936,30.03,0.6827223021,0.1572774938,9.945916168,0.9100399424,0.4158342841,0.5131545271,TRUE
10RP,6,14,0.4552,0.2881,30.03,0.6858158736,0.1825361024,9.572133043,0.955431803,0.3757492314,0.5057497444,TRUE
10RP,6,16,0.4781,0.2812,30.03,0.6895889327,0.2131377399,9.202948896,1.008888651,0.3160561126,0.4970735064,FALSE
10RP,6,18,0.4961,0.2751,30.03,0.69271409,0.2382764161,8.848628542,1.051582813,0.2513967137,0.491293484,FALSE
10RP,6,20,0.513,0.268,30.03,0.6959738989,0.2642525527,8.290174891,1.094385571,0.1488299348,0.4886537958,FALSE
10RP,6,22,0.527,0.262,30.03,0.6987546718,0.2863141459,7.881128028,1.130141731,-0.1139377287,0.4866191177,FALSE
10RP,6,24,0.541,0.256,30.03,0.7015910846,0.3087295932,7.530876171,1.166023117,-0.494790278,0.4844775355,FALSE
10RP,6,26,0.552,0.25,30.03,0.70417499,0.3290006104,7.049342148,1.19759823,-0.8472917425,0.4858447086,FALSE
10RP,6,28,0.563,0.246,30.03,0.7063155596,0.3458323442,6.971141548,1.224332602,-1.149767022,0.4822944804,FALSE
2.5R,6,2,0.3318,0.3166,30.03,0.6668335625,0.02483288044,17.07834248,0.6396402008,0.5587408572,0.5595809302,TRUE
2.5R,6,4,0.3566,0.3163,30.03,0.6699935472,0.05244963556,16.87581864,0.7034259048,0.5357660547,0.539984119,TRUE
2.5R,6,6,0.3832,0.3158,30.03,0.6732627401,0.08085165639,17.17154822,0.7648122093,0.5093997768,0.5181975978,TRUE
2.5R,6,8,0.4065,0.3144,30.03,0.6761550797,0.105596507,17.08943266,0.8155456206,0.4835283784,0.4998917583,TRUE
2.5R,6,10,0.432,0.3118,30.03,0.6793872523,0.1328407103,16.81330439,0.8690591383,0.4511889978,0.4807292707,TRUE
2.5R,6,12,0.4568,0.3082,30.03,0.6826279436,0.1597629343,16.42931154,0.9199669656,0.4141778768,0.4629575406,TRUE
2.5R,6,14,0.479,0.3041,30.03,0.6856328643,0.1844145518,16.02236339,0.9651481908,0.3743836003,0.4477407315,TRUE
2.5R,6,16,0.5041,0.2983,30.03,0.689208396,0.2133721977,15.45657063,1.016701352,0.3169614138,0.4317087828,FALSE
2.5R,6,18,0.5262,0.2928,30.03,0.6924292115,0.2392512888,15.05010229,1.061721369,0.2490085714,0.4172806387,FALSE
2.5R,6,20,0.545,0.288,30.03,0.6952015803,0.2613959725,14.79196797,1.099621617,0.1623795722,0.4043255022,FALSE
2.5R,6,22,0.561,0.282,30.03,0.6979573056,0.2830392725,14.19953276,1.13566715,-0.07307439559,0.3971497191,FALSE
2.5R,6,24,0.574,0.276,30.03,0.700466569,0.3025657044,13.54550926,1.167492958,-0.4113608884,0.3937596885,FALSE
2.5R,6,26,0.588,0.271,30.03,0.7029026241,0.3216047588,13.22980293,1.198588248,-0.7501173253,0.3861526414,FALSE
2.5R,6,28,0.597,0.265,30.03,0.7051230707,0.3386500632,12.49314703,1.225304489,-1.05911856,0.3882920015,FALSE
5R,6,2,0.3343,0.319,30.03,0.6668555909,0.02587127748,22.08693321,0.6422875676,0.5584674703,0.5532226526,TRUE
5R,6,4,0.3628,0.3221,30.03,0.6699963283,0.05447745694,22.88146576,0.7083137777,0.535354502,0.5241114164,TRUE
5R,6,6,0.3921,0.3244,30.03,0.6731325863,0.08264233675,23.27600351,0.7691197136,0.5097627919,0.4941770993,TRUE
5R,6,8,0.4187,0.3251,30.03,0.676013204,0.1079054527,23.17495792,0.8210266739,0.4837153911,0.4679264081,TRUE
5R,6,10,0.448,0.325,30.03,0.6791687099,0.1351884133,23.12117797,0.8748814372,0.4517330425,0.4385608869,TRUE
5R,6,12,0.476,0.3234,30.03,0.6822900536,0.1615625121,22.82770212,0.9252025327,0.4157254524,0.4110916271,TRUE
5R,6,14,0.502,0.3212,30.03,0.6852195552,0.1860006052,22.6188533,0.9705720351,0.3765937889,0.3846512815,TRUE
5R,6,16,0.5297,0.3179,30.03,0.6884273116,0.2123648171,22.37053188,1.018387542,0.3252674898,0.3555357232,FALSE
5R,6,18,0.5552,0.3138,30.03,0.6915145031,0.2373295209,22.06468587,1.062737395,0.2622480429,0.327928877,FALSE
5R,6,20,0.575,0.309,30.03,0.6941789634,0.2583838211,21.54186246,1.099456355,0.1863680396,0.3081328502,FALSE
5R,6,22,0.593,0.304,30.03,0.6967255844,0.2783063285,21.03635665,1.133702953,0.03469276188,0.289928585,FALSE
5R,6,24,0.607,0.299,30.03,0.6989302538,0.2952943704,20.4587784,1.162472589,-0.2648815731,0.2776605271,FALSE
5R,6,26,0.618,0.295,30.03,0.7006953175,0.3088585394,20.04659497,1.185234994,-0.5092181091,0.2674690883,FALSE
5R,6,28,0.632,0.289,30.03,0.7031543973,0.3275807964,19.38622637,1.216258314,-0.8547888181,0.2564007101,FALSE
5R,6,30,0.643,0.283,30.03,0.7053931241,0.3444362729,18.64865808,1.243718871,-1.173818349,0.2514214213,FALSE
7.5R,6,2,0.3381,0.3228,30.03,0.6668695238,0.02766086659,29.22935199,0.6459547608,0.5581812328,0.5432881504,TRUE
7.5R,6,4,0.3692,0.3291,30.03,0.6698715865,0.05641720878,29.6618386,0.7114697043,0.5358571615,0.5058423051,TRUE
7.5R,6,6,0.4,0.334,30.03,0.6727698786,0.08356118116,29.85544229,0.7695254073,0.512071194,0.4690358937,TRUE
7.5R,6,8,0.4318,0.3383,30.03,0.6756463338,0.1102164174,30.30306483,0.8236947286,0.4858769709,0.4295639978,TRUE
7.5R,6,10,0.4655,0.3412,30.03,0.6787124809,0.1378663929,30.48616448,0.8777972139,0.4546420982,0.3868017872,TRUE
7.5R,6,12,0.4961,0.3428,30.03,0.6814861209,0.1624427148,30.67443591,0.9243641122,0.42268391,0.3452431471,TRUE
7.5R,6,14,0.5265,0.3431,30.03,0.6843017302,0.1868303758,30.75301788,0.96950622,0.385635694,0.3005452536,TRUE
7.5R,6,16,0.556,0.342,30.03,0.6871402728,0.2108218133,30.70090341,1.013097212,0.3418810821,0.2520485154,FALSE
7.5R,6,18,0.5829,0.3396,30.03,0.6898738324,0.2333461323,30.50872141,1.053444289,0.2906621542,0.2004043059,FALSE
7.5R,6,20,0.603,0.336,30.03,0.6921694041,0.2515495418,30.02452699,1.085877384,0.2363506706,0.1568087714,FALSE
7.5R,6,22,0.625,0.333,30.03,0.6945207536,0.2705049643,29.9517055,1.118987358,0.1567538365,0.07650764086,FALSE
7.5R,6,24,0.639,0.33,30.03,0.6961892825,0.2835483289,29.70075904,1.141728312,0.04677275797,-0.0187524605,FALSE
7.5R,6,26,0.652,0.326,30.03,0.6979474385,0.2968944438,29.22339557,1.164992901,-0.1939320171,-0.102902399,FALSE
7.5R,6,28,0.667,0.321,30.03,0.7000601198,0.3128189586,28.67106508,1.192532486,-0.4886418322,-0.1975372872,FALSE
7.5R,6,30,0.679,0.316,30.03,0.7019494088,0.3267948367,28.05757278,1.21658406,-0.7557854964,-0.2622501111,FALSE
10R,6,2,0.3417,0.3268,30.03,0.6668339329,0.02948195939,35.9840086,0.6486624783,0.5582329526,0.5331612068,TRUE
10R,6,4,0.3768,0.3381,30.03,0.669647135,0.05922815003,37.71827047,0.7139257614,0.5370243111,0.4828262103,TRUE
10R,6,6,0.4103,0.3473,30.03,0.6722332609,0.08585868772,38.53873027,0.7687939356,0.5156197602,0.434396809,TRUE
10R,6,8,0.4449,0.355,30.03,0.6748761345,0.1121894331,39.00232068,0.820717967,0.4916278549,0.3829628873,TRUE
10R,6,10,0.4812,0.3619,30.03,0.6775658071,0.1386353485,39.64596575,0.8706220345,0.4645705555,0.3236024304,TRUE
10R,6,12,0.515,0.3667,30.03,0.680093646,0.162779497,40.09241461,0.9148900505,0.4363035529,0.2603825555,TRUE
10R,6,14,0.5468,0.3697,30.03,0.6825293579,0.1853842382,40.39663437,0.955478224,0.4058697665,0.1856886732,TRUE
10R,6,16,0.5741,0.3713,30.03,0.6846567573,0.2047758948,40.66672114,0.9896178571,0.3760109876,0.08225892191,TRUE
10R,6,18,0.6009,0.372,30.03,0.6867901301,0.2239286102,40.94910309,1.022780175,0.3420509208,-0.1615783124,FALSE
10R,6,20,0.624,0.371,30.03,0.6887974594,0.2411386193,40.93599367,1.052722189,0.3052577356,-0.3659604363,FALSE
10R,6,22,0.646,0.37,30.03,0.690684437,0.2574746379,41.13140308,1.080441242,0.2641169746,-0.5611393165,FALSE
10R,6,24,0.664,0.37,30.03,0.6920923382,0.2703360249,41.67476888,1.101200238,0.2268051918,-0.729815877,FALSE
10R,6,26,0.679,0.369,30.03,0.693391965,0.2816503158,41.94217785,1.119761902,0.1845183956,-0.860735547,FALSE
10R,6,28,0.696,0.368,30.03,0.6948334583,0.2944471051,42.39904531,1.140208305,0.1187375054,-1.011210435,FALSE
10R,6,30,0.714,0.365,30.03,0.6966327316,0.3092664096,42.50066967,1.164758329,-0.07804071095,-1.154105688,FALSE
2.5YR,6,2,0.3453,0.3321,30.03,0.6666454214,0.03125333478,44.60326373,0.6491649435,0.5592938537,0.5207192484,TRUE
2.5YR,6,4,0.3806,0.3467,30.03,0.6690576137,0.05972847455,45.87035866,0.7086750295,0.5410271123,0.4638813088,TRUE
2.5YR,6,6,0.418,0.36,30.03,0.6715390206,0.08787889762,46.58741762,0.7641097028,0.5205737191,0.4028109719,TRUE
2.5YR,6,8,0.4533,0.3708,30.03,0.6738279987,0.1130779941,47.19242604,0.8113759822,0.5000401023,0.3413136456,TRUE
2.5YR,6,10,0.4891,0.3806,30.03,0.6760685505,0.1375729927,48.02136836,0.8551004834,0.4781386046,0.2691012675,TRUE
2.5YR,6,12,0.5215,0.3887,30.03,0.6780254421,0.159069732,48.97318614,0.8916499039,0.4573192448,0.183242166,TRUE
2.5YR,6,14,0.5488,0.3947,30.03,0.6796661692,0.1769559019,49.78746452,0.9210727423,0.4385027744,0.0498361829,TRUE
2.5YR,6,16,0.5698,0.399,30.03,0.6809070473,0.1906184753,50.501602,0.9427655018,0.4233097337,-0.1801019504,FALSE
2.5YR,6,18,0.5879,0.4021,30.03,0.6820097196,0.2024898138,51.04441823,0.9614513281,0.4090765853,-0.3689326721,FALSE
2.5YR,6,20,0.604,0.403,30.03,0.6831799291,0.2135265576,51.03201173,0.9800939066,0.3932887942,-0.5165175074,FALSE
2.5YR,6,22,0.614,0.406,30.03,0.6836110985,0.2197471824,51.87827038,0.9879114324,0.3869425602,-0.6308279582,FALSE
5YR,6,2,0.3474,0.3373,30.03,0.6662943453,0.03231869307,53.43944277,0.6460508569,0.5614925057,0.50973573,TRUE
5YR,6,4,0.384,0.3564,30.03,0.668329419,0.06097134969,54.92504271,0.7011050778,0.5459920878,0.4433142211,TRUE
5YR,6,6,0.4229,0.375,30.03,0.6703609344,0.08916957695,56.37865658,0.7511867822,0.5293209458,0.3691028813,TRUE
5YR,6,8,0.4592,0.39,30.03,0.6722658217,0.1141108506,57.19938242,0.7937430396,0.5126348152,0.2928619217,TRUE
5YR,6,10,0.4921,0.4022,30.03,0.6739655964,0.1359547218,57.98954272,0.829293749,0.4967675164,0.2068765168,TRUE
5YR,6,12,0.5199,0.4119,30.03,0.6753530763,0.1540625794,58.85492714,0.8571358889,0.4830368292,0.08808126194,TRUE
5YR,6,14,0.5423,0.4188,30.03,0.6764992114,0.1685817396,59.45704766,0.8790616803,0.4711792075,-0.1533119157,FALSE
5YR,6,16,0.5597,0.4239,30.03,0.6773784846,0.1798642378,59.99609226,0.8954788184,0.4617125858,-0.3470753452,FALSE
5YR,6,18,0.5715,0.427,30.03,0.6779941116,0.1875540641,60.31568741,0.9066446355,0.4549044955,-0.4725264016,FALSE
5YR,6,20,0.585,0.431,30.03,0.6786353084,0.1963844601,60.91324274,0.9184150772,0.4475751708,-0.6178486642,FALSE
7.5YR,6,2,0.3487,0.3421,30.03,0.6659037148,0.03343023923,61.60430153,0.6416480305,0.5639742929,0.5001741535,TRUE
7.5YR,6,4,0.386,0.3652,30.03,0.6675845667,0.06255748163,63.06396974,0.6921985303,0.5510766144,0.4256510864,TRUE
7.5YR,6,6,0.4242,0.3876,30.03,0.6691622351,0.09030989338,64.85312858,0.7357121875,0.5381766055,0.3433061905,TRUE
7.5YR,6,8,0.4596,0.4064,30.03,0.6706188519,0.1147323075,66.08027157,0.7719963205,0.5256825422,0.2548551438,TRUE
7.5YR,6,10,0.4904,0.422,30.03,0.6718239137,0.1354450743,67.32809623,0.8003954628,0.5148448273,0.1456772025,TRUE
7.5YR,6,12,0.5145,0.4331,30.03,0.6727954435,0.1514349185,68.13545151,0.8217833449,0.5058329905,-0.07193109975,FALSE
7.5YR,6,14,0.532,0.4412,30.03,0.6734581192,0.1630979613,68.89994757,0.836170174,0.4994846123,-0.2894503249,FALSE
7.5YR,6,16,0.5468,0.4478,30.03,0.6740186494,0.1730119906,69.54756533,0.8480025348,0.4940108226,-0.4650568614,FALSE
7.5YR,6,18,0.555,0.452,30.03,0.6742704446,0.178642164,70.12097654,0.8536550862,0.4914679224,-0.5647918183,FALSE
7.5YR,6,20,0.564,0.455,30.03,0.6746882914,0.1846154926,70.24959343,0.8616403533,0.4873590653,-0.6588533121,FALSE
10YR,6,2,0.3491,0.3483,30.03,0.6652641596,0.03496687382,72.67473418,0.632894133,0.5680753428,0.4889759865,TRUE
10YR,6,4,0.3861,0.3767,30.03,0.666395501,0.06488852494,74.10462338,0.6756581239,0.5591673993,0.4049964998,TRUE
10YR,6,6,0.424,0.403,30.03,0.6676168689,0.09320042981,74.92453858,0.7142822006,0.5493106616,0.3130851972,TRUE
10YR,6,8,0.457,0.4249,30.03,0.6686219573,0.1169235773,76.04064347,0.743544874,0.5408907689,0.2128696464,TRUE
10YR,6,10,0.4843,0.4416,30.03,0.6694897152,0.1360252054,76.79017402,0.7663525074,0.533486341,0.07268465028,TRUE
10YR,6,12,0.505,0.4536,30.03,0.6701549205,0.1504014992,77.36866743,0.7827999154,0.5277038299,-0.1962310041,FALSE
10YR,6,14,0.52,0.4623,30.03,0.670611322,0.1609335838,77.91564806,0.7939200095,0.523656636,-0.3883881564,FALSE
10YR,6,16,0.531,0.469,30.03,0.6709067499,0.1688466011,78.47271156,0.8013176693,0.5209793107,-0.527433298,FALSE
10YR,6,18,0.539,0.472,30.03,0.6712730596,0.1740922166,78.32859252,0.8086769794,0.5177792572,-0.6109985836,FALSE
2.5Y,6,2,0.348,0.354,30.03,0.6645230894,0.03672010293,83.62443223,0.6212965199,0.5728226448,0.4800165262,TRUE
2.5Y,6,4,0.384,0.3867,30.03,0.6651846174,0.06765625549,83.9593783,0.6569956783,0.5672703495,0.3892556241,TRUE
2.5Y,6,6,0.4203,0.4176,30.03,0.665912219,0.09670794623,84.68483621,0.6881726187,0.5612413975,0.2881023654,TRUE
2.5Y,6,8,0.4517,0.4421,30.03,0.6666371406,0.1204978999,85.11660961,0.7132037943,0.5553295648,0.1744244272,TRUE
2.5Y,6,10,0.476,0.4607,30.03,0.6671684288,0.1388059802,85.75347219,0.7305126116,0.5509263942,-0.04320982104,FALSE
2.5Y,6,12,0.4928,0.473,30.03,0.6675539887,0.1513673003,86.17017874,0.7420459491,0.5477353189,-0.2804099118,FALSE
2.5Y,6,14,0.5061,0.4829,30.03,0.6678317632,0.1615126594,86.63363908,0.7504248405,0.5454026283,-0.4609565488,FALSE
2.5Y,6,16,0.516,0.489,30.03,0.6681289944,0.1686297491,86.66663416,0.7577725972,0.5429868109,-0.5806521201,FALSE
2.5Y,6,18,0.523,0.494,30.03,0.6682815905,0.1740118009,86.91007503,0.7620496504,0.5417042948,-0.6687345924,FALSE
5Y,6,2,0.3457,0.358,30.03,0.6638373365,0.03818856693,92.62251494,0.6093246979,0.5771925117,0.4750988273,TRUE
5Y,6,4,0.3794,0.3955,30.03,0.6638763663,0.07065770542,93.41858251,0.6348030846,0.5758438451,0.3782999002,TRUE
5Y,6,6,0.414,0.4305,30.03,0.6642003836,0.10078013,93.48289179,0.6597802486,0.5727999528,0.2696909011,TRUE
5Y,6,8,0.4426,0.4588,30.03,0.6644793148,0.1250393143,94.04245357,0.677577217,0.5702925288,0.140971645,TRUE
5Y,6,10,0.4639,0.479,30.03,0.6647327433,0.1427188161,94.4382241,0.6901259783,0.5681658458,-0.1231837646,FALSE
5Y,6,12,0.478,0.492,30.03,0.6649171317,0.1543571519,94.70592822,0.6981292516,0.5666637705,-0.3363230539,FALSE
5Y,6,14,0.4905,0.5038,30.03,0.6650538761,0.1649493454,95.07289018,0.7044922805,0.565528062,-0.5182104021,FALSE
5Y,6,16,0.499,0.51,30.03,0.6652720193,0.1713065608,94.92892699,0.7105400237,0.5638955954,-0.6235414503,FALSE
7.5Y,6,2,0.3431,0.3601,30.03,0.6633198727,0.03903865022,99.00028882,0.5994252769,0.5804721805,0.4737374289,TRUE
7.5Y,6,4,0.3745,0.4004,30.03,0.6629245225,0.07257375269,99.76748438,0.6172141416,0.5819554999,0.3746773423,TRUE
7.5Y,6,6,0.406,0.44,30.03,0.6626740775,0.1042798327,100.642323,0.6323374965,0.5827526678,0.2608293813,TRUE
7.5Y,6,8,0.4321,0.4719,30.03,0.6625733099,0.1295029492,101.2669505,0.6437240271,0.5828860675,0.1208255375,TRUE
7.5Y,6,10,0.4512,0.4943,30.03,0.6625789789,0.147388128,101.5942921,0.6520243568,0.5825512627,-0.1673796202,FALSE
7.5Y,6,12,0.4638,0.5087,30.03,0.6626104717,0.159055208,101.7881886,0.657434701,0.582182281,-0.3738971776,FALSE
7.5Y,6,14,0.4754,0.522,30.03,0.6626370389,0.169930313,102.016791,0.6620607876,0.5818785786,-0.5542682599,FALSE
7.5Y,6,16,0.482,0.528,30.03,0.6627538616,0.1752879859,101.8679711,0.6661751265,0.5810519356,-0.6416405326,FALSE
10Y,7,2,0.3369,0.3569,43.06,0.7475373097,0.04045627385,105.0221294,0.692138922,0.6865174278,0.5719172233,TRUE
10Y,7,4,0.3624,0.3951,43.06,0.7466478326,0.07575013462,105.7065438,0.7020775332,0.691200181,0.4692347931,TRUE
10Y,7,6,0.3864,0.4305,43.06,0.7460150779,0.1069350314,106.2379788,0.7105142534,0.6945077753,0.3646714765,TRUE
10Y,7,8,0.409,0.4641,43.06,0.7454959175,0.1356121403,106.8829644,0.7168258481,0.697283428,0.2405926162,TRUE
10Y,7,10,0.4289,0.4937,43.06,0.7451056877,0.1604686861,107.435028,0.7216053021,0.6994117772,-0.008012778825,FALSE
10Y,7,12,0.442,0.5131,43.06,0.7448849488,0.176702028,107.7718118,0.7245367491,0.700635679,-0.3747631681,FALSE
10Y,7,14,0.4516,0.5277,43.06,0.7447094974,0.188883233,108.0793843,0.7260787054,0.7016438262,-0.6305499356,FALSE
10Y,7,16,0.4582,0.5375,43.06,0.7446122717,0.1971221933,108.2462533,0.7273678624,0.7022011967,-0.7958928451,FALSE
10Y,7,18,0.462,0.543,43.06,0.7445681144,0.2017852049,108.3203506,0.7282538638,0.7024516986,-0.8869509064,FALSE
2.5GY,7,2,0.3328,0.3569,43.06,0.7469884823,0.04048815468,111.8005499,0.6791914665,0.6900734521,0.5759262271,TRUE
2.5GY,7,4,0.3534,0.3953,43.06,0.7455414264,0.07569682247,112.9080893,0.6762561292,0.6982882619,0.4789588182,TRUE
2.5GY,7,6,0.3728,0.4316,43.06,0.7444129606,0.1070010311,113.4865052,0.6737538962,0.704674588,0.3811431867,TRUE
2.5GY,7,8,0.3919,0.4684,43.06,0.7434005206,0.1373001397,114.108868,0.6701996311,0.7104392984,0.2631336468,TRUE
2.5GY,7,10,0.4091,0.503,43.06,0.7425215468,0.1648114676,114.7428189,0.6655518113,0.7154899485,0.06525298546,TRUE
2.5GY,7,12,0.4213,0.527,43.06,0.7420108291,0.1835501914,115.011072,0.6632670703,0.7184311396,-0.3371041641,FALSE
2.5GY,7,14,0.4309,0.5459,43.06,0.741643541,0.1981901451,115.1959424,0.661586622,0.720559551,-0.6327398642,FALSE
2.5GY,7,16,0.4366,0.5578,43.06,0.741396801,0.2073385294,115.3721451,0.6598534807,0.7220014647,-0.8055326925,FALSE
2.5GY,7,18,0.439,0.564,43.06,0.7412235679,0.2120216541,115.569495,0.6577772529,0.7230206022,-0.8876477172,FALSE
5GY,7,2,0.3284,0.3559,43.06,0.7465082284,0.04011304206,118.2593476,0.6667422924,0.6931741024,0.5821639083,TRUE
5GY,7,4,0.3437,0.3929,43.06,0.7445875102,0.07455433635,119.7575642,0.651260068,0.7042969058,0.494268393,TRUE
5GY,7,6,0.3581,0.4291,43.06,0.7429696772,0.1059309044,120.5051008,0.6366956151,0.7135499184,0.4055336511,TRUE
5GY,7,8,0.3722,0.4669,43.06,0.7414555309,0.1368013507,121.1909116,0.6209714396,0.7221373645,0.3021129801,TRUE
5GY,7,10,0.3852,0.5051,43.06,0.7400387218,0.1664457346,121.8962014,0.603778338,0.7301148587,0.1584064001,TRUE
5GY,7,12,0.3949,0.5367,43.06,0.7389246226,0.1900025784,122.4897884,0.5883177195,0.7363434113,-0.2012386258,FALSE
5GY,7,14,0.4027,0.5615,43.06,0.7381575331,0.2079577375,122.7691448,0.5775508201,0.7406057515,-0.5419135598,FALSE
5GY,7,16,0.4076,0.5783,43.06,0.7376429908,0.2199144647,122.9864708,0.5696997716,0.743455064,-0.7527920557,FALSE
5GY,7,18,0.41,0.589,43.06,0.737268471,0.2274411583,123.2373239,0.5630913372,0.7455197245,-0.8747462935,FALSE
5GY,7,20,0.413,0.601,43.06,0.7368908602,0.235811478,123.4326739,0.5566039727,0.747596797,-1.008902785,FALSE
7.5GY,7,2,0.319,0.3516,43.06,0.7457052948,0.03869450161,131.3823771,0.6428372772,0.6983386889,0.5995907026,TRUE
7.5GY,7,4,0.3267,0.3848,43.06,0.7432312569,0.07163138185,131.5689061,0.6100369006,0.7126616451,0.5276342672,TRUE
7.5GY,7,6,0.3341,0.4191,43.06,0.7410096472,0.1029281142,131.6874764,0.5777969187,0.7251632326,0.4538794275,TRUE
7.5GY,7,8,0.3406,0.4558,43.06,0.7388345748,0.1341820582,132.1076464,0.5418395095,0.7371011706,0.3730342046,TRUE
7.5GY,7,10,0.3461,0.495,43.06,0.7367052365,0.1653725644,132.6201789,0.5016145513,0.748493937,0.2772106729,TRUE
7.5GY,7,12,0.3502,0.5328,43.06,0.7348187075,0.1935860363,133.0885153,0.4608723552,0.7583414466,0.1525282931,TRUE
7.5GY,7,14,0.3532,0.57,43.06,0.733099034,0.2198082311,133.5104226,0.4182777192,0.7671153813,-0.1967871412,FALSE
7.5GY,7,16,0.3549,0.6,43.06,0.7317952542,0.2399832161,133.8278521,0.3812992939,0.7736378009,-0.5185757983,FALSE
7.5GY,7,18,0.3555,0.6242,43.06,0.7307620066,0.2557488008,134.1233445,0.3477133147,0.7787225802,-0.7494691122,FALSE
7.5GY,7,20,0.356,0.642,43.06,0.7300541047,0.2669919456,134.2808842,0.3224004979,0.782168969,-0.9086437196,FALSE
7.5GY,7,22,0.356,0.661,43.06,0.7292928159,0.2787821276,134.4892206,0.291597606,0.7858332538,-1.06507576,FALSE
7.5GY,7,24,0.356,0.676,43.06,0.728720215,0.2878862389,134.6244585,0.2657091268,0.7885660157,-1.182363253,FALSE
10GY,7,2,0.3117,0.3469,43.06,0.7452142644,0.03762726123,141.9667994,0.6255917899,0.7014884214,0.6156634634,TRUE
10GY,7,4,0.3133,0.3764,43.06,0.742294157,0.07000967343,141.565115,0.5770492404,0.7182937086,0.5569146151,TRUE
10GY,7,6,0.3142,0.4058,43.06,0.739687268,0.09977494604,141.5566165,0.528449852,0.7327066859,0.500479692,TRUE
10GY,7,8,0.314,0.4387,43.06,0.7370078065,0.1308182756,141.826707,0.4707678608,0.7469722392,0.4388123144,TRUE
10GY,7,10,0.3123,0.4732,43.06,0.7343948573,0.1612631492,142.2758359,0.4031371269,0.7603611606,0.3741501932,TRUE
10GY,7,12,0.3092,0.5095,43.06,0.7318496337,0.1911602257,142.7586897,0.3192468891,0.7729161954,0.3026545104,TRUE
10GY,7,14,0.3047,0.5458,43.06,0.7294628733,0.2192197576,143.2653034,0.2031352388,0.7842596666,0.2211518904,TRUE
10GY,7,16,0.2981,0.5835,43.06,0.7270702676,0.2468843297,143.8889944,-0.2008233103,0.7952114053,0.1004044518,FALSE
10GY,7,18,0.2905,0.6186,43.06,0.7249301279,0.2713386,144.4841852,-0.7750908966,0.8046566248,-0.1763581412,FALSE
10GY,7,20,0.2816,0.6563,43.06,0.7227814129,0.2960608077,145.028055,-1.34614896,0.8138219911,-0.4636197114,FALSE
10GY,7,22,0.2728,0.6893,43.06,0.7209727824,0.3166875607,145.4970461,-1.824311074,0.8212881881,-0.6819967266,FALSE
10GY,7,24,0.262,0.727,43.06,0.7190094575,0.3390791831,145.9855724,-2.338185362,0.8291455005,-0.9021081615,FALSE
10GY,7,26,0.252,0.758,43.06,0.7174196021,0.3568333086,146.4150243,-2.75224948,0.8353127266,-1.059355788,FALSE
10GY,7,28,0.242,0.79,43.06,0.7159133675,0.3741295086,146.7474329,-3.137341753,0.8410190332,-1.210761485,FALSE
10GY,7,30,0.233,0.819,43.06,0.7146376655,0.3890519143,146.9902394,-3.458797901,0.8457482188,-1.338132646,FALSE
10GY,7,32,0.224,0.851,43.06,0.713390334,0.4044904627,147.1307442,-3.765995969,0.8502998814,-1.474044886,FALSE
2.5G,7,2,0.3047,0.3413,43.06,0.7448510924,0.0367445434,152.8576011,0.6101132024,0.7038357414,0.6331548787,TRUE
2.5G,7,4,0.2992,0.3644,43.06,0.7415571979,0.06796600527,153.1028789,0.5437073123,0.7226763277,0.5930883646,TRUE
2.5G,7,6,0.2933,0.3873,43.06,0.7385563557,0.09680820029,153.2991933,0.4737376885,0.7389538847,0.5554257863,TRUE
2.5G,7,8,0.2861,0.4129,43.06,0.7354511472,0.1269821324,153.5418956,0.3854793501,0.7549697446,0.5153581478,TRUE
2.5G,7,10,0.2775,0.4395,43.06,0.7323990904,0.1567085311,153.9375849,0.2648582902,0.7699368408,0.4759827588,TRUE
2.5G,7,12,0.2672,0.4667,43.06,0.7293835693,0.1859188401,154.4958406,-0.09848113635,0.7840007732,0.4380412886,FALSE
2.5G,7,14,0.2568,0.4931,43.06,0.7266608224,0.2125111743,154.9184642,-0.8375748729,0.7961156412,0.4020084242,FALSE
2.5G,7,16,0.2448,0.5203,43.06,0.7239302027,0.2389890519,155.4309351,-1.570471039,0.8077217967,0.3662621521,FALSE
2.5G,7,18,0.2328,0.5467,43.06,0.721438596,0.2632797398,155.8472202,-2.22510256,0.8178652534,0.3314983161,FALSE
2.5G,7,20,0.2181,0.5744,43.06,0.7187684183,0.2887362516,156.4580603,-2.92140282,0.8282485215,0.2967230295,FALSE
2.5G,7,22,0.2029,0.6017,43.06,0.7162301203,0.3128801457,157.0186196,-3.568817805,0.8376871572,0.2619583984,FALSE
2.5G,7,24,0.1875,0.6265,43.06,0.71388012,0.3348345938,157.6095139,-4.159334076,0.8460441418,0.2309702981,FALSE
2.5G,7,26,0.1689,0.6549,43.06,0.7112276209,0.3594567781,158.2699943,-4.810369158,0.8550647202,0.1941465472,FALSE
2.5G,7,28,0.149,0.681,43.06,0.7086016089,0.3831295597,159.0377321,-5.44398918,0.8635439233,0.1621641049,FALSE
2.5G,7,30,0.126,0.709,43.06,0.7057224336,0.4087954004,159.8802816,-6.118886684,0.8723686818,0.1268023973,FALSE
2.5G,7,32,0.106,0.733,43.06,0.7033145534,0.430292076,160.531367,-6.66420081,0.8794005587,0.09056841627,FALSE
2.5G,7,34,0.081,0.759,43.06,0.700412754,0.4555709772,161.3934871,-7.30470058,0.8874177688,0.05247192445,FALSE
5G,7,2,0.3001,0.3366,43.06,0.7447227615,0.0358327214,160.8162683,0.6013891974,0.7047219287,0.646664591,TRUE
5G,7,4,0.2902,0.3548,43.06,0.7412517722,0.0665344129,161.4680989,0.5235833031,0.7245109976,0.6196804103,TRUE
5G,7,6,0.2801,0.3721,43.06,0.7380856766,0.09464782382,161.9849308,0.4387977901,0.7415022028,0.5958230907,TRUE
5G,7,8,0.2687,0.3901,43.06,0.7348798589,0.1231498107,162.5521421,0.3269990851,0.7577511188,0.5728601123,TRUE
5G,7,10,0.2554,0.4087,43.06,0.7315602964,0.1525549973,163.2913588,0.109395977,0.7736230392,0.5514952552,TRUE
5G,7,12,0.2416,0.4267,43.06,0.7284000627,0.1805463474,163.9641411,-0.7610671438,0.7878843082,0.5325099197,FALSE
5G,7,14,0.2262,0.445,43.06,0.7251612172,0.2091392946,164.696003,-1.673110172,0.8016838628,0.5152065001,FALSE
5G,7,16,0.2111,0.4616,43.06,0.7221957976,0.2352528419,165.3718743,-2.487323362,0.8136295773,0.5011256441,FALSE
5G,7,18,0.1967,0.4771,43.06,0.7194869074,0.259161837,165.9192502,-3.209150838,0.8240032221,0.4887122015,FALSE
5G,7,20,0.1805,0.4933,43.06,0.716588233,0.2846665517,166.5276887,-3.962146076,0.8345467464,0.477204458,FALSE
5G,7,22,0.1659,0.5074,43.06,0.7140653907,0.3068737282,167.0288818,-4.598287101,0.843281137,0.4679660768,FALSE
5G,7,24,0.1521,0.52,43.06,0.711752886,0.3271898801,167.493756,-5.166805891,0.8509334903,0.4606196642,FALSE
5G,7,26,0.1397,0.5312,43.06,0.709713587,0.3451386914,167.8745231,-5.65458133,0.8574188136,0.4543827247,FALSE
5G,7,28,0.123,0.546,43.06,0.7070188171,0.3688864457,168.3496411,-6.280068771,0.865622081,0.4466540515,FALSE
5G,7,30,0.105,0.56,43.06,0.7041810001,0.3937198473,168.9185074,-6.920723568,0.873788641,0.4414908512,FALSE
5G,7,32,0.088,0.573,43.06,0.7015248343,0.4170191386,169.4100732,-7.497651879,0.8810434114,0.4371042553,FALSE
5G,7,34,0.069,0.587,43.06,0.6985722666,0.4429454887,169.9317878,-8.114190743,0.8886772176,0.4331271393,FALSE
7.5G,7,2,0.2972,0.3333,43.06,0.7446792529,0.03528885771,166.2985145,0.5963519853,0.7050613994,0.6558663702,TRUE
7.5G,7,4,0.285,0.3482,43.06,0.7411764274,0.0654488742,166.9453833,0.5131351174,0.7250073043,0.6370758741,TRUE
7.5G,7,6,0.2728,0.3622,43.06,0.7379445189,0.09334970309,167.4835639,0.419863146,0.7422660121,0.6208755872,TRUE
7.5G,7,8,0.2595,0.3764,43.06,0.734680103,0.1215680181,168.06096,0.291449917,0.7586683755,0.6059654903,TRUE
7.5G,7,10,0.2445,0.3914,43.06,0.7312397836,0.151348528,168.6653852,-0.1434568995,0.7749114182,0.591736459,FALSE
7.5G,7,12,0.2295,0.4058,43.06,0.727977594,0.1796565906,169.1812968,-1.095745494,0.7893923276,0.5791969881,FALSE
7.5G,7,14,0.2139,0.4199,43.06,0.72475658,0.2076339163,169.7012852,-2.008777156,0.8028628188,0.5682099315,FALSE
7.5G,7,16,0.1982,0.433,43.06,0.7216672259,0.2344593841,170.2404204,-2.860013354,0.8150473751,0.5594232279,FALSE
7.5G,7,18,0.1841,0.4448,43.06,0.7189537406,0.258110339,170.6335392,-3.581946679,0.8252004867,0.5517760719,FALSE
7.5G,7,20,0.1688,0.457,43.06,0.7160915698,0.2830778021,171.0531008,-4.32104933,0.8353699292,0.5447414505,FALSE
7.5G,7,22,0.1539,0.4683,43.06,0.7133681742,0.3068540769,171.455422,-5.002687618,0.8445527765,0.5390443835,FALSE
7.5G,7,24,0.1415,0.4778,43.06,0.7111254142,0.3264998449,171.7424973,-5.545452592,0.8517806363,0.5343059805,FALSE
7.5G,7,26,0.1303,0.4858,43.06,0.7091296544,0.3439679207,172.0235985,-6.017547843,0.8579514677,0.5310213689,FALSE
7.5G,7,28,0.115,0.497,43.06,0.7064160963,0.3678070921,172.34973,-6.637512822,0.8659905321,0.5262616026,FALSE
7.5G,7,30,0.099,0.507,43.06,0.703609495,0.3923857433,172.7734851,-7.261052898,0.8738372759,0.5239577595,FALSE
7.5G,7,32,0.084,0.517,43.06,0.7009706001,0.4156242725,173.0898662,-7.821423551,0.8808604278,0.5209681219,FALSE
7.5G,7,34,0.069,0.527,43.06,0.6983273823,0.4389673767,173.3784952,-8.360527766,0.8875481036,0.5180712935,FALSE
10G,7,2,0.2945,0.3297,43.06,0.7447009189,0.03453899819,172.0691558,0.5925935778,0.7050174473,0.6655167653,TRUE
10G,7,4,0.2803,0.3415,43.06,0.7411841907,0.06436980046,172.4759513,0.5046538569,0.7250401256,0.6542831554,TRUE
10G,7,6,0.2662,0.3526,43.06,0.7378708464,0.09256461168,172.8980111,0.4023445921,0.742665933,0.6448252529,TRUE
10G,7,8,0.2513,0.3635,43.06,0.7345450838,0.1209352324,173.3965315,0.2543248736,0.7592470437,0.6368246262,TRUE
10G,7,10,0.2352,0.3748,43.06,0.731077933,0.1506095624,173.8574426,-0.3871842876,0.7754374747,0.6294354733,FALSE
10G,7,12,0.2195,0.3854,43.06,0.7277968862,0.1787828722,174.2574284,-1.362585883,0.7898034048,0.623290364,FALSE
10G,7,14,0.2033,0.3956,43.06,0.7245130267,0.207051974,174.6888106,-2.307578893,0.8033079751,0.6184957401,FALSE
10G,7,16,0.1881,0.4049,43.06,0.7214804922,0.2332421168,175.0470283,-3.149104849,0.8150548175,0.6146347419,FALSE
10G,7,18,0.1734,0.4135,43.06,0.7185876394,0.2582942331,175.3820841,-3.925048683,0.8256455998,0.6116939687,FALSE
10G,7,20,0.1589,0.422,43.06,0.7157441671,0.28300098,175.659289,-4.659502598,0.8355103732,0.6088660061,FALSE
10G,7,22,0.1434,0.4306,43.06,0.7127258519,0.3092942283,175.9637157,-5.411972609,0.8454065087,0.6067285727,FALSE
10G,7,24,0.131,0.4377,43.06,0.7103012941,0.3304875985,176.1558291,-5.992626843,0.8529641545,0.6047247324,FALSE
10G,7,26,0.121,0.443,43.06,0.7083509172,0.3475617756,176.3352856,-6.447829531,0.8587824971,0.6038147032,FALSE
10G,7,28,0.108,0.449,43.06,0.7058132336,0.369805177,176.6223403,-7.025685827,0.86600201,0.6040324087,FALSE
10G,7,30,0.094,0.457,43.06,0.7030352938,0.3942723032,176.7771489,-7.625309063,0.8735660145,0.6019248909,FALSE
10G,7,32,0.083,0.463,43.06,0.7008384415,0.4136624233,176.910926,-8.083229193,0.8792565095,0.6007416819,FALSE
2.5BG,7,2,0.2927,0.3269,43.06,0.7447640815,0.03383796553,176.5194152,0.5908459804,0.704707139,0.672781856,TRUE
2.5BG,7,4,0.2764,0.3354,43.06,0.7412501092,0.06350334174,177.5764136,0.4983891452,0.7247440399,0.6697033772,TRUE
2.5BG,7,6,0.2608,0.343,43.06,0.7379818767,0.0912154245,178.1981028,0.3908907697,0.742106767,0.6679250784,TRUE
2.5BG,7,8,0.2439,0.3508,43.06,0.7345072665,0.1208061581,178.7004032,0.2158000901,0.7593354086,0.6669041664,TRUE
2.5BG,7,10,0.2264,0.3576,43.06,0.7310265149,0.1506011364,179.346166,-0.6163872992,0.7754140622,0.6682738012,FALSE
2.5BG,7,12,0.2102,0.3636,43.06,0.727808826,0.1782734653,179.8100139,-1.603865459,0.7893067516,0.6700340776,FALSE
2.5BG,7,14,0.1932,0.3694,43.06,0.7244338908,0.2074374625,180.2488894,-2.601166728,0.8029428755,0.6727089998,FALSE
2.5BG,7,16,0.1788,0.3739,43.06,0.721561323,0.232375815,180.5954521,-3.41896912,0.8138396354,0.6756347449,FALSE
2.5BG,7,18,0.1626,0.3788,43.06,0.7182812811,0.2609684749,180.9209051,-4.31508013,0.8255401772,0.6791095921,FALSE
2.5BG,7,20,0.149,0.3827,43.06,0.7154814468,0.2854757564,181.1646868,-5.04915957,0.8349345074,0.6823115125,FALSE
2.5BG,7,22,0.1334,0.387,43.06,0.7122004202,0.3143069499,181.4095876,-5.872946186,0.8452897773,0.6861790998,FALSE
2.5BG,7,24,0.122,0.39,43.06,0.7097470973,0.3359437432,181.5717665,-6.463647622,0.8525939911,0.6891758398,FALSE
2.5BG,7,26,0.111,0.392,43.06,0.7073418973,0.3572761993,181.7968522,-7.027523787,0.8593688778,0.6935164542,FALSE
2.5BG,7,28,0.099,0.394,43.06,0.7046367457,0.3813531395,182.0238854,-7.636913367,0.8665881737,0.6984667918,FALSE
2.5BG,7,30,0.088,0.397,43.06,0.7020648709,0.4042145099,182.096373,-8.183529343,0.8731500928,0.7009811407,FALSE
2.5BG,7,32,0.079,0.398,43.06,0.6999013077,0.4236121447,182.2700655,-8.634426609,0.8783240181,0.705405157,FALSE
5BG,7,2,0.2898,0.3225,43.06,0.7448543807,0.03328448071,183.9120497,0.5877201412,0.7042748058,0.6843068411,TRUE
5BG,7,4,0.2712,0.3269,43.06,0.7413831683,0.06294153748,184.9084009,0.4903309385,0.7241049609,0.6911649867,TRUE
5BG,7,6,0.2543,0.3302,43.06,0.7382550995,0.08987579016,185.5298029,0.3789269543,0.740713493,0.6985592152,TRUE
5BG,7,8,0.2354,0.3335,43.06,0.7347179903,0.1205217443,185.9650096,0.1691519676,0.7581745863,0.7073109514,TRUE
5BG,7,10,0.2163,0.3361,43.06,0.7311070639,0.1520627039,186.3729676,-0.8818219907,0.7746711951,0.7172781165,FALSE
5BG,7,12,0.1997,0.3379,43.06,0.7279002692,0.1802674812,186.6664367,-1.90058787,0.7882823614,0.7265651656,FALSE
5BG,7,14,0.1838,0.339,43.06,0.7247627163,0.2080783003,186.9565027,-2.860590228,0.8007119899,0.7364289203,FALSE
5BG,7,16,0.1675,0.3401,43.06,0.7214097462,0.2379076905,187.1338686,-3.83812599,0.81310885,0.7463537629,FALSE
5BG,7,18,0.1515,0.341,43.06,0.7179736555,0.268614894,187.2477904,-4.790928939,0.8249245396,0.7562133221,FALSE
5BG,7,20,0.138,0.3412,43.06,0.7149618857,0.2957274296,187.3690299,-5.590363541,0.8345667904,0.7654275969,FALSE
5BG,7,22,0.122,0.34,43.06,0.7112404097,0.3296460664,187.6271017,-6.539106014,0.845562117,0.7788830438,FALSE
5BG,7,24,0.11,0.34,43.06,0.7082394066,0.3568540405,187.6381372,-7.251616253,0.8538595067,0.7871242706,FALSE
5BG,7,26,0.101,0.34,43.06,0.705880444,0.378280334,187.6231837,-7.785998931,0.8600136322,0.7932318673,FALSE
5BG,7,28,0.092,0.34,43.06,0.7034175394,0.4006855126,187.5902251,-8.32038161,0.8661103493,0.7992785085,FALSE
5BG,7,30,0.083,0.339,43.06,0.7008369615,0.4244407478,187.6389451,-8.86333135,0.8720717622,0.8071683877,FALSE
7.5BG,7,2,0.2878,0.3182,43.06,0.7450769485,0.03215905273,191.2150345,0.5881742313,0.7030515895,0.6949156265,TRUE
7.5BG,7,4,0.2671,0.3189,43.06,0.741645708,0.06232737731,191.9233201,0.4865619575,0.7227486497,0.7109312934,TRUE
7.5BG,7,6,0.249,0.3186,43.06,0.7386231863,0.08926181133,192.4638386,0.3713527223,0.7388277167,0.7263770612,TRUE
7.5BG,7,8,0.2292,0.3178,43.06,0.73520185,0.119997612,192.7675237,0.1417388637,0.7557050579,0.7437971444,TRUE
7.5BG,7,10,0.2094,0.3165,43.06,0.7316267678,0.1523759695,192.9218564,-1.008043361,0.7719645489,0.7618104086,FALSE
7.5BG,7,12,0.1914,0.3148,43.06,0.7282142942,0.1835384691,193.0008532,-2.135673581,0.7862770659,0.7789056865,FALSE
7.5BG,7,14,0.1751,0.3129,43.06,0.7249487592,0.213546366,193.0099213,-3.164157921,0.7989555534,0.7948723384,FALSE
7.5BG,7,16,0.1584,0.3101,43.06,0.7214239523,0.2463097599,193.068413,-4.226183884,0.8115777395,0.8127754933,FALSE
7.5BG,7,18,0.1427,0.3076,43.06,0.7178289455,0.2797021361,192.9642378,-5.242560469,0.8234516987,0.8291553018,FALSE
7.5BG,7,20,0.13,0.305,43.06,0.7147255412,0.3087812524,192.9018552,-6.077131655,0.8329030617,0.8435108978,FALSE
7.5BG,7,22,0.114,0.302,43.06,0.7104490357,0.3487416666,192.6795048,-7.147941074,0.8448903588,0.8609017227,FALSE
7.5BG,7,24,0.102,0.3,43.06,0.7069312106,0.3815122573,192.4208713,-7.963435414,0.8539285319,0.8733306467,FALSE
7.5BG,7,26,0.094,0.298,43.06,0.7044261607,0.4051356022,192.303415,-8.518898939,0.8598620819,0.8830218677,FALSE
10BG,7,2,0.2869,0.3143,43.06,0.7454302872,0.03032987708,198.4350788,0.5925689567,0.701032467,0.7038235843,TRUE
10BG,7,4,0.2642,0.3109,43.06,0.7421253638,0.06094401394,199.2872672,0.4893132213,0.7201935785,0.7299855936,TRUE
10BG,7,6,0.2448,0.3069,43.06,0.7392282453,0.08834664489,199.8143991,0.37214592,0.7357154207,0.7541600009,TRUE
10BG,7,8,0.2235,0.3014,43.06,0.7359100802,0.1203253783,200.23405,0.1244289179,0.7521273846,0.782654229,TRUE
10BG,7,10,0.2035,0.2956,43.06,0.7325566705,0.152957989,200.3298008,-1.061527729,0.7673426722,0.810514595,FALSE
10BG,7,12,0.1841,0.2892,43.06,0.729034578,0.1876125913,200.2944385,-2.307563377,0.7819521971,0.8391111941,FALSE
10BG,7,14,0.1671,0.2832,43.06,0.7256363141,0.2211697025,200.0952649,-3.442219551,0.7948356535,0.8650476787,FALSE
10BG,7,16,0.1489,0.2768,43.06,0.7215478476,0.2613274234,199.6352134,-4.711600291,0.8089391795,0.8928435436,FALSE
10BG,7,18,0.134,0.271,43.06,0.7178142359,0.2982068846,199.2206569,-5.795040427,0.8205592153,0.9170397491,FALSE
10BG,7,20,0.122,0.266,43.06,0.7144718797,0.3312898595,198.837045,-6.702845052,0.830032976,0.93746472,FALSE
10BG,7,22,0.108,0.26,43.06,0.7100700338,0.3747324325,198.2869682,-7.807241007,0.841319881,0.9619373463,FALSE
10BG,7,24,0.094,0.253,43.06,0.704970869,0.4254470808,197.7203453,-8.975723356,0.8527439725,0.9892924359,FALSE
2.5B,7,2,0.2867,0.311,43.06,0.7458263956,0.02839653128,205.5563599,0.5987700463,0.6987304736,0.7109410668,TRUE
2.5B,7,4,0.2629,0.3038,43.06,0.7427926146,0.05869516956,206.6009784,0.4990190902,0.7165722114,0.746130289,TRUE
2.5B,7,6,0.2418,0.296,43.06,0.7400048099,0.08745600574,207.1858402,0.3803411002,0.7316962319,0.7800158888,TRUE
2.5B,7,8,0.2208,0.2871,43.06,0.7370514321,0.1186337939,207.4594815,0.1648733108,0.7464546709,0.8161580504,TRUE
2.5B,7,10,0.1994,0.2775,43.06,0.733697694,0.1541194678,207.214597,-1.04091147,0.7617553505,0.8543636764,FALSE
2.5B,7,12,0.1797,0.2672,43.06,0.7303164612,0.1908440657,207.0285512,-2.340052144,0.7756866315,0.8933991697,FALSE
2.5B,7,14,0.1624,0.2581,43.06,0.7268777921,0.2276803531,206.4603815,-3.565908071,0.7885183227,0.9284268693,FALSE
2.5B,7,16,0.1435,0.2472,43.06,0.7225482799,0.2743315883,205.7204421,-5.004244833,0.8028725008,0.9700373955,FALSE
2.5B,7,18,0.13,0.239,43.06,0.7189186422,0.3132325595,205.0303615,-6.112092629,0.8135434868,1.001671475,FALSE
2.5B,7,20,0.117,0.231,43.06,0.7148206205,0.3565790377,204.1801342,-7.253797251,0.8243110837,1.033222229,FALSE
2.5B,7,22,0.104,0.222,43.06,0.7099564367,0.408298312,203.2698867,-8.488800275,0.8353525935,1.068665239,FALSE
5B,7,2,0.2875,0.3078,43.06,0.7463789216,0.02563299875,214.4724734,0.6090895126,0.6954560083,0.7170534804,TRUE
5B,7,4,0.2633,0.2972,43.06,0.7437227548,0.05514521999,214.9366497,0.5170865849,0.7114251446,0.7600923575,TRUE
5B,7,6,0.241,0.2854,43.06,0.741221741,0.08472248409,215.6133648,0.4053788271,0.7253208631,0.8042359731,TRUE
5B,7,8,0.2204,0.2729,43.06,0.7387802316,0.1150129788,216.0172386,0.2376663187,0.7378088455,0.849188296,TRUE
5B,7,10,0.1986,0.2579,43.06,0.7359710765,0.1514339073,216.203394,-0.7304101054,0.7508570178,0.9022462846,FALSE
5B,7,12,0.1778,0.243,43.06,0.7327771712,0.1922175223,215.6063517,-2.138337015,0.7641229283,0.9563202866,FALSE
5B,7,14,0.1615,0.2307,43.06,0.7298036674,0.2298231857,214.786767,-3.361444938,0.7751039551,1.002222858,FALSE
5B,7,16,0.145,0.219,43.06,0.7260143272,0.2746576183,213.2703901,-4.744121808,0.7876587377,1.048544822,FALSE
5B,7,18,0.128,0.206,43.06,0.7212009448,0.3311967195,211.529516,-6.333971894,0.8012831876,1.101671108,FALSE
5B,7,20,0.114,0.195,43.06,0.716096325,0.3893764401,209.7684673,-7.804981719,0.8134642029,1.14889348,FALSE
7.5B,7,2,0.2888,0.3058,43.06,0.7468588124,0.02324184972,222.334995,0.6189110067,0.6925614877,0.7202229362,TRUE
7.5B,7,4,0.2651,0.2927,43.06,0.7446480534,0.0513171608,222.6037932,0.5375201667,0.7061932249,0.7685269757,TRUE
7.5B,7,6,0.2436,0.2787,43.06,0.7426368736,0.07931365852,223.2964649,0.4437295044,0.7177425882,0.8175190999,TRUE
7.5B,7,8,0.2225,0.2631,43.06,0.7405848691,0.1101414167,223.7619043,0.3083091856,0.7286192971,0.8711594661,TRUE
7.5B,7,10,0.2016,0.2466,43.06,0.7382750374,0.1452838795,223.4624658,-0.2456139525,0.7397321415,0.9289855512,FALSE
7.5B,7,12,0.1818,0.2303,43.06,0.7356507244,0.1844101845,222.4875703,-1.577477187,0.7510029464,0.9883689709,FALSE
7.5B,7,14,0.165,0.216,43.06,0.7329225807,0.2238219657,221.17596,-2.858126309,0.7613580345,1.043023287,FALSE
7.5B,7,16,0.149,0.202,43.06,0.7296797173,0.2688941014,219.4984424,-4.24283414,0.7721129091,1.099513446,FALSE
7.5B,7,18,0.132,0.187,43.06,0.7251233579,0.3285414356,217.1319538,-5.941106788,0.7849584924,1.164363372,FALSE
7.5B,7,20,0.121,0.175,43.06,0.7215067245,0.3787887928,215.6834472,-7.209407392,0.7927673624,1.218302175,FALSE
10B,7,2,0.2908,0.3039,43.06,0.7474428005,0.02058291155,233.1873452,0.6313422655,0.688983876,0.7226032254,TRUE
10B,7,4,0.2685,0.2886,43.06,0.7458219891,0.04653881306,232.7664931,0.5647446366,0.6993922926,0.7748905771,TRUE
10B,7,6,0.2478,0.2728,43.06,0.7442990228,0.07325742416,232.7402397,0.4881125038,0.7085840678,0.827992751,TRUE
10B,7,8,0.2277,0.2559,43.06,0.7427746845,0.1024684327,232.6327643,0.3875491024,0.7171340218,0.8850420039,TRUE
10B,7,10,0.2078,0.2382,43.06,0.7410722277,0.1356172779,231.9099062,0.2127913723,0.7258227861,0.9467650615,TRUE
10B,7,12,0.1883,0.2203,43.06,0.7390401736,0.1736412575,230.4789101,-0.7833275315,0.7350542751,1.012600451,FALSE
10B,7,14,0.172,0.206,43.06,0.7367313273,0.2109171233,228.3243847,-2.022016731,0.7444300836,1.069274985,FALSE
10B,7,16,0.156,0.19,43.06,0.7341660432,0.2555441639,226.4357301,-3.391218942,0.7531348319,1.135636837,FALSE
10B,7,18,0.141,0.176,43.06,0.7307094503,0.3065456126,223.7090972,-4.908187628,0.7634547094,1.199375379,FALSE
10B,7,20,0.128,0.162,43.06,0.7269482393,0.3638809503,221.2927637,-6.438116455,0.7720489017,1.267260633,FALSE
2.5PB,7,2,0.2932,0.3025,43.06,0.7480256285,0.01834778252,246.023622,0.6441567568,0.6853509276,0.7235776279,TRUE
2.5PB,7,4,0.2729,0.2848,43.06,0.7471496945,0.04244211391,246.0941542,0.5951742313,0.691485866,0.7798609037,TRUE
2.5PB,7,6,0.2538,0.2677,43.06,0.7462342146,0.06728238298,244.945633,0.537955832,0.697522289,0.8353759754,TRUE
2.5PB,7,8,0.2352,0.2498,43.06,0.7453595682,0.09440896562,244.1515734,0.4678775345,0.702961196,0.8947687196,TRUE
2.5PB,7,10,0.2162,0.2309,43.06,0.7443396884,0.1257667801,242.7856393,0.365266287,0.7087214513,0.9605568642,TRUE
2.5PB,7,12,0.199,0.213,43.06,0.7432896924,0.1585739163,241.2533796,0.1950080195,0.7139487422,1.026642487,FALSE
2.5PB,7,14,0.183,0.195,43.06,0.7422633415,0.1947448607,239.7953995,-0.6616098441,0.7181651879,1.097619831,FALSE
2.5PB,7,16,0.168,0.179,43.06,0.740705818,0.2342191742,237.2940394,-1.880571408,0.723851568,1.167173201,FALSE
2.5PB,7,18,0.156,0.165,43.06,0.7392845826,0.2728402056,235.2526585,-3.003444456,0.7277114753,1.232829217,FALSE
5PB,7,2,0.2952,0.3011,43.06,0.7485458957,0.01747566999,259.7180143,0.6551797959,0.6820749653,0.7249024957,TRUE
5PB,7,4,0.2773,0.2828,43.06,0.7482220508,0.03985280432,258.1267554,0.6202732421,0.6848993825,0.7807887132,TRUE
5PB,7,6,0.2596,0.2643,43.06,0.7478916372,0.06384790729,256.6529636,0.5787553122,0.6876699326,0.8389560288,TRUE
5PB,7,8,0.2427,0.2458,43.06,0.7476359163,0.08926326487,255.5332401,0.5308301239,0.6898361195,0.8992879335,TRUE
5PB,7,10,0.2254,0.2267,43.06,0.7473049522,0.1180107898,253.8187172,0.4658595975,0.6922311447,0.9653622523,TRUE
5PB,7,12,0.208,0.208,43.06,0.7467140869,0.1500869789,251.1842131,0.36716938,0.6956677987,1.03537478,FALSE
5PB,7,14,0.194,0.191,43.06,0.7465001909,0.1810490219,249.7538745,0.2410150809,0.69645729,1.103050904,FALSE
5PB,7,16,0.181,0.175,43.06,0.7462043058,0.2140888894,247.9547739,-0.2878793639,0.6970320887,1.172588746,FALSE
5PB,7,18,0.17,0.161,43.06,0.7459033321,0.2467699554,246.1500792,-1.174764918,0.6969191266,1.239074312,FALSE
7.5PB,7,2,0.2982,0.3003,43.06,0.7491430697,0.01689257733,276.5577152,0.6686687943,0.6782323998,0.7240667102,TRUE
7.5PB,7,4,0.2833,0.2809,43.06,0.7495599262,0.03867160854,274.6058754,0.6511401683,0.6764294907,0.7801628316,TRUE
7.5PB,7,6,0.2687,0.2612,43.06,0.750138209,0.06200345728,273.8943939,0.6324199384,0.6736708176,0.839179256,TRUE
7.5PB,7,8,0.2546,0.2418,43.06,0.750846246,0.08650430754,273.1489961,0.6115907504,0.6701289593,0.9003980392,TRUE
7.5PB,7,10,0.241,0.2224,43.06,0.7517756955,0.1128013318,272.5510419,0.5889932425,0.6652111732,0.9655271845,TRUE
7.5PB,7,12,0.228,0.204,43.06,0.7527758037,0.1399587474,271.4970744,0.5614643768,0.6597878341,1.032487975,FALSE
7.5PB,7,14,0.217,0.189,43.06,0.7536021453,0.1641950342,270.0455029,0.5300092521,0.6552331203,1.092023539,FALSE
7.5PB,7,16,0.207,0.173,43.06,0.7551332154,0.1917847747,269.7107933,0.5038427347,0.6460907759,1.159867325,FALSE
7.5PB,7,18,0.198,0.16,43.06,0.7562837447,0.2167341035,268.451385,0.4670795572,0.6390234377,1.221043625,FALSE
7.5PB,7,20,0.188,0.146,43.06,0.757583133,0.2466031543,266.5797507,0.409592313,0.6305870204,1.293849871,FALSE
10PB,7,2,0.3005,0.3,43.06,0.749554936,0.01709371287,288.5280286,0.6781526622,0.6755381646,0.7227374638,TRUE
10PB,7,4,0.2886,0.2801,43.06,0.750600275,0.03924230859,287.7919554,0.6752177249,0.6696201582,0.7775677135,TRUE
10PB,7,6,0.2776,0.2612,43.06,0.7517971191,0.06159568716,287.6952612,0.6733331326,0.6627107259,0.8318721416,TRUE
10PB,7,8,0.267,0.2425,43.06,0.7532210559,0.08523091214,287.7275099,0.6725242642,0.6543122576,0.8884908874,TRUE
10PB,7,10,0.2563,0.224,43.06,0.7548158519,0.1102922457,287.3202112,0.6704856064,0.6447684521,0.9485724147,TRUE
10PB,7,12,0.2465,0.2058,43.06,0.7568306338,0.1371336252,287.4711953,0.67221048,0.6322539247,1.011866882,FALSE
10PB,7,14,0.239,0.191,43.06,0.7588649611,0.160910496,287.8178348,0.6766743993,0.6191431985,1.067303653,FALSE
10PB,7,16,0.232,0.178,43.06,0.7608123008,0.1832513461,287.6722946,0.678530398,0.6062975598,1.120268052,FALSE
10PB,7,18,0.225,0.166,43.06,0.7627153244,0.2051783647,287.0748,0.6767894608,0.5934773778,1.173529399,FALSE
10PB,7,20,0.219,0.152,43.06,0.7659878233,0.2339338983,287.8640855,0.6905641537,0.569774221,1.239644458,FALSE
10PB,7,22,0.212,0.14,43.06,0.7686549395,0.2599551666,287.1353289,0.6895686508,0.5498342304,1.303891691,FALSE
2.5P,7,2,0.3031,0.3,43.06,0.7499696156,0.0177240977,300.4526305,0.6879688368,0.6727823279,0.7204863308,TRUE
2.5P,7,4,0.295,0.281,43.06,0.7515458847,0.03984231982,300.6365771,0.698807615,0.6631759549,0.7700785894,TRUE
2.5P,7,6,0.2873,0.2633,43.06,0.7531898048,0.06173949757,300.5051381,0.7094472446,0.6529728105,0.8186435201,TRUE
2.5P,7,8,0.2799,0.2459,43.06,0.7550662367,0.08484488336,300.6440982,0.7218845599,0.641025809,0.8689018944,TRUE
2.5P,7,10,0.2729,0.2289,43.06,0.7572168201,0.1092522182,300.959272,0.7365697498,0.6268965264,0.9209749255,TRUE
2.5P,7,12,0.2664,0.2127,43.06,0.75961505,0.1344972111,301.3282837,0.7531193379,0.610550608,0.9740309544,TRUE
2.5P,7,14,0.261,0.198,43.06,0.7622348558,0.1596754295,301.9563181,0.7724181762,0.5918314729,1.025442302,FALSE
2.5P,7,16,0.256,0.185,43.06,0.7648295962,0.1835890016,302.2890215,0.7902793714,0.5724634038,1.074608623,FALSE
2.5P,7,18,0.252,0.176,43.06,0.7667039822,0.2008041309,302.1732535,0.8010236412,0.5580198976,1.111370948,FALSE
2.5P,7,20,0.248,0.162,43.06,0.7706231607,0.231850106,303.2937276,0.8317892018,0.525152078,1.171071308,FALSE
2.5P,7,22,0.244,0.15,43.06,0.7743607227,0.2605493168,303.8551479,0.8580972605,0.49105205,1.227756116,FALSE
2.5P,7,24,0.24,0.14,43.06,0.7777295268,0.2858319213,303.960739,0.8786281212,0.4575648342,1.279858955,FALSE
5P,7,2,0.3059,0.301,43.06,0.7502676083,0.01778163783,310.7973305,0.6962161472,0.6707316877,0.7158678836,TRUE
5P,7,4,0.3009,0.2831,43.06,0.7521958545,0.04007756764,310.836535,0.7166929543,0.6585486818,0.7602113293,TRUE
5P,7,6,0.2961,0.2663,43.06,0.7542131712,0.06241671933,310.8806566,0.7372020846,0.6454332804,0.8039203766,TRUE
5P,7,8,0.2918,0.2504,43.06,0.7564053314,0.08527647191,311.2593384,0.7593123282,0.6306716766,0.8472746207,TRUE
5P,7,10,0.2872,0.2343,43.06,0.75886518,0.1100115915,311.4103262,0.7827659727,0.6134895442,0.8940168197,TRUE
5P,7,12,0.2833,0.2197,43.06,0.7614460972,0.1344774143,311.7735711,0.8072041284,0.5945942546,0.9389328272,TRUE
5P,7,14,0.2801,0.2068,43.06,0.7640634103,0.15801606,312.2299716,0.8317758487,0.5744107405,0.9810100424,TRUE
5P,7,16,0.277,0.194,43.06,0.7669973754,0.1832958722,312.6922906,0.8586217351,0.5504317011,1.025540397,FALSE
5P,7,18,0.274,0.182,43.06,0.7700729176,0.2088326301,313.0579603,0.8856391179,0.5235587101,1.070389421,FALSE
5P,7,20,0.271,0.17,43.06,0.7735487821,0.2365442338,313.420006,0.9152001991,0.4905831082,1.118690554,FALSE
5P,7,22,0.268,0.158,43.06,0.7775087424,0.2668060735,313.7844417,0.9477599793,0.4487573244,1.171087549,FALSE
5P,7,24,0.265,0.148,43.06,0.7811212402,0.293606526,313.8945667,0.9752020672,0.4056155509,1.218901629,FALSE
5P,7,26,0.262,0.137,43.06,0.7857378752,0.3262633185,314.1610976,1.010092748,0.3393946987,1.275893677,FALSE
5P,7,28,0.26,0.128,43.06,0.7901855459,0.356261009,314.5593433,1.043994825,0.2539983017,1.326419213,FALSE
7.5P,7,2,0.3109,0.3037,43.06,0.7506579568,0.0178822323,327.9821703,0.7085866978,0.6679422172,0.7056153867,TRUE
7.5P,7,4,0.3111,0.288,43.06,0.7530758104,0.04103609819,326.8953738,0.7429459409,0.6519831487,0.7402202154,TRUE
7.5P,7,6,0.3111,0.273,43.06,0.7555826979,0.06455995267,326.5607352,0.7766571502,0.6346894048,0.7749917199,TRUE
7.5P,7,8,0.3109,0.2584,43.06,0.7582342943,0.0889254001,326.3724831,0.8104859066,0.6154916343,0.8107137338,TRUE
7.5P,7,10,0.3108,0.2442,43.06,0.7610976039,0.1145098791,326.4123644,0.8456144207,0.5935593839,0.8472661538,TRUE
7.5P,7,12,0.3104,0.232,43.06,0.7637450044,0.1377419443,326.3470467,0.8764154469,0.5720845852,0.8806724075,TRUE
7.5P,7,14,0.3101,0.2192,43.06,0.7668233293,0.1640357144,326.4103479,0.9111238621,0.5453732097,0.917612354,TRUE
7.5P,7,16,0.3099,0.2074,43.06,0.7699697055,0.1902126963,326.5382138,0.9454492132,0.5157977897,0.9536867839,TRUE
7.5P,7,18,0.3093,0.1962,43.06,0.773176717,0.2164061839,326.5393619,0.9786566086,0.4829106115,0.9904231992,TRUE
7.5P,7,20,0.308,0.185,43.06,0.7765752287,0.2436983949,326.3609368,1.011637107,0.4443793868,1.030183785,FALSE
7.5P,7,22,0.308,0.174,43.06,0.7805656625,0.2744591237,326.6301671,1.051299887,0.3915615007,1.070828793,FALSE
7.5P,7,24,0.307,0.164,43.06,0.7843655359,0.3032684295,326.603187,1.086262644,0.331063336,1.111376544,FALSE
7.5P,7,26,0.306,0.154,43.06,0.7885941535,0.334463716,326.6140926,1.124043037,0.240745162,1.154936183,FALSE
7.5P,7,28,0.305,0.145,43.06,0.792807225,0.3647261279,326.6285868,1.160446523,0.05566408109,1.197221866,FALSE
7.5P,7,30,0.304,0.136,43.06,0.7975015439,0.397536517,326.6706732,1.19990672,-0.5682514292,1.242810082,FALSE
10P,7,2,0.3138,0.3054,43.06,0.7508601454,0.01841518311,337.413352,0.7152581011,0.6664658877,0.6993744627,TRUE
10P,7,4,0.3181,0.292,43.06,0.7535517838,0.04221263636,337.0111443,0.7584235423,0.648247657,0.7250586859,TRUE
10P,7,6,0.3221,0.2786,43.06,0.7564004022,0.06716337068,336.7261801,0.8013359528,0.6278616562,0.7521822916,TRUE
10P,7,8,0.3256,0.2654,43.06,0.7593585333,0.09284101705,336.3926057,0.8432525909,0.6053654431,0.7805954961,TRUE
10P,7,10,0.3288,0.2531,43.06,0.7623281152,0.1182661285,336.2161134,0.8833800284,0.5812115342,0.8084522719,TRUE
10P,7,12,0.3314,0.2423,43.06,0.7650998566,0.1417250627,336.0563114,0.9191637518,0.5570552467,0.8342917522,TRUE
10P,7,14,0.3341,0.2308,43.06,0.7682697078,0.1681891751,335.9340557,0.9585316079,0.5271705364,0.8632538267,TRUE
10P,7,16,0.3368,0.2192,43.06,0.7717349987,0.196676207,335.8590126,0.9999691664,0.4911427112,0.8941285371,TRUE
10P,7,18,0.3391,0.2088,43.06,0.7750838443,0.2238007678,335.7952269,1.038523224,0.4521177514,0.9235064213,FALSE
10P,7,20,0.341,0.1988,43.06,0.7785127115,0.2511992598,335.6894312,1.076446002,0.4064803505,0.9536432744,FALSE
10P,7,22,0.343,0.1883,43.06,0.782432288,0.2819952699,335.6168461,1.118486375,0.3437419936,0.987210815,FALSE
10P,7,24,0.344,0.179,43.06,0.7860641941,0.3101378902,335.4236655,1.15544053,0.2686336189,1.019526776,FALSE
10P,7,26,0.344,0.17,43.06,0.7896962564,0.3378812815,335.0921712,1.190279049,0.1526982387,1.053618652,FALSE
10P,7,28,0.345,0.162,43.06,0.7934154809,0.3656976006,335.0236139,1.226451858,-0.2606086064,1.084794629,FALSE
10P,7,30,0.346,0.154,43.06,0.7974507459,0.3953695988,334.9745286,1.264790729,-0.8368450827,1.117878358,FALSE
2.5RP,7,2,0.317,0.3076,43.06,0.7510327946,0.01906912736,347.3789373,0.7217740829,0.6651553536,0.6917870981,TRUE
2.5RP,7,4,0.3254,0.2971,43.06,0.7538830822,0.04319316226,347.1749203,0.7717393317,0.645435324,0.7071905064,TRUE
2.5RP,7,6,0.3338,0.2854,43.06,0.7570730367,0.07012864556,346.557658,0.8236746664,0.621862529,0.7259993779,TRUE
2.5RP,7,8,0.3417,0.2745,43.06,0.7602231416,0.09653605009,346.2969389,0.8722405466,0.5967676985,0.7442760257,TRUE
2.5RP,7,10,0.3487,0.2648,43.06,0.7631707639,0.1210826067,346.1321084,0.9156037005,0.5714013357,0.7613001095,TRUE
2.5RP,7,12,0.3555,0.2545,43.06,0.7663698587,0.1475976866,345.8282526,0.9603510021,0.5415072718,0.7807897171,TRUE
2.5RP,7,14,0.362,0.2448,43.06,0.7695714118,0.173921071,345.6347636,1.003528631,0.5085485152,0.7999209816,FALSE
2.5RP,7,16,0.3688,0.2342,43.06,0.7732348217,0.2038176711,345.4041857,1.0509646,0.4661781122,0.8221716965,FALSE
2.5RP,7,18,0.3751,0.2241,43.06,0.7769260978,0.2336799511,345.1936667,1.097001064,0.4167020442,0.8446904962,FALSE
2.5RP,7,20,0.3811,0.2143,43.06,0.7807282249,0.2641548191,345.004879,1.142855597,0.3551113699,0.867845218,FALSE
2.5RP,7,22,0.385,0.206,43.06,0.7839559955,0.2898509042,344.6865758,1.179875283,0.2890878013,0.8896150992,FALSE
2.5RP,7,24,0.389,0.2,43.06,0.7866140234,0.3107822212,344.65476,1.210664335,0.2145790445,0.9048678869,FALSE
2.5RP,7,26,0.394,0.192,43.06,0.7902869579,0.3394905961,344.5692136,1.252085023,-0.05828312197,0.9264404638,FALSE
2.5RP,7,28,0.398,0.184,43.06,0.7940196479,0.3684072207,344.3651856,1.292470466,-0.6226212507,0.9501443581,FALSE
2.5RP,7,30,0.402,0.178,43.06,0.7971582388,0.392487263,344.3473198,1.326591801,-1.11046858,0.9677711608,FALSE
5RP,7,2,0.3206,0.3104,43.06,0.7511765302,0.01998998981,358.1184578,0.7282421413,0.6640036607,0.6825564831,TRUE
5RP,7,4,0.3332,0.3032,43.06,0.7541203501,0.04455389575,357.7190604,0.7838132652,0.6432150893,0.686704466,TRUE
5RP,7,6,0.347,0.2949,43.06,0.7574760292,0.07244330739,357.3097045,0.8428763787,0.6176413158,0.692368542,TRUE
5RP,7,8,0.3603,0.2869,43.06,0.7607886699,0.09985884347,357.0998615,0.8979093645,0.5901117996,0.6980780716,TRUE
5RP,7,10,0.3713,0.2798,43.06,0.7636821926,0.1237104353,356.801027,0.9435096859,0.5639318422,0.7041352769,TRUE
5RP,7,12,0.3841,0.271,43.06,0.7672499164,0.1529970832,356.3859735,0.9971308357,0.5283681118,0.7127947355,TRUE
5RP,7,14,0.3958,0.2628,43.06,0.770653075,0.1808039698,356.05904,1.046233042,0.4902119324,0.7214774392,FALSE
5RP,7,16,0.4076,0.254,43.06,0.7743274384,0.2106839917,355.6759805,1.097128544,0.4429510861,0.7320145223,FALSE
5RP,7,18,0.4186,0.2459,43.06,0.7778604499,0.2392691177,355.401586,1.144620649,0.3889942961,0.7420495736,FALSE
5RP,7,20,0.426,0.239,43.06,0.7806945336,0.2620988772,354.9735896,1.180927979,0.3369769188,0.7530136896,FALSE
5RP,7,22,0.436,0.232,43.06,0.784037521,0.288899573,354.8573503,1.224025049,0.2563239287,0.7619813586,FALSE
5RP,7,24,0.443,0.226,43.06,0.7867712509,0.3107179099,354.6061154,1.257895612,0.1545971825,0.7716498722,FALSE
5RP,7,26,0.452,0.217,43.06,0.7908318165,0.3429511531,354.1268517,1.306475708,-0.3732187338,0.7884343799,FALSE
5RP,7,28,0.46,0.211,43.06,0.7939555132,0.367611594,354.0177521,1.34412668,-0.8833085242,0.7979838543,FALSE
7.5RP,7,2,0.3232,0.3125,43.06,0.7512670975,0.02093170035,5.282575101,0.7326387442,0.6632557089,0.6757274148,TRUE
7.5RP,7,4,0.3389,0.3079,43.06,0.7542490662,0.04599867629,5.071049956,0.7916948233,0.6418990185,0.671231691,TRUE
7.5RP,7,6,0.3562,0.3022,43.06,0.7576271398,0.07421183836,4.629068295,0.8538229084,0.6156715487,0.6674663917,TRUE
7.5RP,7,8,0.3722,0.2963,43.06,0.7608651216,0.1010828184,4.149308209,0.9096159603,0.5882022289,0.6652465874,TRUE
7.5RP,7,10,0.3871,0.2906,43.06,0.76393851,0.1264700104,3.815042457,0.9600638268,0.5596184714,0.6635627292,TRUE
7.5RP,7,12,0.404,0.2834,43.06,0.7675997851,0.1565308378,3.325669905,1.017203062,0.5217511915,0.6632982313,FALSE
7.5RP,7,14,0.4195,0.2762,43.06,0.7711328278,0.1853732663,2.841435283,1.069868553,0.4802285025,0.6644871242,FALSE
7.5RP,7,16,0.4346,0.2689,43.06,0.7747061772,0.2144033093,2.414781718,1.121224237,0.4314763342,0.6664138753,FALSE
7.5RP,7,18,0.448,0.261,43.06,0.7782768088,0.2432198208,1.785617943,1.170170332,0.3731803809,0.6718330018,FALSE
7.5RP,7,20,0.46,0.255,43.06,0.7813041026,0.2675985282,1.544349607,1.211292455,0.3109722505,0.6741083847,FALSE
7.5RP,7,22,0.471,0.249,43.06,0.7842668199,0.2913469154,1.254082679,1.25043404,0.2286195112,0.6776159294,FALSE
7.5RP,7,24,0.481,0.243,43.06,0.7871715202,0.3145264062,0.919262727,1.287800595,0.07580886399,0.6824221175,FALSE
7.5RP,7,26,0.491,0.236,43.06,0.790442357,0.3404999519,0.44559648,1.328573055,-0.4480024771,0.6902256372,FALSE
10RP,7,2,0.3258,0.3148,43.06,0.7513278845,0.02194595241,12.24389538,0.7365412688,0.6627025402,0.6684763928,TRUE
10RP,7,4,0.3446,0.3125,43.06,0.7543871077,0.04812000049,11.71599359,0.7994434036,0.6405142291,0.6559848806,TRUE
10RP,7,6,0.3648,0.3098,43.06,0.757638206,0.07576825613,11.60963202,0.8618580295,0.6148433158,0.6424956237,TRUE
10RP,7,8,0.3851,0.3067,43.06,0.7609044872,0.1033366518,11.5108233,0.9208619172,0.5865474919,0.6291705616,TRUE
10RP,7,10,0.404,0.303,43.06,0.7640381013,0.1295014707,11.19556157,0.9743063494,0.5566669061,0.6180154224,TRUE
10RP,7,12,0.426,0.298,43.06,0.767776722,0.1604427574,10.79598099,1.034983754,0.5166980005,0.6059400851,FALSE
10RP,7,14,0.4456,0.2931,43.06,0.7711778139,0.1883764602,10.47497496,1.087881949,0.4750964412,0.5956139644,FALSE
10RP,7,16,0.4648,0.2878,43.06,0.774609416,0.2163494175,10.14736971,1.139320999,0.4262609429,0.5861365514,FALSE
10RP,7,18,0.483,0.283,43.06,0.7778272842,0.2424834664,10.00528671,1.186469212,0.3711820907,0.5760704487,FALSE
10RP,7,20,0.498,0.279,43.06,0.7804974551,0.2640646085,9.927744019,1.224769478,0.3147452392,0.5674457456,FALSE
10RP,7,22,0.511,0.274,43.06,0.7831703206,0.2853951522,9.530409548,1.261447953,0.2412662844,0.5636164343,FALSE
10RP,7,24,0.526,0.267,43.06,0.7865966403,0.3125255821,8.879392292,1.306920532,0.04957144359,0.5622684951,FALSE
2.5R,7,2,0.3284,0.317,43.06,0.7514013738,0.02330782805,18.22999301,0.7405603639,0.6620643189,0.6614409394,TRUE
2.5R,7,4,0.3499,0.3171,43.06,0.7544635321,0.05021019342,17.71404969,0.8057231993,0.6395954301,0.6411111179,TRUE
2.5R,7,6,0.3728,0.317,43.06,0.7576270562,0.07784322003,17.82847364,0.8686465318,0.6142607752,0.618962812,TRUE
2.5R,7,8,0.3961,0.316,43.06,0.7608655678,0.1057220044,17.6736155,0.9288710356,0.585801626,0.5972894125,TRUE
2.5R,7,10,0.4183,0.3144,43.06,0.7639630665,0.1320772736,17.5037519,0.9834377314,0.5557494687,0.5769723968,TRUE
2.5R,7,12,0.4435,0.3119,43.06,0.7675043919,0.1618732078,17.31515239,1.042901331,0.5172368992,0.5540473016,FALSE
2.5R,7,14,0.466,0.3082,43.06,0.7708626665,0.1895924674,16.83301254,1.096285383,0.4756666494,0.5356559859,FALSE
2.5R,7,16,0.4885,0.3039,43.06,0.7742984734,0.2176794231,16.3999609,1.148913987,0.4260923615,0.5174218951,FALSE
2.5R,7,18,0.507,0.3,43.06,0.7771794988,0.2410464974,16.08865301,1.191758302,0.3766316486,0.5023038026,FALSE
2.5R,7,20,0.523,0.296,43.06,0.7797943203,0.2620437959,15.74321459,1.229526659,0.3222519602,0.4900461152,FALSE
2.5R,7,22,0.536,0.291,43.06,0.7822936679,0.2817349346,15.0813125,1.264006713,0.2563478131,0.4842144057,FALSE
2.5R,7,24,0.553,0.287,43.06,0.7850454812,0.3037195627,14.95918616,1.302693744,0.1415368662,0.4691166985,FALSE
5R,7,2,0.3306,0.319,43.06,0.7514432726,0.02450964595,23.10828273,0.7436219083,0.6616582178,0.6551969567,TRUE
5R,7,4,0.3552,0.3222,43.06,0.754465378,0.05230222195,23.8036394,0.8107876893,0.6392149117,0.6251635463,TRUE
5R,7,6,0.3805,0.3244,43.06,0.7575466896,0.08008191754,23.81447964,0.8739222878,0.6142658086,0.5952251357,TRUE
5R,7,8,0.4067,0.3256,43.06,0.7607319193,0.1082589514,23.6645493,0.9348331652,0.585959078,0.5648711626,TRUE
5R,7,10,0.432,0.326,43.06,0.7637884287,0.134917135,23.57270663,0.9901573182,0.5559444824,0.5353817174,TRUE
5R,7,12,0.4595,0.3252,43.06,0.7671800288,0.1639134247,23.31455322,1.048302541,0.5187285423,0.5037657335,FALSE
5R,7,14,0.4848,0.3238,43.06,0.7703137124,0.1903712583,23.15210142,1.099824878,0.4796649796,0.4737484281,FALSE
5R,7,16,0.51,0.321,43.06,0.773603201,0.2175435101,22.76787766,1.151463171,0.4323849202,0.4445811571,FALSE
5R,7,18,0.53,0.318,43.06,0.7763165621,0.2396303314,22.41129899,1.192603755,0.3865848498,0.4212989617,FALSE
5R,7,20,0.547,0.315,43.06,0.7786897871,0.2587571251,22.10353266,1.227698116,0.3390612436,0.4010625226,FALSE
5R,7,22,0.563,0.311,43.06,0.7811432169,0.2781498125,21.58934167,1.262758177,0.2784604322,0.3838924878,FALSE
5R,7,24,0.58,0.306,43.06,0.7839097704,0.2997852478,20.97070243,1.301310124,0.1802265119,0.3663646668,FALSE
7.5R,7,2,0.3335,0.322,43.06,0.7514474861,0.02607712626,29.76868685,0.7468616525,0.6614629385,0.646205744,TRUE
7.5R,7,4,0.3611,0.3282,43.06,0.7544217015,0.05494394728,30.35955219,0.815576883,0.6391301865,0.6067080225,TRUE
7.5R,7,6,0.3888,0.3336,43.06,0.7572893702,0.08239403943,30.85150842,0.8769909446,0.6156378568,0.5668724644,TRUE
7.5R,7,8,0.4196,0.3382,43.06,0.7604461752,0.1118573333,31.04679923,0.9398478888,0.587290482,0.5227286957,TRUE
7.5R,7,10,0.447,0.3413,43.06,0.7632237144,0.1372852313,31.19305191,0.9920230694,0.5598278559,0.482485687,TRUE
7.5R,7,12,0.4777,0.3435,43.06,0.7663583708,0.1653354063,31.24601892,1.047862301,0.525473274,0.4358294315,FALSE
7.5R,7,14,0.5059,0.345,43.06,0.7691828818,0.190404019,31.47981808,1.096301204,0.4906655191,0.3887117895,FALSE
7.5R,7,16,0.5341,0.3452,43.06,0.7721001911,0.2156464859,31.54539428,1.144170345,0.4499522667,0.3376802902,FALSE
7.5R,7,18,0.554,0.343,43.06,0.7744842843,0.2350799808,30.99852545,1.180974445,0.412292704,0.3029880944,FALSE
7.5R,7,20,0.573,0.341,43.06,0.7767180287,0.2533458612,30.70593046,1.214952485,0.3716310741,0.2638727675,FALSE
7.5R,7,22,0.592,0.338,43.06,0.7791015753,0.2724049234,30.2745015,1.250132547,0.3202161512,0.2204618492,FALSE
7.5R,7,24,0.607,0.335,43.06,0.7810870231,0.2880277331,29.86989277,1.278740585,0.267264612,0.1805709771,FALSE
7.5R,7,26,0.622,0.332,43.06,0.7830709595,0.3036329905,29.56667988,1.307009006,0.1964654646,0.1266831829,FALSE
10R,7,2,0.336,0.3253,43.06,0.7513541344,0.02731010564,36.72604695,0.7482057206,0.6619432953,0.6369704034,TRUE
10R,7,4,0.3671,0.336,43.06,0.7541475648,0.05736120928,38.46947797,0.817054859,0.6407152449,0.5843388564,TRUE
10R,7,6,0.3984,0.3452,43.06,0.7568790658,0.08585008598,39.13363625,0.8785688824,0.6181507041,0.5317059921,TRUE
10R,7,8,0.4308,0.3533,43.06,0.7596407395,0.1139207538,39.63161559,0.9363679686,0.5932981884,0.4758947594,TRUE
10R,7,10,0.46,0.3596,43.06,0.7620732664,0.1382249234,40.10789283,0.9844667004,0.5694618382,0.4224842931,TRUE
10R,7,12,0.493,0.3659,43.06,0.764744983,0.1647240159,40.79413071,1.034968546,0.5408110619,0.3549233577,FALSE
10R,7,14,0.5234,0.37,43.06,0.7672882342,0.1889796933,41.13595774,1.080376645,0.5108528542,0.2832737746,FALSE
10R,7,16,0.5519,0.3729,43.06,0.7696887698,0.2115105681,41.48472061,1.121591754,0.4795734858,0.1947376106,FALSE
10R,7,18,0.571,0.373,43.06,0.7715076729,0.227345202,41.27122036,1.151084934,0.4537390201,0.1099919694,FALSE
10R,7,20,0.592,0.374,43.06,0.7733345602,0.2440325638,41.55355636,1.180756897,0.4250551005,-0.1460998606,FALSE
10R,7,22,0.614,0.374,43.06,0.7753575135,0.2619442913,41.71081925,1.212561137,0.3896657579,-0.438551276,FALSE
10R,7,24,0.63,0.372,43.06,0.7771079457,0.2761348425,41.35170534,1.238711441,0.3552717076,-0.6206002636,FALSE
10R,7,26,0.647,0.369,43.06,0.7790934325,0.2918100933,40.86712309,1.267659525,0.3099153416,-0.8030603275,FALSE
2.5YR,7,2,0.3392,0.3298,43.06,0.7512007293,0.02930319396,45.29622025,0.7493540551,0.662788262,0.6245986124,TRUE
2.5YR,7,4,0.3715,0.3439,43.06,0.7536676045,0.05909226024,46.60122521,0.8141021468,0.6438906268,0.5633688603,TRUE
2.5YR,7,6,0.4053,0.357,43.06,0.7561490998,0.08816139153,47.44393522,0.873505222,0.6233593574,0.4986584691,TRUE
2.5YR,7,8,0.4371,0.3679,43.06,0.7584206666,0.1140684921,48.11931959,0.9239330557,0.6031140119,0.4349228584,TRUE
2.5YR,7,10,0.4671,0.3768,43.06,0.7605533159,0.1376363588,48.61721757,0.9682989252,0.5827433518,0.3697986638,TRUE
2.5YR,7,12,0.5001,0.3861,43.06,0.7627790383,0.1626114672,49.55092832,1.012842049,0.5597886708,0.2832838571,FALSE
2.5YR,7,14,0.5297,0.3938,43.06,0.7647148033,0.1844868504,50.52865285,1.050096658,0.5382659364,0.1734339633,FALSE
2.5YR,7,16,0.5522,0.3989,43.06,0.766202055,0.2010223957,51.21442621,1.07760897,0.5206721195,-0.03736384832,FALSE
2.5YR,7,18,0.5695,0.4024,43.06,0.7673563826,0.2137407363,51.7302561,1.098378712,0.5063071038,-0.3060196637,FALSE
2.5YR,7,20,0.5824,0.4046,43.06,0.7682469347,0.2233006711,52.05412953,1.113975669,0.4947834161,-0.4974017268,FALSE
2.5YR,7,22,0.594,0.407,43.06,0.7689779728,0.2317808428,52.54988095,1.126926086,0.484916247,-0.6736170879,FALSE
2.5YR,7,24,0.602,0.409,43.06,0.7694295991,0.2375528301,53.03349023,1.135093325,0.4785995349,-0.7986239889,FALSE
5YR,7,2,0.3421,0.3349,43.06,0.7509321229,0.03148393838,54.40201323,0.748437413,0.6644203834,0.6113029577,TRUE
5YR,7,4,0.375,0.353,43.06,0.7529444447,0.06098422375,55.96573077,0.8068111975,0.64883578,0.5408447452,TRUE
5YR,7,6,0.4091,0.3701,43.06,0.7549464067,0.08941811826,57.09736163,0.8595282665,0.632310441,0.4660114905,TRUE
5YR,7,8,0.4402,0.3842,43.06,0.7567371844,0.1139921601,57.93046408,0.9029295447,0.6166490359,0.3929502193,TRUE
5YR,7,10,0.4711,0.3972,43.06,0.7584607919,0.1374991004,58.85724403,0.94230693,0.6007109456,0.3089884181,TRUE
5YR,7,12,0.5007,0.4081,43.06,0.7601503352,0.1594899909,59.51851752,0.9783415184,0.5842911709,0.2049004861,TRUE
5YR,7,14,0.5252,0.4168,43.06,0.7614909356,0.1774505632,60.29656989,1.006046091,0.5705689837,0.01355774054,FALSE
5YR,7,16,0.5437,0.4228,43.06,0.7625172933,0.1909761631,60.84981322,1.026460956,0.5596666008,-0.2943001334,FALSE
5YR,7,18,0.5564,0.4267,43.06,0.7632230129,0.2002766682,61.24296735,1.040179392,0.5519517437,-0.4976297214,FALSE
5YR,7,20,0.5657,0.4298,43.06,0.7637001539,0.2071053081,61.66299642,1.049550586,0.5465927198,-0.6474238026,FALSE
5YR,7,22,0.575,0.434,43.06,0.7640430196,0.2139718788,62.48601524,1.057026362,0.5425555774,-0.8091539491,FALSE
7.5YR,7,2,0.3437,0.3397,43.06,0.7505334637,0.03317005389,63.26768784,0.7442399903,0.6669802783,0.5999182518,TRUE
7.5YR,7,4,0.3772,0.3613,43.06,0.7521931929,0.06320521734,64.30567643,0.7978752436,0.6539989809,0.5213598263,TRUE
7.5YR,7,6,0.4107,0.382,43.06,0.7537109164,0.09126655946,65.88222675,0.8432661826,0.641429971,0.4382436166,TRUE
7.5YR,7,8,0.4415,0.3996,43.06,0.7550888821,0.1157796985,67.0153605,0.8808176966,0.629537238,0.3539561263,TRUE
7.5YR,7,10,0.4704,0.4151,43.06,0.7563572153,0.1380586101,68.04985633,0.9130923326,0.6181638249,0.2573473287,TRUE
7.5YR,7,12,0.497,0.4282,43.06,0.7575468997,0.1581517777,68.86076192,0.9413129974,0.6071552071,0.1192649039,TRUE
7.5YR,7,14,0.5174,0.4381,43.06,0.7584136079,0.1735330535,69.66121859,0.9613442849,0.5988606314,-0.2073563101,FALSE
7.5YR,7,16,0.5319,0.4449,43.06,0.75902522,0.1844884985,70.24678069,0.9750681404,0.5928840506,-0.4632900237,FALSE
7.5YR,7,18,0.5417,0.4492,43.06,0.7594562894,0.191890542,70.58770523,0.9843915848,0.5886277988,-0.6281137919,FALSE
7.5YR,7,20,0.548,0.453,43.06,0.7596213619,0.1968862464,71.17540275,0.9887654292,0.5868864735,-0.7452614213,FALSE
7.5YR,7,22,0.556,0.456,43.06,0.760013253,0.2029061782,71.33019025,0.9967415752,0.5829904543,-0.8693625276,FALSE
10YR,7,2,0.3443,0.3454,43.06,0.7498995554,0.03517047611,74.32229269,0.7355093972,0.6711173224,0.5877327698,TRUE
10YR,7,4,0.3778,0.3719,43.06,0.7510120418,0.06632772065,75.21197667,0.7812405794,0.6621255849,0.4989127992,TRUE
10YR,7,6,0.4102,0.396,43.06,0.7520784781,0.09447861621,76.20368528,0.8195459191,0.6532643089,0.4081779509,TRUE
10YR,7,8,0.4399,0.4164,43.06,0.7531009748,0.1189774013,76.88253676,0.8516706543,0.6446237526,0.3139750443,TRUE
10YR,7,10,0.4667,0.4335,43.06,0.7540566701,0.1403797395,77.42684869,0.8788212046,0.6364024804,0.2028548763,TRUE
10YR,7,12,0.49,0.448,43.06,0.754853124,0.1588713083,78.11168057,0.900478719,0.6293795115,-0.03904501744,FALSE
10YR,7,14,0.5074,0.4581,43.06,0.7554799535,0.1725415838,78.53624823,0.9163591011,0.6237974584,-0.3670436598,FALSE
10YR,7,16,0.5188,0.465,43.06,0.7558464452,0.1816890409,78.9892491,0.925819751,0.6204589561,-0.5777215618,FALSE
10YR,7,18,0.5276,0.47,43.06,0.7561519609,0.1887029921,79.26817193,0.9332893525,0.6176788488,-0.7322242945,FALSE
10YR,7,20,0.532,0.474,43.06,0.7561612756,0.1927823914,79.87831729,0.9349268088,0.6174732936,-0.8257892672,FALSE
2.5Y,7,2,0.3436,0.3507,43.06,0.7491595897,0.03741710681,85.10955363,0.7237732142,0.6759532139,0.57771698,TRUE
2.5Y,7,4,0.3761,0.38,43.06,0.7498901588,0.06903450646,84.08625553,0.7633161991,0.6697747698,0.4842356081,TRUE
2.5Y,7,6,0.4073,0.4073,43.06,0.7505572145,0.09780068046,84.72762626,0.7953044517,0.6640335193,0.3869826695,TRUE
2.5Y,7,8,0.4353,0.4312,43.06,0.7511315732,0.1228022142,85.65258527,0.8202980828,0.6590393929,0.2824022445,TRUE
2.5Y,7,10,0.4606,0.4516,43.06,0.7517045989,0.1447077871,86.32728805,0.8415593895,0.6541369812,0.1434427563,TRUE
2.5Y,7,12,0.4806,0.4666,43.06,0.7522212805,0.1615921365,86.6933008,0.8581352594,0.6497809755,-0.1904927313,FALSE
2.5Y,7,14,0.495,0.4773,43.06,0.7525804967,0.1738418886,87.05330248,0.8693197176,0.6467258474,-0.4785877189,FALSE
2.5Y,7,16,0.5049,0.4843,43.06,0.7528489633,0.1821894309,87.25024065,0.8770821943,0.6444570548,-0.6650946026,FALSE
2.5Y,7,18,0.511,0.488,43.06,0.7530635732,0.1870844558,87.22481029,0.882501442,0.6426793978,-0.7703496035,FALSE
2.5Y,7,20,0.516,0.492,43.06,0.7531532286,0.191595675,87.48526251,0.8856115488,0.6418799449,-0.8662445227,FALSE
5Y,7,2,0.3419,0.354,43.06,0.7485405475,0.03897520086,93.03421397,0.712706247,0.6799934825,0.5727734287,TRUE
5Y,7,4,0.3718,0.3885,43.06,0.7484544341,0.07256368768,94.18358792,0.7381454232,0.6793894024,0.4718134134,TRUE
5Y,7,6,0.4009,0.4198,43.06,0.7486037875,0.1024998632,94.54052048,0.7615028058,0.677443541,0.3678928833,TRUE
5Y,7,8,0.4271,0.4462,43.06,0.7488820605,0.1278558464,94.71194665,0.7816143518,0.6748329225,0.255714484,TRUE
5Y,7,10,0.4509,0.4696,43.06,0.7491584891,0.1504919783,95.07569884,0.7982197152,0.6723629385,0.07479882818,TRUE
5Y,7,12,0.4677,0.4857,43.06,0.7493736047,0.1663404488,95.37660547,0.8092810555,0.6705156529,-0.3007004444,FALSE
5Y,7,14,0.4791,0.4965,43.06,0.7495226864,0.177132742,95.61389395,0.8164333792,0.6692558724,-0.5464577576,FALSE
5Y,7,16,0.4875,0.5047,43.06,0.7496097665,0.1853068776,95.87511285,0.8211569714,0.668496241,-0.723509336,FALSE
5Y,7,18,0.493,0.509,43.06,0.7497500554,0.1900733918,95.81049221,0.8254658775,0.6674146109,-0.8247700338,FALSE
5Y,7,20,0.498,0.513,43.06,0.7498683692,0.1944951022,95.79033144,0.8291842689,0.6664958862,-0.9163150991,FALSE
7.5Y,7,2,0.3396,0.3558,43.06,0.7480240871,0.03982707747,99.26260339,0.702465148,0.6833597332,0.5714488362,TRUE
7.5Y,7,4,0.3677,0.3925,43.06,0.7475471224,0.07444626938,100.0575509,0.7207374133,0.6853612318,0.4684106913,TRUE
7.5Y,7,6,0.3943,0.4264,43.06,0.7472557367,0.1052322361,100.7394969,0.7359746596,0.6864299034,0.3625056817,TRUE
7.5Y,7,8,0.4184,0.4568,43.06,0.7470629704,0.1322635544,101.4276964,0.7479838665,0.6870846071,0.2423884205,TRUE
7.5Y,7,10,0.44,0.483,43.06,0.7470020253,0.1555871586,101.8525528,0.7586549787,0.6870495312,0.01824516007,TRUE
7.5Y,7,12,0.4547,0.5005,43.06,0.7469937125,0.1712890993,102.136419,0.7655971874,0.6868591702,-0.3504710447,FALSE
7.5Y,7,14,0.4652,0.5128,43.06,0.7470053125,0.1824532721,102.3304557,0.7704654869,0.6866313904,-0.5961945597,FALSE
7.5Y,7,16,0.4728,0.5215,43.06,0.7470295156,0.1904648562,102.4486635,0.7740671777,0.6863735573,-0.7646510685,FALSE
7.5Y,7,18,0.477,0.527,43.06,0.7469924727,0.1953683542,102.6507588,0.7751707859,0.6865712922,-0.8625733202,FALSE
10Y,8,2,0.3359,0.3552,59.1,0.8308199541,0.04316607257,104.7703237,0.7974239328,0.7906937324,0.6653053994,TRUE
10Y,8,4,0.3581,0.3883,59.1,0.8299554324,0.07738849317,105.363168,0.8077777316,0.795349388,0.5641963632,TRUE
10Y,8,6,0.3803,0.4216,59.1,0.8292152438,0.1102382874,106.1277008,0.8160271837,0.7993789786,0.4556482169,TRUE
10Y,8,8,0.4008,0.452,59.1,0.8286713198,0.139304732,106.6774908,0.8230507457,0.8023411276,0.3391566728,TRUE
10Y,8,10,0.419,0.4791,59.1,0.8282449618,0.1647227125,107.192046,0.8283175004,0.8047088377,0.1917613452,TRUE
10Y,8,12,0.4341,0.502,59.1,0.8278983316,0.1859629318,107.6866509,0.8316266769,0.8066964686,-0.2256169355,FALSE
10Y,8,14,0.445,0.5181,59.1,0.8277056768,0.2009363798,107.9464604,0.8344250941,0.8077963767,-0.6330315726,FALSE
10Y,8,16,0.4525,0.5295,59.1,0.8275569933,0.2115101502,108.1780735,0.8358050944,0.8086754339,-0.9037195542,FALSE
10Y,8,18,0.457,0.5366,59.1,0.8274518696,0.218068623,108.3542514,0.8362530611,0.8093130985,-1.064318509,FALSE
10Y,8,20,0.461,0.542,59.1,0.8274299534,0.2232209079,108.368654,0.8378556938,0.8094201608,-1.190917312,FALSE
2.5GY,8,2,0.3327,0.3555,59.1,0.8303037135,0.04346406511,110.6116894,0.7852492745,0.7941230926,0.668182693,TRUE
2.5GY,8,4,0.3504,0.3887,59.1,0.8288596175,0.07755994003,112.3049427,0.7817319855,0.8025716926,0.5728991711,TRUE
2.5GY,8,6,0.369,0.423,59.1,0.8276555975,0.1108193799,112.9236453,0.7796320331,0.8095591608,0.4691122294,TRUE
2.5GY,8,8,0.3858,0.455,59.1,0.8266410933,0.1404973199,113.5596216,0.7763565102,0.8154859641,0.3599165996,TRUE
2.5GY,8,10,0.4021,0.4869,59.1,0.8257230966,0.1690937972,114.15668,0.7722885591,0.8208839671,0.2139810854,TRUE
2.5GY,8,12,0.4154,0.5133,59.1,0.825037489,0.1922185686,114.581926,0.7687941842,0.8249384215,-0.1639480357,FALSE
2.5GY,8,14,0.4261,0.5344,59.1,0.8245505558,0.2104824851,114.8446587,0.7664119724,0.8278307205,-0.6382605738,FALSE
2.5GY,8,16,0.4327,0.5475,59.1,0.8242653508,0.2217582168,114.9988652,0.764915211,0.8295343863,-0.9138066438,FALSE
2.5GY,8,18,0.4371,0.5557,59.1,0.8241208529,0.228844408,115.0339627,0.7646617791,0.8303969295,-1.082974221,FALSE
2.5GY,8,20,0.44,0.562,59.1,0.8239669464,0.2342156081,115.1560759,0.7633229178,0.8313257233,-1.203757166,FALSE
2.5GY,8,22,0.443,0.568,59.1,0.8238466794,0.2393666875,115.2211709,0.7626375454,0.8320508837,-1.319157891,FALSE
5GY,8,2,0.3284,0.3542,59.1,0.8298223174,0.04258116656,116.8855525,0.7720528288,0.7973398338,0.675860436,TRUE
5GY,8,4,0.3433,0.3872,59.1,0.8280471004,0.0767719541,117.8995272,0.7602747556,0.8078594733,0.5849295004,TRUE
5GY,8,6,0.3573,0.4214,59.1,0.8263226689,0.1101398426,119.1045956,0.7450861131,0.8180404832,0.4895445219,TRUE
5GY,8,8,0.3696,0.4542,59.1,0.8247832184,0.1404644747,120.1202501,0.7288269848,0.827072547,0.3910781887,TRUE
5GY,8,10,0.3816,0.4879,59.1,0.8233504484,0.1701504713,120.9013065,0.7120713997,0.8354118058,0.2679498404,TRUE
5GY,8,12,0.3924,0.5199,59.1,0.8221033652,0.197211702,121.5043859,0.6960399593,0.8426209046,0.02935186407,TRUE
5GY,8,14,0.4011,0.5468,59.1,0.8211330056,0.2192633226,121.9271361,0.6826166314,0.8481995865,-0.5094742813,FALSE
5GY,8,16,0.4061,0.5641,59.1,0.8205003091,0.2331649579,122.2551115,0.6728262576,0.8518230122,-0.8216537216,FALSE
5GY,8,18,0.4104,0.5785,59.1,0.820016923,0.2445865935,122.4551524,0.6653761973,0.8545831172,-1.068893138,FALSE
5GY,8,20,0.4127,0.5855,59.1,0.8198111987,0.2501027722,122.5013479,0.6624293415,0.8557572783,-1.187130361,FALSE
5GY,8,22,0.415,0.595,59.1,0.8194618058,0.2575248228,122.7053392,0.6562596183,0.8577434847,-1.333724908,FALSE
7.5GY,8,2,0.3194,0.3502,59.1,0.8289540214,0.04098243731,130.098256,0.7458055734,0.8030959997,0.6946378015,TRUE
7.5GY,8,4,0.3266,0.3809,59.1,0.8263806149,0.0750861956,130.8670522,0.7111357204,0.8184584112,0.618473174,TRUE
7.5GY,8,6,0.3339,0.4129,59.1,0.8240673767,0.1078276018,131.0342322,0.6777650528,0.8318961045,0.5395786954,TRUE
7.5GY,8,8,0.3408,0.4452,59.1,0.8220029455,0.138594227,131.1526089,0.645373579,0.8436184002,0.4578333444,TRUE
7.5GY,8,10,0.3463,0.4791,59.1,0.8199207704,0.1692409694,131.6668316,0.6076248176,0.8552042234,0.3667378825,TRUE
7.5GY,8,12,0.3511,0.5144,59.1,0.8179304304,0.1992941994,132.1332303,0.5672738078,0.8660389164,0.2525752542,TRUE
7.5GY,8,14,0.3546,0.549,59.1,0.816089747,0.2272514585,132.6154426,0.5248393831,0.8758477909,0.03559623935,TRUE
7.5GY,8,16,0.3569,0.5798,59.1,0.8145442088,0.2509980913,133.0185768,0.4845898206,0.8839244679,-0.4564012464,FALSE
7.5GY,8,18,0.3585,0.6063,59.1,0.8132966022,0.2706194721,133.310334,0.4483878993,0.8903396917,-0.8354404657,FALSE
7.5GY,8,20,0.3592,0.6235,59.1,0.8125076807,0.2830215978,133.5042489,0.4231021158,0.8943461526,-1.060510948,FALSE
7.5GY,8,22,0.36,0.645,59.1,0.8115705944,0.2981318194,133.7046031,0.3904004042,0.8990585333,-1.324175318,FALSE
7.5GY,8,24,0.36,0.66,59.1,0.8108984248,0.3085118517,133.8956125,0.3639735895,0.9023988139,-1.492183587,FALSE
7.5GY,8,26,0.361,0.679,59.1,0.8101798458,0.321247053,133.9594159,0.3343679657,0.9059598829,-1.70438741,FALSE
7.5GY,8,28,0.361,0.696,59.1,0.8094876633,0.332527292,134.1137396,0.3010313406,0.9093463181,-1.875661231,FALSE
10GY,8,2,0.3121,0.3459,59.1,0.8283598331,0.04016740696,141.2489455,0.72540602,0.8070043853,0.7120893589,TRUE
10GY,8,4,0.314,0.3727,59.1,0.8254402262,0.07282315383,140.846632,0.6767761385,0.8243323497,0.6505179914,TRUE
10GY,8,6,0.315,0.4014,59.1,0.8225688864,0.105488266,141.0470651,0.6229987618,0.840753423,0.5873242184,TRUE
10GY,8,8,0.3149,0.4284,59.1,0.8200507287,0.1343969717,141.4274715,0.5693189287,0.8546645449,0.5295292138,TRUE
10GY,8,10,0.314,0.4601,59.1,0.8173387976,0.166109357,141.8054683,0.5027495661,0.869144242,0.4616523679,TRUE
10GY,8,12,0.3124,0.4926,59.1,0.8148057453,0.1963735774,142.1099649,0.428379321,0.8822143072,0.3893997108,TRUE
10GY,8,14,0.3091,0.5247,59.1,0.8123797936,0.2248892046,142.6077225,0.3355199658,0.8943207429,0.3131626186,TRUE
10GY,8,16,0.3043,0.5578,59.1,0.8099798601,0.2528466415,143.1698318,0.1919278557,0.9059033757,0.2200349548,TRUE
10GY,8,18,0.2987,0.5919,59.1,0.8076828459,0.279919562,143.6471511,-0.3595365144,0.9166362203,0.04542018765,FALSE
10GY,8,20,0.2918,0.6255,59.1,0.80548671,0.3054147048,144.1634029,-1.08458662,0.9265682688,-0.3497175384,FALSE
10GY,8,22,0.2846,0.6564,59.1,0.8035494298,0.3277897966,144.6215605,-1.721921553,0.9350695341,-0.6687373135,FALSE
10GY,8,24,0.2781,0.684,59.1,0.801938452,0.3467404557,144.945087,-2.245296355,0.9419667718,-0.9286286456,FALSE
10GY,8,26,0.271,0.702,59.1,0.8006580487,0.3597544643,145.4587313,-2.677373795,0.9472804148,-1.059304636,FALSE
10GY,8,28,0.262,0.726,59.1,0.7990741612,0.3763001402,146.0062557,-3.202338413,0.9537219446,-1.227845778,FALSE
10GY,8,30,0.252,0.752,59.1,0.7974239871,0.3935785934,146.5415433,-3.742448181,0.9602695241,-1.396023475,FALSE
10GY,8,32,0.24,0.784,59.1,0.7955408553,0.4137344735,147.0696522,-4.347146357,0.9675538769,-1.590376565,FALSE
2.5G,8,2,0.3053,0.3404,59.1,0.8279788786,0.03902089758,152.2805542,0.7085312951,0.8095523391,0.7316357986,TRUE
2.5G,8,4,0.3009,0.3614,59.1,0.8247132044,0.07020999315,152.3367645,0.6426762158,0.8288464326,0.6892772308,TRUE
2.5G,8,6,0.2952,0.3851,59.1,0.8212790235,0.1033352032,152.6152977,0.5631284751,0.8481404497,0.6441468521,TRUE
2.5G,8,8,0.2896,0.4065,59.1,0.8184002087,0.1314155467,152.8436461,0.4842804393,0.8635737652,0.6052210861,TRUE
2.5G,8,10,0.2829,0.4301,59.1,0.8154275301,0.1606567399,153.1000698,0.3821854952,0.8788411468,0.5639402316,TRUE
2.5G,8,12,0.2743,0.4554,59.1,0.8123263394,0.1909540173,153.5889227,0.2162606633,0.8940704342,0.5221439902,TRUE
2.5G,8,14,0.2661,0.478,59.1,0.809709934,0.216634094,153.9761405,-0.3888052868,0.906388768,0.4858295747,FALSE
2.5G,8,16,0.2563,0.5045,59.1,0.8068568196,0.244928712,154.3167275,-1.335608068,0.9192974358,0.4434913859,FALSE
2.5G,8,18,0.2451,0.5309,59.1,0.8040530676,0.2723952764,154.7841553,-2.259849008,0.9314498188,0.4027191097,FALSE
2.5G,8,20,0.2339,0.5561,59.1,0.8015042261,0.2974040785,155.1918187,-3.085583273,0.9420644986,0.3635488112,FALSE
2.5G,8,22,0.2221,0.5799,59.1,0.7990981079,0.3206740057,155.6562592,-3.857945493,0.9517023378,0.3270137117,FALSE
2.5G,8,24,0.2091,0.6033,59.1,0.7966944236,0.3434988263,156.1992965,-4.622136333,0.9609626682,0.2916232144,FALSE
2.5G,8,26,0.196,0.622,59.1,0.7945275138,0.3631266889,156.8748529,-5.31227075,0.9689695653,0.2669336695,FALSE
2.5G,8,28,0.18,0.647,59.1,0.7919418658,0.3871621485,157.4932814,-6.107782844,0.9782034271,0.2284592632,FALSE
2.5G,8,30,0.163,0.67,59.1,0.7893935554,0.4101868044,158.1991189,-6.881510683,0.9869011139,0.1946120462,FALSE
2.5G,8,32,0.144,0.692,59.1,0.7867108654,0.4337209886,159.0313403,-7.68314641,0.9956311005,0.1660839612,FALSE
5G,8,2,0.3009,0.3359,59.1,0.8278464054,0.03796493665,160.2420052,0.6991479959,0.8105027824,0.746411167,TRUE
5G,8,4,0.2924,0.3523,59.1,0.8244146067,0.06839746935,160.8531929,0.621981859,0.83073611,0.7181151324,TRUE
5G,8,6,0.2822,0.3702,59.1,0.8207807383,0.1006840988,161.5047158,0.5255773741,0.8509586258,0.6895289499,TRUE
5G,8,8,0.2723,0.3865,59.1,0.8175878647,0.1291328265,162.0168716,0.4193488818,0.8677732982,0.6652051429,TRUE
5G,8,10,0.2613,0.4026,59.1,0.8144226799,0.1572238434,162.6698845,0.2649999692,0.883612238,0.6433273763,TRUE
5G,8,12,0.2489,0.4191,59.1,0.8111738115,0.1859719278,163.3822032,-0.4327838191,0.8990513606,0.6228898683,FALSE
5G,8,14,0.2368,0.4348,59.1,0.8081831888,0.2125148605,163.9352203,-1.48313724,0.912573332,0.6044508385,FALSE
5G,8,16,0.224,0.45,59.1,0.8052441251,0.2384914693,164.5321154,-2.497040781,0.9252388045,0.5883034338,FALSE
5G,8,18,0.2103,0.4652,59.1,0.8022780793,0.2646419666,165.1418459,-3.498292481,0.9374215277,0.5736087009,FALSE
5G,8,20,0.1956,0.4806,59.1,0.799250376,0.2912944692,165.7533323,-4.495389534,0.9492639255,0.5600532328,FALSE
5G,8,22,0.1821,0.494,59.1,0.7965831252,0.3147380115,166.2842497,-5.352184485,0.9592186487,0.5493533253,FALSE
5G,8,24,0.168,0.507,59.1,0.7938998853,0.3382385312,166.8366654,-6.194934711,0.9687911605,0.5402982302,FALSE
5G,8,26,0.151,0.521,59.1,0.7907801734,0.3653941471,167.5287062,-7.152023879,0.979370837,0.5326877093,FALSE
5G,8,28,0.134,0.537,59.1,0.7876741323,0.3928499571,167.9938306,-8.059425011,0.9894265251,0.5218806613,FALSE
5G,8,30,0.115,0.553,59.1,0.78430695,0.422433786,168.5629883,-9.014527388,0.9997198836,0.5134336519,FALSE
5G,8,32,0.096,0.564,59.1,0.7810182746,0.4507216338,169.3538821,-9.931419221,1.009093744,0.5136559154,FALSE
7.5G,8,2,0.2981,0.3326,59.1,0.8278173723,0.03718190179,165.8809682,0.6939539952,0.8107751008,0.756825245,TRUE
7.5G,8,4,0.2874,0.3464,59.1,0.8242945077,0.06758232993,166.3537855,0.6101258619,0.831521628,0.7362859678,TRUE
7.5G,8,6,0.2754,0.3608,59.1,0.8206701516,0.09892019982,166.9047048,0.5071800062,0.8516010138,0.7166315053,TRUE
7.5G,8,8,0.2639,0.3733,59.1,0.8174884678,0.1264164363,167.5115563,0.3902277469,0.8682442795,0.7013491732,TRUE
7.5G,8,10,0.2515,0.3867,59.1,0.814201091,0.1549491732,167.9573783,0.1933781074,0.8845379647,0.6856895552,TRUE
7.5G,8,12,0.238,0.4002,59.1,0.8108515344,0.184015829,168.4817153,-0.8221794345,0.9002505106,0.6715249633,FALSE
7.5G,8,14,0.2254,0.4125,59.1,0.8078526225,0.2101071696,168.8949362,-1.887540043,0.91360338,0.6594045009,FALSE
7.5G,8,16,0.212,0.4252,59.1,0.8047847549,0.236848597,169.2934824,-2.948300623,0.9266017077,0.6477197597,FALSE
7.5G,8,18,0.198,0.4372,59.1,0.8017399254,0.263325621,169.7782134,-3.978802111,0.9388565161,0.6383494953,FALSE
7.5G,8,20,0.1845,0.4492,59.1,0.7988482527,0.2886083083,170.1233974,-4.923404352,0.9499548487,0.6288395718,FALSE
7.5G,8,22,0.17,0.459,59.1,0.7959341779,0.3137998237,170.73568,-5.867961495,0.9605516936,0.624576447,FALSE
7.5G,8,24,0.155,0.471,59.1,0.7928844931,0.3404808447,171.1125308,-6.808953283,0.9711535344,0.617003233,FALSE
7.5G,8,26,0.139,0.483,59.1,0.7897026996,0.3683168105,171.527173,-7.760553786,0.9816407299,0.6106107747,FALSE
7.5G,8,28,0.123,0.494,59.1,0.7865736819,0.3956723432,171.9661119,-8.667025986,0.9913970161,0.6061595478,FALSE
7.5G,8,30,0.105,0.507,59.1,0.7830640434,0.4265280431,172.3559935,-9.637917293,1.001765804,0.6002871292,FALSE
10G,8,2,0.2957,0.3293,59.1,0.827854962,0.03625927446,171.3814796,0.6904687777,0.8106359615,0.7668588968,TRUE
10G,8,4,0.2828,0.3403,59.1,0.8242608587,0.06675027261,171.9330151,0.6001826546,0.8318062717,0.7545465057,TRUE
10G,8,6,0.2693,0.3512,59.1,0.8206926589,0.09710886723,172.4245152,0.4921105942,0.8515184251,0.7435677394,TRUE
10G,8,8,0.2564,0.3611,59.1,0.8174319998,0.1249248809,172.8550086,0.3610670312,0.8684810086,0.7346161129,TRUE
10G,8,10,0.243,0.371,59.1,0.8141612657,0.1529035945,173.2513427,0.09991966195,0.884558509,0.7264857815,TRUE
10G,8,12,0.2282,0.3811,59.1,0.8106962209,0.1825988604,173.734365,-1.166572298,0.9006283154,0.7195736294,FALSE
10G,8,14,0.2148,0.3903,59.1,0.807606361,0.2091780072,174.0565733,-2.282866836,0.9141819324,0.7134429625,FALSE
10G,8,16,0.2012,0.3992,59.1,0.8045443139,0.2355766807,174.3872406,-3.358007453,0.9269268054,0.7083027258,FALSE
10G,8,18,0.1866,0.4086,59.1,0.8013032465,0.2636021229,174.6994152,-4.458692115,0.9397175025,0.7032801933,FALSE
10G,8,20,0.1734,0.4164,59.1,0.7984338443,0.2884528513,175.0230606,-5.406504049,0.9504562425,0.7002181302,FALSE
10G,8,22,0.159,0.424,59.1,0.7953535239,0.3151673614,175.4258032,-6.397006895,0.9613908534,0.6986777234,FALSE
10G,8,24,0.142,0.433,59.1,0.7917072768,0.3469086529,175.8242735,-7.521634749,0.9736132964,0.6968727651,FALSE
10G,8,26,0.127,0.441,59.1,0.7884742735,0.3751570011,176.119619,-8.475786895,0.9838330398,0.6952311178,FALSE
10G,8,28,0.112,0.448,59.1,0.785238857,0.4034820557,176.4645522,-9.398680963,0.9934666787,0.6954066396,FALSE
2.5BG,8,2,0.294,0.3268,59.1,0.8279039928,0.03563776364,175.6464866,0.688322852,0.8104044997,0.7743619453,TRUE
2.5BG,8,4,0.2791,0.3351,59.1,0.824268614,0.06631055874,176.7395048,0.59247703,0.8318378965,0.7699564766,TRUE
2.5BG,8,6,0.2647,0.3429,59.1,0.8208302554,0.09543777225,177.2545619,0.4826687952,0.8508104813,0.7663649362,TRUE
2.5BG,8,8,0.25,0.35,59.1,0.8174499564,0.1241787458,177.8437687,0.3343794835,0.8683310696,0.7647225395,TRUE
2.5BG,8,10,0.2352,0.3566,59.1,0.8141167852,0.1526309548,178.3717094,-0.1417035368,0.8845822218,0.7643044787,FALSE
2.5BG,8,12,0.2196,0.363,59.1,0.8106540003,0.1823128287,178.8805005,-1.473947506,0.9004573683,0.7650506203,FALSE
2.5BG,8,14,0.2057,0.3681,59.1,0.8076041987,0.20856681,179.3319392,-2.612968939,0.9136357258,0.7669413224,FALSE
2.5BG,8,16,0.1915,0.3732,59.1,0.8044700707,0.2356481726,179.7044913,-3.743132722,0.9264489295,0.7690383407,FALSE
2.5BG,8,18,0.1759,0.3782,59.1,0.8010247193,0.2655527512,180.1158383,-4.944512485,0.9397158349,0.7724818382,FALSE
2.5BG,8,20,0.162,0.383,59.1,0.7978865132,0.2928773349,180.3566577,-5.99048409,0.9511249921,0.7747727592,FALSE
2.5BG,8,22,0.148,0.387,59.1,0.7947140836,0.3206336438,180.6604437,-7.015331455,0.9619968759,0.7786512826,FALSE
2.5BG,8,24,0.132,0.392,59.1,0.7909862109,0.3533461354,180.8918246,-8.160953796,0.9740275674,0.7821272512,FALSE
2.5BG,8,26,0.116,0.396,59.1,0.7871846675,0.3868938291,181.1816286,-9.280523684,0.9854450458,0.7874071538,FALSE
5BG,8,2,0.2919,0.3228,59.1,0.828090974,0.03416854024,182.440751,0.6877691333,0.8093662554,0.7857960016,TRUE
5BG,8,4,0.2752,0.3278,59.1,0.8245082354,0.06461984333,183.2915452,0.5885089434,0.830572671,0.79047003,TRUE
5BG,8,6,0.2588,0.3318,59.1,0.8210702308,0.09406228619,184.0331699,0.4707940627,0.8495621448,0.7969589295,TRUE
5BG,8,8,0.2419,0.3352,59.1,0.8175533435,0.1244012,184.6694422,0.2965750033,0.8677099859,0.8050356846,TRUE
5BG,8,10,0.2264,0.3383,59.1,0.8142632775,0.1529014919,184.987792,-0.4283235621,0.8836081951,0.8122517357,FALSE
5BG,8,12,0.2101,0.3412,59.1,0.8107594504,0.1834225601,185.2701317,-1.817772155,0.899474945,0.820402671,FALSE
5BG,8,14,0.1958,0.3432,59.1,0.8076530074,0.210667087,185.5425634,-3.009265215,0.9126759575,0.8285414459,FALSE
5BG,8,16,0.1814,0.345,59.1,0.8044491329,0.2388967974,185.7635084,-4.19267577,0.9254972025,0.8370020099,FALSE
5BG,8,18,0.165,0.346,59.1,0.8007397428,0.2718896943,186.1062077,-5.517480881,0.9393596181,0.8486557825,FALSE
5BG,8,20,0.151,0.348,59.1,0.7973663895,0.3017688849,186.1180962,-6.647390815,0.9512071339,0.8559346905,FALSE
5BG,8,22,0.138,0.349,59.1,0.7941647285,0.3303777739,186.2246925,-7.683841508,0.9617344669,0.8643701621,FALSE
5BG,8,24,0.122,0.351,59.1,0.7900075336,0.3674782635,186.1968443,-8.949629429,0.9745382982,0.8729143234,FALSE
5BG,8,26,0.105,0.352,59.1,0.7853731739,0.4092152738,186.258117,-10.28556779,0.9875987363,0.8841322001,FALSE
7.5BG,8,2,0.29,0.3183,59.1,0.8283879654,0.03243186892,190.6802529,0.6893656221,0.80766392,0.7982837359,TRUE
7.5BG,8,4,0.2718,0.32,59.1,0.8249156546,0.06262283644,190.652852,0.5885649772,0.8283546721,0.811894239,TRUE
7.5BG,8,6,0.2525,0.3198,59.1,0.8213625546,0.09419776099,191.6759447,0.4571774814,0.8480328034,0.8305279489,TRUE
7.5BG,8,8,0.2352,0.3198,59.1,0.8180095274,0.1240437714,191.8732095,0.2728553267,0.8653015305,0.8463773389,TRUE
7.5BG,8,10,0.2184,0.3196,59.1,0.8146296216,0.1542818311,191.9260679,-0.6690836719,0.8815420773,0.8618687314,FALSE
7.5BG,8,12,0.201,0.3188,59.1,0.8110155984,0.1869065935,192.0147815,-2.162551364,0.8977012539,0.8789326146,FALSE
7.5BG,8,14,0.1868,0.3179,59.1,0.8079346104,0.2148711763,192.0362412,-3.383208231,0.910564485,0.893177704,FALSE
7.5BG,8,16,0.1721,0.3168,59.1,0.8045902544,0.2453453846,192.0033622,-4.652281881,0.9236448019,0.9080900673,FALSE
7.5BG,8,18,0.155,0.314,59.1,0.8005609284,0.2827202971,192.1647666,-6.129867967,0.9381828534,0.9287266902,FALSE
7.5BG,8,20,0.142,0.311,59.1,0.797321523,0.3131664159,192.3287326,-7.26842035,0.9489605766,0.9463179849,FALSE
7.5BG,8,22,0.127,0.309,59.1,0.7931938301,0.351343184,192.1526418,-8.607642926,0.961808511,0.9630132091,FALSE
7.5BG,8,24,0.111,0.307,59.1,0.7883929621,0.3957330193,191.8723797,-10.05456812,0.975472626,0.9803207666,FALSE
10BG,8,2,0.2894,0.3152,59.1,0.828722553,0.03054964437,196.9524719,0.6939255045,0.8056824025,0.8062488691,TRUE
10BG,8,4,0.2686,0.313,59.1,0.8252712904,0.06202204947,197.6896078,0.5877220697,0.8264219406,0.8315164068,TRUE
10BG,8,6,0.2489,0.3099,59.1,0.8219333894,0.09301346237,198.2037654,0.4582885088,0.8450055952,0.8572986055,TRUE
10BG,8,8,0.2302,0.3063,59.1,0.8186276155,0.1240822076,198.4577903,0.2625143903,0.8620805986,0.8829054163,TRUE
10BG,8,10,0.212,0.3025,59.1,0.8152019345,0.1564420456,198.4413626,-0.8314423826,0.8784885205,0.9081971059,FALSE
10BG,8,12,0.1937,0.2978,59.1,0.8115700067,0.1912486202,198.4643088,-2.418330429,0.8945453507,0.9355096011,FALSE
10BG,8,14,0.1788,0.2936,59.1,0.8083956351,0.2218577044,198.3886395,-3.742245515,0.9075372167,0.958541533,FALSE
10BG,8,16,0.161,0.288,59.1,0.8042941221,0.261699162,198.2336837,-5.36870294,0.9229832901,0.987450611,FALSE
10BG,8,18,0.145,0.282,59.1,0.8002704278,0.3013159518,198.1110542,-6.88123652,0.9367363493,1.01595608,FALSE
10BG,8,20,0.133,0.278,59.1,0.7968892224,0.3341273889,197.7929234,-8.058755214,0.9474229441,1.036102202,FALSE
10BG,8,22,0.118,0.273,59.1,0.7921976598,0.379503845,197.287041,-9.579177704,0.9609899781,1.061368842,FALSE
2.5B,8,2,0.2897,0.3124,59.1,0.8291795114,0.02787958769,203.7331045,0.7021455378,0.8029171744,0.812666889,TRUE
2.5B,8,4,0.2668,0.3067,59.1,0.8258096517,0.06055130707,204.4959102,0.5935366901,0.823418631,0.8483891474,TRUE
2.5B,8,6,0.2462,0.3,59.1,0.8227240641,0.09154736954,205.2342055,0.4671189094,0.8407820334,0.8838553632,TRUE
2.5B,8,8,0.2264,0.2923,59.1,0.8196299849,0.1235247963,205.763396,0.2742063634,0.8568963402,0.9208488247,TRUE
2.5B,8,10,0.2066,0.2839,59.1,0.816267896,0.1586435554,205.87418,-0.8778619298,0.8730199769,0.9596411132,FALSE
2.5B,8,12,0.1877,0.2752,59.1,0.8127295712,0.1959077787,205.7217575,-2.550322219,0.8885413515,0.9986898808,FALSE
2.5B,8,14,0.172,0.266,59.1,0.8096394887,0.2301492667,205.8976695,-3.991442806,0.9008432972,1.036901778,FALSE
2.5B,8,16,0.152,0.256,59.1,0.8048344826,0.280538498,205.0913438,-5.993003091,0.9182901238,1.08170546,FALSE
2.5B,8,18,0.137,0.245,59.1,0.8009465274,0.3246689648,205.028241,-7.591786169,0.9304368837,1.126526262,FALSE
2.5B,8,20,0.123,0.235,59.1,0.796564569,0.373016178,204.5398907,-9.217981886,0.9426985536,1.168974866,FALSE
5B,8,2,0.2908,0.3096,59.1,0.8297860161,0.02445194947,212.7968515,0.7141921918,0.7991861062,0.8183523406,TRUE
5B,8,4,0.2671,0.2998,59.1,0.8268615951,0.056302153,213.6992411,0.6138135907,0.8173996741,0.8650300511,TRUE
5B,8,6,0.2457,0.2888,59.1,0.8242156776,0.08722529287,214.774907,0.498689266,0.8326927469,0.9124294366,TRUE
5B,8,8,0.2237,0.2761,59.1,0.821304755,0.1224535167,215.2297051,0.3148617968,0.8481951653,0.9652255679,TRUE
5B,8,10,0.204,0.263,59.1,0.8185224066,0.1579079162,215.5423209,-0.5725187217,0.86172141,1.018170282,FALSE
5B,8,12,0.182,0.247,59.1,0.8149807457,0.2038707516,215.3869334,-2.548462793,0.8771721105,1.083294247,FALSE
5B,8,14,0.166,0.236,59.1,0.8117467058,0.2430849283,214.4046614,-4.165071789,0.8898981374,1.130596788,FALSE
5B,8,16,0.148,0.221,59.1,0.807683017,0.2955299672,213.6092607,-6.150184177,0.9037234517,1.194826603,FALSE
5B,8,18,0.132,0.207,59.1,0.8031231083,0.352996631,212.454492,-8.155439439,0.9170077464,1.257788425,FALSE
7.5B,8,2,0.2922,0.3077,59.1,0.8303188836,0.02162153488,221.6693948,0.7254025696,0.7958559118,0.8216004971,TRUE
7.5B,8,4,0.2688,0.2956,59.1,0.8278165489,0.05214885424,221.3635346,0.6350355969,0.8118121369,0.8739034264,TRUE
7.5B,8,6,0.2472,0.2821,59.1,0.8255400349,0.08286298676,222.2302465,0.5314372935,0.8253580597,0.9283770922,TRUE
7.5B,8,8,0.2252,0.2668,59.1,0.8230694277,0.1179121839,222.5226643,0.3776248879,0.8389217983,0.9891167307,TRUE
7.5B,8,10,0.205,0.25,59.1,0.8207963152,0.1546796836,223.1793365,-0.06676800288,0.8502552679,1.054698497,FALSE
7.5B,8,12,0.184,0.233,59.1,0.8177519202,0.1996248016,222.2351406,-1.973025539,0.8639023137,1.124949477,FALSE
7.5B,8,14,0.168,0.219,59.1,0.8150285638,0.2402479122,221.2847904,-3.601370827,0.8746451596,1.184939909,FALSE
7.5B,8,16,0.151,0.204,59.1,0.8113669498,0.2919146327,219.6610666,-5.574638039,0.8873462194,1.253110157,FALSE
10B,8,2,0.2935,0.3062,59.1,0.8307773913,0.01958568058,230.8887194,0.7350913801,0.7929598133,0.8239906519,TRUE
10B,8,4,0.2718,0.2911,59.1,0.8290918761,0.04726543714,232.544638,0.6640101394,0.8041847687,0.8824509205,TRUE
10B,8,6,0.2512,0.276,59.1,0.8273515116,0.07627236274,232.1607815,0.5791515534,0.8150456211,0.9408419609,TRUE
10B,8,8,0.2294,0.2587,59.1,0.825380357,0.1107897053,231.5577132,0.4565659922,0.8264473079,1.008093376,FALSE
10B,8,10,0.21,0.242,59.1,0.8234676629,0.1459978375,230.8535732,0.2713989061,0.8365322195,1.074403102,FALSE
10B,8,12,0.19,0.224,59.1,0.8211285122,0.1883635021,229.5435112,-0.9819819737,0.8475529793,1.14922325,FALSE
10B,8,14,0.174,0.206,59.1,0.8194337133,0.2296537338,229.3664611,-2.506217121,0.8540699014,1.226116253,FALSE
2.5PB,8,2,0.2957,0.3047,59.1,0.8313988996,0.01723144161,245.4260253,0.7487989145,0.788971536,0.8255125005,TRUE
2.5PB,8,4,0.2758,0.2879,59.1,0.8303767122,0.04300101135,245.10493,0.6941383337,0.7962814178,0.8868613757,TRUE
2.5PB,8,6,0.2562,0.2709,59.1,0.8292602457,0.0707594274,243.8018597,0.6276545833,0.8038082457,0.9500019094,TRUE
2.5PB,8,8,0.237,0.253,59.1,0.8281651848,0.1012217391,242.9168539,0.5455478021,0.8107599409,1.017722449,FALSE
2.5PB,8,10,0.218,0.235,59.1,0.8268648466,0.1351432186,241.293131,0.4281870763,0.8182786849,1.089131618,FALSE
2.5PB,8,12,0.202,0.217,59.1,0.8260736359,0.1689887432,241.0538809,0.2728953463,0.8222918762,1.162586389,FALSE
2.5PB,8,14,0.185,0.199,59.1,0.8246561473,0.2098589617,239.1551019,-0.7755021372,0.8286761778,1.242909138,FALSE
5PB,8,2,0.2974,0.3039,59.1,0.8318249767,0.01612199371,257.1348117,0.7583877431,0.7861985576,0.8258110045,TRUE
5PB,8,4,0.2798,0.2861,59.1,0.8314424916,0.04022094679,256.8469974,0.7196027015,0.7895421087,0.8877122955,TRUE
5PB,8,6,0.2614,0.267,59.1,0.831039105,0.06757221495,255.7751186,0.6710948791,0.7929587727,0.9558913081,TRUE
5PB,8,8,0.244,0.249,59.1,0.8305412962,0.0956154469,253.9495539,0.612428347,0.7967209824,1.023161399,FALSE
5PB,8,10,0.227,0.229,59.1,0.8304193128,0.1276095445,253.6001815,0.5452646265,0.7980008674,1.100336529,FALSE
5PB,8,12,0.214,0.214,59.1,0.8301904671,0.1543669946,252.4365532,0.4736930392,0.7995240203,1.162448425,FALSE
5PB,8,14,0.2,0.194,59.1,0.8307944257,0.1901413774,252.8458321,0.3819065189,0.7959023183,1.249114541,FALSE
7.5PB,8,2,0.3003,0.3034,59.1,0.8324165351,0.01508804886,275.4371493,0.7724046841,0.7822773959,0.8241860363,TRUE
7.5PB,8,4,0.2856,0.2846,59.1,0.8328028188,0.03840338725,273.5594243,0.7522035789,0.7806847469,0.8860716125,TRUE
7.5PB,8,6,0.2702,0.2648,59.1,0.8332759948,0.0643886114,272.1592497,0.7272861667,0.7786452794,0.9538126855,TRUE
7.5PB,8,8,0.255,0.244,59.1,0.8340609931,0.09331678324,271.7639263,0.701207474,0.774678914,1.02809343,FALSE
7.5PB,8,10,0.241,0.224,59.1,0.8350886736,0.1232166826,271.4445222,0.6743068906,0.7691287068,1.104125091,FALSE
7.5PB,8,12,0.232,0.21,59.1,0.8361268185,0.14548202,271.6476641,0.6576153423,0.7631623327,1.16044665,FALSE
7.5PB,8,14,0.221,0.193,59.1,0.8375523525,0.1746767548,271.3928969,0.6324827739,0.7547883547,1.234177954,FALSE
10PB,8,2,0.3027,0.3035,59.1,0.8328232857,0.01481983455,289.3843248,0.7825508672,0.7795278395,0.8215640689,TRUE
10PB,8,4,0.2911,0.2848,59.1,0.833807181,0.03763433184,287.1518553,0.7776054541,0.7738987405,0.8802654261,TRUE
10PB,8,6,0.2792,0.2649,59.1,0.8350974689,0.06338795127,286.8363777,0.7737410964,0.7663428772,0.9450840415,TRUE
10PB,8,8,0.2677,0.2443,59.1,0.8368340305,0.09204677663,287.3453593,0.7734912209,0.7558339307,1.015451978,FALSE
10PB,8,10,0.257,0.225,59.1,0.8387652695,0.1210399453,287.4679848,0.7736520081,0.743889755,1.086157504,FALSE
10PB,8,12,0.248,0.211,59.1,0.8400685691,0.1432697286,286.2593975,0.7659789692,0.7359518213,1.142264019,FALSE
10PB,8,14,0.24,0.196,59.1,0.8421172747,0.1691649891,286.435256,0.7677028081,0.7227003885,1.205070628,FALSE
10PB,8,16,0.233,0.185,59.1,0.8434947165,0.189085703,285.551495,0.760922933,0.7138571146,1.25547174,FALSE
2.5P,8,2,0.3048,0.304,59.1,0.8331118176,0.01471178547,300.3293718,0.7902916894,0.7775377452,0.8182435985,TRUE
2.5P,8,4,0.2962,0.285,59.1,0.8347237232,0.03874138644,299.4324512,0.8001599027,0.767561394,0.8748055822,TRUE
2.5P,8,6,0.2881,0.2671,59.1,0.8364521178,0.06282359154,299.2195383,0.8105768305,0.7566695274,0.9305343446,TRUE
2.5P,8,8,0.28,0.2488,59.1,0.8385123973,0.08923850714,299.323579,0.8234440809,0.7433685721,0.9904760745,TRUE
2.5P,8,10,0.274,0.231,59.1,0.8412464405,0.118106927,301.1422055,0.8472231897,0.7248069412,1.050836501,FALSE
2.5P,8,12,0.268,0.218,59.1,0.8431344145,0.1396609382,300.7841938,0.8578811032,0.7118755314,1.099354516,FALSE
2.5P,8,14,0.263,0.204,59.1,0.8457962276,0.1655884741,301.5647522,0.878708829,0.6926705226,1.153531878,FALSE
2.5P,8,16,0.259,0.194,59.1,0.8478117717,0.1850084064,301.7483526,0.8925511097,0.6776990803,1.195080595,FALSE
2.5P,8,18,0.255,0.183,59.1,0.8503832687,0.2080813246,302.1909927,0.9114812234,0.6577510763,1.243148227,FALSE
5P,8,2,0.3065,0.3047,59.1,0.8332969673,0.0145651967,308.511833,0.7957601838,0.7762317069,0.8148226821,TRUE
5P,8,4,0.3012,0.2868,59.1,0.8353298308,0.03876081548,309.2358878,0.8173923676,0.7631754522,0.8652536409,TRUE
5P,8,6,0.2963,0.2704,59.1,0.837411846,0.06240565388,309.5030248,0.8387708188,0.7494447006,0.9135931093,TRUE
5P,8,8,0.2914,0.2534,59.1,0.8398795869,0.08882348748,309.949874,0.8637831552,0.7326282051,0.9661426072,TRUE
5P,8,10,0.287,0.238,59.1,0.8424136553,0.1146107627,310.324124,0.8887472779,0.7147129057,1.016502454,FALSE
5P,8,12,0.283,0.224,59.1,0.8450043529,0.1398036757,310.636722,0.9134912015,0.6956584443,1.065050845,FALSE
5P,8,14,0.28,0.211,59.1,0.8478673761,0.1656672436,311.3716594,0.9419554333,0.6734692752,1.112243777,FALSE
5P,8,16,0.278,0.201,59.1,0.8503783949,0.1872794407,312.0466838,0.9669911889,0.6529690488,1.150376928,FALSE
5P,8,18,0.276,0.191,59.1,0.8531314964,0.2102877546,312.6532373,0.9936859909,0.629310447,1.190629055,FALSE
5P,8,20,0.273,0.179,59.1,0.8566500808,0.2392148771,313.0282671,1.025167299,0.597206995,1.242729497,FALSE
5P,8,22,0.27,0.168,59.1,0.8602136476,0.2675828316,313.2563308,1.055358996,0.5620304385,1.294324011,FALSE
7.5P,8,2,0.3107,0.307,59.1,0.8336579328,0.01452349679,328.0723572,0.8076059043,0.773611722,0.8049565228,TRUE
7.5P,8,4,0.3114,0.2915,59.1,0.8363454469,0.04007562819,327.5675961,0.8479742207,0.7555251795,0.8430719132,TRUE
7.5P,8,6,0.3114,0.2785,59.1,0.8386938498,0.06227456463,326.962743,0.8808237477,0.7391025922,0.876982488,TRUE
7.5P,8,8,0.3116,0.2626,59.1,0.8418822232,0.09156458233,326.9027592,0.923791961,0.7157067334,0.9202314582,TRUE
7.5P,8,10,0.3116,0.2497,59.1,0.8446982808,0.1168937016,326.8636676,0.9598701506,0.693917043,0.9573349557,TRUE
7.5P,8,12,0.3117,0.237,59.1,0.847752562,0.1436829789,326.9594425,0.9976799869,0.668902428,0.9956515067,TRUE
7.5P,8,14,0.311,0.224,59.1,0.8510241195,0.1720935715,326.7366864,1.035405822,0.6404669984,1.037903159,FALSE
7.5P,8,16,0.311,0.214,59.1,0.853893849,0.1961709844,326.8647874,1.068335892,0.6136523335,1.071640521,FALSE
7.5P,8,18,0.311,0.204,59.1,0.8570072232,0.2217716077,327.0055288,1.103003353,0.5823591215,1.1071264,FALSE
7.5P,8,20,0.311,0.194,59.1,0.8603975963,0.2490745153,327.1572951,1.139632171,0.5451359211,1.144588398,FALSE
7.5P,8,22,0.311,0.184,59.1,0.8641048608,0.2782898161,327.3190901,1.178485969,0.4996741916,1.184294194,FALSE
7.5P,8,24,0.311,0.173,59.1,0.8686066257,0.3129334104,327.5079699,1.2241706,0.435176932,1.230943293,FALSE
7.5P,8,26,0.311,0.162,59.1,0.8736293475,0.3505913885,327.7079452,1.273433496,0.3433172346,1.281206211,FALSE
10P,8,2,0.3131,0.3084,59.1,0.8338469998,0.01506831574,338.6422719,0.8139940873,0.7722161457,0.7991043791,TRUE
10P,8,4,0.3175,0.2955,59.1,0.8367230967,0.04048378253,337.7584533,0.8622432163,0.7524429943,0.8267655703,TRUE
10P,8,6,0.3213,0.2829,59.1,0.8396436458,0.06614786905,337.1917787,0.9081066871,0.7313064022,0.8554440392,TRUE
10P,8,8,0.325,0.27,59.1,0.8428243201,0.09380024211,336.8581163,0.9554027803,0.7069256013,0.8863370131,TRUE
10P,8,10,0.3282,0.2582,59.1,0.8459223525,0.12043241,336.6275391,0.9992084327,0.6816495803,0.9161229235,TRUE
10P,8,12,0.3312,0.247,59.1,0.8490755929,0.1471929543,336.4936712,1.041979967,0.6541415796,0.9457693281,FALSE
10P,8,14,0.3342,0.2349,59.1,0.8527068202,0.1776384166,336.3357347,1.089054773,0.6198995465,0.9796956835,FALSE
10P,8,16,0.337,0.225,59.1,0.8559793439,0.2046047934,336.3624378,1.130368225,0.58612227,1.008540153,FALSE
10P,8,18,0.339,0.217,59.1,0.8587456752,0.2271895918,336.3198382,1.163989855,0.5550649248,1.033171514,FALSE
10P,8,20,0.341,0.207,59.1,0.8623436899,0.2562889445,336.1662324,1.205918472,0.5104447724,1.065952343,FALSE
10P,8,22,0.344,0.196,59.1,0.8668115453,0.2916974437,336.2270801,1.257321306,0.4453667855,1.103314617,FALSE
10P,8,24,0.346,0.186,59.1,0.8710833833,0.3251076662,336.1397401,1.30402416,0.368155801,1.140234597,FALSE
10P,8,26,0.348,0.176,59.1,0.8757471031,0.3609560367,336.0816907,1.353520806,0.2479871327,1.179555241,FALSE
2.5RP,8,2,0.3154,0.31,59.1,0.8339852446,0.01563465996,348.3212368,0.8193966123,0.7711563398,0.7928630424,TRUE
2.5RP,8,4,0.3239,0.3,59.1,0.8370523508,0.04156999903,348.0182635,0.875763874,0.7496412835,0.8089172714,TRUE
2.5RP,8,6,0.3327,0.2898,59.1,0.8403424262,0.06922967894,347.9794306,0.9327242382,0.7250299768,0.8258363936,TRUE
2.5RP,8,8,0.3406,0.2793,59.1,0.8436919704,0.09734337532,347.4431435,0.9868057579,0.6982190965,0.8452332551,TRUE
2.5RP,8,10,0.3479,0.2699,59.1,0.8468790934,0.1239072475,347.2238789,1.036082868,0.6707527178,0.8631044977,FALSE
2.5RP,8,12,0.3552,0.2594,59.1,0.8504744619,0.1537617783,346.8079829,1.08873512,0.6372070539,0.884872747,FALSE
2.5RP,8,14,0.3621,0.2496,59.1,0.8540350687,0.1831041019,346.543742,1.138914465,0.600693867,0.9060570805,FALSE
2.5RP,8,16,0.369,0.24,59.1,0.8577441301,0.2134302656,346.369268,1.189448407,0.5583191637,0.9276457688,FALSE
2.5RP,8,18,0.373,0.233,59.1,0.8603993878,0.2350764658,346.0620484,1.223826992,0.5247916832,0.9451662795,FALSE
2.5RP,8,20,0.379,0.224,59.1,0.8641455296,0.2653272628,345.8787313,1.271787441,0.4709661633,0.9676928871,FALSE
2.5RP,8,22,0.385,0.215,59.1,0.8681146543,0.2971110945,345.7217382,1.321161868,0.4022219141,0.9913460253,FALSE
2.5RP,8,24,0.389,0.206,59.1,0.8719632317,0.3277610867,345.2908219,1.366165023,0.3166780092,1.018447294,FALSE
2.5RP,8,26,0.394,0.197,59.1,0.8762644915,0.3616169371,345.0564631,1.41611472,0.1571701498,1.045861869,FALSE
5RP,8,2,0.318,0.312,59.1,0.8341092412,0.01648245359,358.6744536,0.8249376622,0.7701678313,0.7853428678,TRUE
5RP,8,4,0.3308,0.3052,59.1,0.8373338927,0.04341512709,358.4530249,0.8887857157,0.7471107861,0.7888312571,TRUE
5RP,8,6,0.344,0.2978,59.1,0.8407813705,0.07209636453,358.106662,0.9524344795,0.7206174224,0.7935558148,TRUE
5RP,8,8,0.357,0.29,59.1,0.8443413164,0.1015921933,357.680835,1.014111796,0.6909954483,0.7997368158,FALSE
5RP,8,10,0.3685,0.2828,59.1,0.8476230058,0.1286757632,357.3272029,1.068104654,0.6613228021,0.8062311771,FALSE
5RP,8,12,0.3818,0.2742,59.1,0.8515787167,0.1611851984,356.954446,1.130234584,0.6219535059,0.8148225599,FALSE
5RP,8,14,0.393,0.267,59.1,0.854997563,0.189160617,356.7297909,1.181929005,0.5840153834,0.8222695145,FALSE
5RP,8,16,0.402,0.26,59.1,0.8581123247,0.2145482774,356.2827764,1.226765971,0.5457067748,0.8319682523,FALSE
5RP,8,18,0.411,0.253,59.1,0.8613255977,0.2406385146,355.9100675,1.271817231,0.501170092,0.8420451877,FALSE
5RP,8,20,0.42,0.245,59.1,0.8649230364,0.269725737,355.395184,1.320327334,0.4432832672,0.8555569928,FALSE
5RP,8,22,0.429,0.237,59.1,0.8686702465,0.2998789096,354.9555693,1.369598379,0.3687399256,0.8696778515,FALSE
5RP,8,24,0.437,0.23,59.1,0.8721022547,0.3273613251,354.6314643,1.413788532,0.2763154061,0.8824240354,FALSE
7.5RP,8,2,0.32,0.3136,59.1,0.8341935667,0.01736819687,5.966820981,0.8289772876,0.7694786755,0.7794106433,TRUE
7.5RP,8,4,0.336,0.3092,59.1,0.8375240099,0.04542184325,5.644846592,0.8979644567,0.7453482946,0.7735058077,TRUE
7.5RP,8,6,0.3521,0.3042,59.1,0.8409598984,0.07417592915,5.196519984,0.9640497552,0.7184738182,0.7687634193,TRUE
7.5RP,8,8,0.3682,0.2983,59.1,0.844562649,0.1041046048,4.533735964,1.02873069,0.6878601603,0.7661227167,FALSE
7.5RP,8,10,0.383,0.293,59.1,0.8478714825,0.1314983659,4.262284549,1.08550371,0.6571045527,0.763267806,FALSE
7.5RP,8,12,0.4002,0.2859,59.1,0.8519408422,0.1649611476,3.736035175,1.151639869,0.6152451384,0.7623108881,FALSE
7.5RP,8,14,0.414,0.28,59.1,0.8552942784,0.1924077666,3.38484056,1.20398554,0.5765543814,0.7620623779,FALSE
7.5RP,8,16,0.426,0.274,59.1,0.8584511774,0.2180929901,2.906528998,1.251212835,0.5358667562,0.764259219,FALSE
7.5RP,8,18,0.438,0.267,59.1,0.861913662,0.2461132011,2.268487946,1.30096892,0.485027187,0.7693972333,FALSE
7.5RP,8,20,0.449,0.261,59.1,0.8650595265,0.271508494,1.878286666,1.345389398,0.4306254177,0.7730914487,FALSE
7.5RP,8,22,0.46,0.255,59.1,0.8682762526,0.2973866981,1.544349607,1.389878379,0.362585519,0.7769349426,FALSE
10RP,8,2,0.3218,0.3152,59.1,0.8342437266,0.01819526903,12.39248536,0.8321887149,0.7690291086,0.7736865101,TRUE
10RP,8,4,0.3412,0.3135,59.1,0.8376587401,0.0476143351,12.51977832,0.9061047154,0.7439758317,0.7574467107,TRUE
10RP,8,6,0.36,0.3112,59.1,0.8409948951,0.07606205688,12.24899343,0.9730041666,0.7174637028,0.7427028017,TRUE
10RP,8,8,0.38,0.3082,59.1,0.8445704223,0.106284056,11.95987293,1.040303999,0.6864800238,0.7277287545,FALSE
10RP,8,10,0.3983,0.3049,59.1,0.8478943883,0.1341300887,11.65468901,1.09952783,0.6549083317,0.7148215405,FALSE
10RP,8,12,0.422,0.3,59.1,0.8522717353,0.1704894581,11.28304293,1.173668488,0.608367569,0.6988472848,FALSE
10RP,8,14,0.439,0.297,59.1,0.8552824819,0.1954760375,11.35454465,1.22329002,0.572111968,0.6853737439,FALSE
10RP,8,16,0.453,0.293,59.1,0.8580712255,0.2182286926,10.95068449,1.266845329,0.5350170949,0.6779677641,FALSE
10RP,8,18,0.469,0.289,59.1,0.861140518,0.2432749022,10.77671091,1.314145901,0.4886137168,0.667523663,FALSE
10RP,8,20,0.484,0.284,59.1,0.8643122033,0.2688522028,10.33718022,1.36102551,0.4327890812,0.660818727,FALSE
2.5R,8,2,0.3236,0.3169,59.1,0.834277819,0.01912073661,18.54834576,0.8351234515,0.768686688,0.7677243923,TRUE
2.5R,8,4,0.346,0.3177,59.1,0.8377417071,0.04985558277,18.56970233,0.9128207121,0.743006059,0.7420594735,TRUE
2.5R,8,6,0.3671,0.3175,59.1,0.8410222563,0.07848342507,18.18788889,0.9806083218,0.716603893,0.7192444395,TRUE
2.5R,8,8,0.39,0.3171,59.1,0.8444864863,0.1085469844,18.22285511,1.048263287,0.6861287267,0.6937892311,FALSE
2.5R,8,10,0.4125,0.316,59.1,0.8479010526,0.1378063946,18.13862612,1.111282353,0.653103953,0.6692699695,FALSE
2.5R,8,12,0.439,0.314,59.1,0.8519320668,0.1719523344,18.03409662,1.182027068,0.6094740256,0.6404155729,FALSE
2.5R,8,14,0.46,0.311,59.1,0.8553243029,0.2000945898,17.60968965,1.238282856,0.5680699806,0.619815222,FALSE
2.5R,8,16,0.476,0.308,59.1,0.858024098,0.222208555,17.19226314,1.28138108,0.5311924355,0.605187084,FALSE
2.5R,8,18,0.493,0.306,59.1,0.8606287657,0.2437829524,17.26605398,1.323027459,0.4909161244,0.58544753,FALSE
2.5R,8,20,0.51,0.303,59.1,0.8634194619,0.2665264129,17.10410953,1.366050891,0.4415790332,0.567443924,FALSE
5R,8,2,0.3254,0.3186,59.1,0.8343113825,0.02022919178,24.07456619,0.8380136,0.7683477254,0.7617657701,TRUE
5R,8,4,0.351,0.3224,59.1,0.8377737202,0.05234671445,24.71458113,0.9188415882,0.7423927053,0.7252371283,TRUE
5R,8,6,0.3743,0.3248,59.1,0.8409001963,0.08073595689,24.61284785,0.9859288452,0.7169233453,0.6931660682,TRUE
5R,8,8,0.4001,0.3263,59.1,0.8443704554,0.111596444,24.32225935,1.055320279,0.6860955666,0.6587244795,FALSE
5R,8,10,0.4249,0.327,59.1,0.8476789765,0.1406073965,24.16143553,1.117852208,0.6537583638,0.6254832055,FALSE
5R,8,12,0.454,0.326,59.1,0.8517212267,0.1751073462,23.61558457,1.189548732,0.6096922745,0.5883351355,FALSE
5R,8,14,0.476,0.325,59.1,0.8547291837,0.2006125174,23.45559953,1.240963485,0.5727029254,0.5586182853,FALSE
5R,8,16,0.494,0.324,59.1,0.8571716795,0.2211980405,23.41704911,1.28164296,0.5393520173,0.533078699,FALSE
5R,8,18,0.513,0.322,59.1,0.8598874886,0.2436472267,23.18468617,1.325280094,0.498050539,0.5069174976,FALSE
7.5R,8,2,0.3277,0.3211,59.1,0.834303893,0.02165217186,31.42313993,0.8409054137,0.7682535579,0.75337227,TRUE
7.5R,8,4,0.3564,0.3279,59.1,0.8377411128,0.05524136194,31.25389733,0.9241675999,0.7422265704,0.7060325056,TRUE
7.5R,8,6,0.383,0.3335,59.1,0.8407786469,0.08459594358,31.64928998,0.9922602463,0.7171416484,0.6618027775,TRUE
7.5R,8,8,0.4118,0.3385,59.1,0.8439969157,0.1150909735,31.93351244,1.05964543,0.6881845914,0.613692877,FALSE
7.5R,8,10,0.4388,0.3419,59.1,0.8470276556,0.1430266903,31.95507299,1.119158296,0.658402804,0.5685070627,FALSE
7.5R,8,12,0.47,0.345,59.1,0.8504667636,0.1743195436,32.14106974,1.183518139,0.6210314279,0.513395224,FALSE
7.5R,8,14,0.492,0.344,59.1,0.8533198308,0.1982369351,31.21258282,1.232467696,0.5870687316,0.4794295519,FALSE
7.5R,8,16,0.514,0.344,59.1,0.855933297,0.2207312033,31.06025494,1.277005555,0.5524175433,0.4388175141,FALSE
7.5R,8,18,0.536,0.343,59.1,0.8586585694,0.2436519356,30.78476985,1.321776973,0.5121655795,0.3962848257,FALSE
7.5R,8,20,0.553,0.343,59.1,0.8605850841,0.2602793492,30.98393624,1.353452264,0.4801622849,0.3560194347,FALSE
10R,8,2,0.3301,0.3237,59.1,0.8342973654,0.02344358604,37.99490705,0.8438811983,0.7681480489,0.744643822,TRUE
10R,8,4,0.3621,0.3349,59.1,0.8375276868,0.05826864491,39.02559839,0.9269980814,0.7433705986,0.6828787203,TRUE
10R,8,6,0.391,0.3442,59.1,0.8402641645,0.08753795777,39.97696219,0.9921056131,0.7205441406,0.6261798938,TRUE
10R,8,8,0.4212,0.3526,59.1,0.8430627333,0.1166744602,40.58403738,1.054034724,0.6953341516,0.5660224316,FALSE
10R,8,10,0.449,0.3589,59.1,0.8456535972,0.1426801879,40.82885816,1.107639555,0.6701680134,0.5091894755,FALSE
10R,8,12,0.481,0.365,59.1,0.8486045378,0.1717298773,41.1565382,1.165593389,0.6389976044,0.4383466486,FALSE
10R,8,14,0.507,0.369,59.1,0.8510063746,0.1948889521,41.41506832,1.210616491,0.6113644621,0.3735362587,FALSE
10R,8,16,0.529,0.371,59.1,0.8531661917,0.2147321192,41.34451851,1.2491167,0.5846172159,0.3123330572,FALSE
10R,8,18,0.551,0.374,59.1,0.8550966513,0.2335484679,41.90818313,1.283672048,0.558548459,0.2276360613,FALSE
10R,8,20,0.569,0.374,59.1,0.8570168964,0.2501772992,41.63681665,1.315643924,0.5309365901,0.1379766859,FALSE
10R,8,22,0.588,0.375,59.1,0.8588427495,0.2669132774,41.88107094,1.346238114,0.5021438716,-0.1504464521,FALSE
10R,8,24,0.607,0.375,59.1,0.8607920319,0.2841255132,41.95491338,1.377840296,0.4685056197,-0.4961775439,FALSE
10R,8,26,0.625,0.375,59.1,0.8626067218,0.3003265452,42.17335973,1.406904546,0.4335754508,-0.8237122624,FALSE
2.5YR,8,2,0.3334,0.3276,59.1,0.8342402934,0.0261940716,46.47243632,0.8471575518,0.7683301516,0.7318838851,TRUE
2.5YR,8,4,0.3667,0.3429,59.1,0.8370188301,0.06063075955,47.81343691,0.9242612312,0.7467555121,0.6585978504,TRUE
2.5YR,8,6,0.396,0.3547,59.1,0.839406563,0.08895333729,48.2890593,0.9842658669,0.7268550127,0.594519223,TRUE
2.5YR,8,8,0.4275,0.3662,59.1,0.8418816936,0.1177749357,48.93239747,1.042286363,0.7047509616,0.5228120065,FALSE
2.5YR,8,10,0.4552,0.3761,59.1,0.8438960244,0.1418568615,49.97618403,1.08771938,0.6854580493,0.4527740364,FALSE
2.5YR,8,12,0.4852,0.3847,59.1,0.8462002764,0.1674582218,50.43699071,1.135832932,0.6621068926,0.3699450392,FALSE
2.5YR,8,14,0.513,0.391,59.1,0.8484250314,0.1909048983,50.6022349,1.179505877,0.6380607904,0.2773736535,FALSE
2.5YR,8,16,0.533,0.396,59.1,0.8498817577,0.2072934797,51.20063043,1.207945641,0.6212251849,0.1775995637,FALSE
2.5YR,8,18,0.551,0.399,59.1,0.8513539632,0.2223118903,51.31350356,1.235017036,0.603537356,-0.03293153016,FALSE
2.5YR,8,20,0.566,0.402,59.1,0.8524757957,0.2345879705,51.72706586,1.255751173,0.5893269408,-0.3523480039,FALSE
2.5YR,8,22,0.58,0.403,59.1,0.8537531843,0.246542943,51.57413639,1.277794421,0.5726750724,-0.6101523481,FALSE
2.5YR,8,24,0.592,0.404,59.1,0.8548099102,0.2567351194,51.58988364,1.295937513,0.5582297941,-0.8329000373,FALSE
2.5YR,8,26,0.602,0.405,59.1,0.8556542711,0.2651760308,51.71974596,1.31041955,0.5461997639,-1.02085075,FALSE
5YR,8,2,0.3373,0.333,59.1,0.8340598244,0.02994255733,56.50508352,0.8491942328,0.7693143282,0.7149637923,TRUE
5YR,8,4,0.369,0.351,59.1,0.8361939463,0.06194481306,57.30035448,0.9145164863,0.7525530707,0.636811844,TRUE
5YR,8,6,0.3988,0.3663,59.1,0.8381569995,0.08998865009,57.85136257,0.968763726,0.7362337974,0.5628543408,TRUE
5YR,8,8,0.431,0.382,59.1,0.8401445208,0.118651779,58.92662164,1.020367326,0.7187012148,0.4768903095,FALSE
5YR,8,10,0.4576,0.3938,59.1,0.8417758733,0.1414108673,59.65623204,1.059812601,0.7035965359,0.3981703342,FALSE
5YR,8,12,0.4849,0.405,59.1,0.8434314778,0.1641699812,60.40626712,1.097769477,0.6875557226,0.3009144685,FALSE
5YR,8,14,0.5088,0.4145,59.1,0.8448182306,0.1837743761,61.25862098,1.128571312,0.6734835277,0.1759074847,FALSE
5YR,8,16,0.53,0.421,59.1,0.8462208543,0.2010502899,61.46630847,1.157230232,0.6588590071,-0.1463351608,FALSE
5YR,8,18,0.542,0.425,59.1,0.8469455375,0.2108128083,61.82891232,1.172108595,0.6510016474,-0.4196633858,FALSE
5YR,8,20,0.553,0.427,59.1,0.8478036375,0.2197794615,61.61811942,1.188167608,0.6416650272,-0.6343092669,FALSE
5YR,8,22,0.561,0.431,59.1,0.8480961131,0.2263122551,62.42170512,1.195189159,0.6381771656,-0.8359752514,FALSE
5YR,8,24,0.571,0.433,59.1,0.8488291181,0.2345019541,62.4061803,1.208833169,0.6298905532,-1.029964922,FALSE
5YR,8,26,0.578,0.435,59.1,0.8492594547,0.2402648433,62.63495996,1.217162301,0.6248704702,-1.175111194,FALSE
7.5YR,8,2,0.3395,0.3379,59.1,0.8336969684,0.03267679446,65.72702391,0.8463410781,0.7716313141,0.7011042295,TRUE
7.5YR,8,4,0.3699,0.3586,59.1,0.8352766215,0.0635342908,66.41593424,0.9018742702,0.7590193102,0.6179444736,TRUE
7.5YR,8,6,0.4,0.377,59.1,0.8368892934,0.09191882948,66.64507069,0.9513542231,0.7456548464,0.5353291327,TRUE
7.5YR,8,8,0.4306,0.3952,59.1,0.8383912884,0.1194495139,67.70171104,0.9950195025,0.7325686875,0.4427399878,TRUE
7.5YR,8,10,0.4568,0.41,59.1,0.8396376184,0.1422310213,68.65781201,1.028998552,0.7212989329,0.3504734636,FALSE
7.5YR,8,12,0.4816,0.4232,59.1,0.8408125971,0.1633377808,69.51463266,1.059162992,0.7103560346,0.2364726267,FALSE
7.5YR,8,14,0.5025,0.4338,59.1,0.8417946402,0.1809469357,70.25057623,1.083242188,0.7009609475,0.03335937115,FALSE
7.5YR,8,16,0.5195,0.4424,59.1,0.8425528229,0.1953121474,70.98329087,1.101531329,0.6935138019,-0.3989439897,FALSE
7.5YR,8,18,0.5316,0.448,59.1,0.8431305291,0.2054864673,71.38552676,1.114736189,0.6877873361,-0.6872131339,FALSE
7.5YR,8,20,0.5391,0.4518,59.1,0.8434422624,0.2119121969,71.78036311,1.122124882,0.6846213397,-0.8680204351,FALSE
7.5YR,8,22,0.546,0.454,59.1,0.8438704571,0.2175460253,71.72778362,1.130838557,0.6803798284,-1.009760208,FALSE
7.5YR,8,24,0.553,0.458,59.1,0.8440989062,0.2237307633,72.28352994,1.136675661,0.6779578928,-1.181359762,FALSE
10YR,8,2,0.3407,0.3434,59.1,0.8331107633,0.03562135416,76.31663357,0.8388410892,0.7754890877,0.687009346,TRUE
10YR,8,4,0.3701,0.3674,59.1,0.8341418675,0.06660477381,76.58986283,0.8850766249,0.7669360661,0.5972155954,TRUE
10YR,8,6,0.3994,0.3896,59.1,0.8352217622,0.09535729273,76.9765296,0.9262030119,0.7578475802,0.50551112,TRUE
10YR,8,8,0.428,0.4102,59.1,0.8362631023,0.122152518,77.64229714,0.9620558657,0.7488755908,0.4064958864,TRUE
10YR,8,10,0.4527,0.4268,59.1,0.8372001493,0.1444643296,78.13077491,0.9910447495,0.7406911264,0.3041580487,TRUE
10YR,8,12,0.4753,0.4414,59.1,0.838048934,0.1645699534,78.68644937,1.015763862,0.7331367924,0.1659403331,FALSE
10YR,8,14,0.494,0.453,59.1,0.838754616,0.1810864395,79.1778699,1.035237346,0.7267651561,-0.2094598608,FALSE
10YR,8,16,0.5079,0.4613,59.1,0.8392867652,0.1933394156,79.54519803,1.049291114,0.7219107091,-0.56813611,FALSE
10YR,8,18,0.5179,0.467,59.1,0.8396846357,0.2021267134,79.7792386,1.059365616,0.7182623192,-0.8137084806,FALSE
10YR,8,20,0.5245,0.4709,59.1,0.8399267428,0.2080299005,80.00441985,1.065602117,0.716010948,-0.9747980186,FALSE
10YR,8,22,0.53,0.474,59.1,0.8401406605,0.2129207561,80.15982126,1.070913457,0.7140244783,-1.104606916,FALSE
2.5Y,8,2,0.3406,0.3484,59.1,0.8324151882,0.03852970239,86.29485784,0.8280340459,0.7801048049,0.675592512,TRUE
2.5Y,8,4,0.3684,0.3751,59.1,0.8329325308,0.06979758247,85.95753524,0.8650120423,0.7752990709,0.5814994229,TRUE
2.5Y,8,6,0.3969,0.4009,59.1,0.8335576489,0.09969658712,86.14639436,0.8989763105,0.7697351713,0.4814563326,TRUE
2.5Y,8,8,0.4231,0.4231,59.1,0.8342210136,0.1256980519,86.34323831,0.9279270795,0.7639870605,0.3793031322,TRUE
2.5Y,8,10,0.4469,0.4423,59.1,0.8348601707,0.1485846349,86.63080771,0.9524116227,0.758476483,0.2623435087,TRUE
2.5Y,8,12,0.4678,0.4589,59.1,0.8353991624,0.1685810716,87.10076429,0.9720374509,0.7537805143,0.06548745478,TRUE
2.5Y,8,14,0.4842,0.4712,59.1,0.8358657408,0.1840092343,87.38682411,0.9872458899,0.7497549699,-0.3961261841,FALSE
2.5Y,8,16,0.4957,0.48,59.1,0.8361605844,0.1950411244,87.72130619,0.9970120987,0.7471708426,-0.7121501296,FALSE
2.5Y,8,18,0.5033,0.4855,59.1,0.8363799163,0.2022289019,87.88042897,1.00367236,0.7452722176,-0.9096450903,FALSE
2.5Y,8,20,0.5091,0.49,59.1,0.8365148721,0.2079242742,88.10257078,1.008172926,0.7440736819,-1.062110672,FALSE
2.5Y,8,22,0.514,0.494,59.1,0.8366082185,0.212879476,88.35001771,1.011602757,0.7432235268,-1.191773729,FALSE
5Y,8,2,0.3394,0.3518,59.1,0.8317837504,0.04067126252,94.05428679,0.8168079422,0.7843033153,0.6691410858,TRUE
5Y,8,4,0.365,0.3826,59.1,0.8315572124,0.07383605285,95.40745487,0.8402887988,0.7846510587,0.5685067644,TRUE
5Y,8,6,0.3913,0.4117,59.1,0.831638542,0.104672319,95.50475878,0.8645264664,0.7830912772,0.4632491812,TRUE
5Y,8,8,0.4158,0.4378,59.1,0.8318082588,0.1320665724,95.76909859,0.8852267285,0.781116247,0.3508459914,TRUE
5Y,8,10,0.4376,0.4601,59.1,0.8320343428,0.1556180973,96.01824707,0.9026697582,0.778920726,0.2161698615,TRUE
5Y,8,12,0.4562,0.4788,59.1,0.8322427454,0.1755472994,96.33638182,0.916454935,0.776989896,-0.1291529583,FALSE
5Y,8,14,0.4699,0.492,59.1,0.8324395659,0.1899631943,96.5144564,0.9266171558,0.7752900405,-0.5495541076,FALSE
5Y,8,16,0.4791,0.5012,59.1,0.8325368704,0.1999621854,96.76089815,0.9325839099,0.7744089643,-0.8247212069,FALSE
5Y,8,18,0.4847,0.5069,59.1,0.8325861028,0.2061609746,96.94454381,0.9359448753,0.7739504446,-0.9888477529,FALSE
5Y,8,20,0.49,0.511,59.1,0.8327444145,0.2112024688,96.83511225,0.940854956,0.7727177926,-1.121624322,FALSE
5Y,8,22,0.493,0.515,59.1,0.832687879,0.2151918605,97.15097337,0.9412457338,0.7730731695,-1.22036331,FALSE
7.5Y,8,2,0.3379,0.354,59.1,0.8312727082,0.04225498269,99.81273053,0.8070007347,0.7876906356,0.6657998493,TRUE
7.5Y,8,4,0.3622,0.3861,59.1,0.8307652501,0.07603624324,100.3976666,0.8249510967,0.789960121,0.5640311681,TRUE
7.5Y,8,6,0.3862,0.4175,59.1,0.8303783269,0.1078040131,101.1466602,0.8401133123,0.7916410649,0.4567184631,TRUE
7.5Y,8,8,0.4088,0.4466,59.1,0.8301165298,0.1365670082,101.7864043,0.8529398502,0.7927012513,0.3388688714,TRUE
7.5Y,8,10,0.4283,0.4712,59.1,0.8299697861,0.1606823791,102.263133,0.8633434916,0.7931982775,0.1964050678,TRUE
7.5Y,8,12,0.4455,0.4917,59.1,0.8299626993,0.1810170361,102.4609136,0.8732919097,0.7928919142,-0.2059565669,FALSE
7.5Y,8,14,0.4574,0.5062,59.1,0.8299341194,0.1953931851,102.7273341,0.8791746367,0.7928757212,-0.6101540446,FALSE
7.5Y,8,16,0.4658,0.5158,59.1,0.8299691976,0.2051426467,102.8048749,0.8839835527,0.79250822,-0.8721545736,FALSE
7.5Y,8,18,0.4709,0.522,59.1,0.8299601049,0.2113689031,102.9358692,0.8862896324,0.7924981192,-1.031993172,FALSE
7.5Y,8,20,0.475,0.526,59.1,0.8300330267,0.2156857755,102.8602713,0.889441032,0.7919472272,-1.143618852,FALSE
10Y,9,2,0.3349,0.3537,78.66,0.9139423529,0.04572683383,104.742328,0.9047052481,0.8974157766,0.7615235061,TRUE
10Y,9,4,0.3558,0.3852,78.66,0.9129913278,0.0816579405,105.5009072,0.9151218317,0.9027052839,0.6537079365,TRUE
10Y,9,6,0.3761,0.4155,78.66,0.9122485888,0.114727637,106.0716063,0.924194081,0.9068201514,0.5439312862,TRUE
10Y,9,8,0.3957,0.445,78.66,0.9116107062,0.145875069,106.7130593,0.9312413979,0.9104135262,0.422859542,TRUE
10Y,9,10,0.412,0.4694,78.66,0.911162327,0.1711312859,107.176682,0.9366146451,0.9129589275,0.294616435,TRUE
10Y,9,12,0.4271,0.492,78.66,0.9107937934,0.1942776056,107.5915159,0.9410916929,0.9150821952,0.05641097097,TRUE
10Y,9,14,0.4393,0.5101,78.66,0.9105392856,0.212771005,107.8881007,0.9446561692,0.916561608,-0.5723241053,FALSE
10Y,9,16,0.4477,0.5225,78.66,0.9103825017,0.2254623882,108.0812476,0.9470545522,0.9174831034,-0.980074492,FALSE
10Y,9,18,0.454,0.532,78.66,0.9102542971,0.2351742176,108.2588936,0.9484686122,0.9182579939,-1.277291353,FALSE
10Y,9,20,0.457,0.537,78.66,0.910155405,0.2402082454,108.4165776,0.9484005994,0.9188823187,-1.424156585,FALSE
10Y,9,22,0.462,0.544,78.66,0.9101052781,0.2475024485,108.4704788,0.950284375,0.9191669911,-1.638588282,FALSE
2.5GY,9,2,0.3321,0.3539,78.66,0.9134521655,0.04592537011,110.0109336,0.8928034316,0.9007560625,0.7645040332,TRUE
2.5GY,9,4,0.3499,0.3866,78.66,0.9119234908,0.08298008234,111.6771115,0.890169678,0.9098866271,0.6583533023,TRUE
2.5GY,9,6,0.367,0.4178,78.66,0.9107142452,0.1164621955,112.3583499,0.8884428439,0.9170702183,0.5525386126,TRUE
2.5GY,9,8,0.3834,0.449,78.66,0.9095916817,0.1485351469,113.1336316,0.8846560125,0.9237963852,0.4358350876,TRUE
2.5GY,9,10,0.3973,0.4761,78.66,0.9087018079,0.1754920941,113.7288738,0.8806808529,0.929156683,0.310751203,TRUE
2.5GY,9,12,0.4108,0.5028,78.66,0.9079038419,0.2014332414,114.2291766,0.8765853228,0.9339861193,0.08566878628,TRUE
2.5GY,9,14,0.4212,0.5237,78.66,0.9073226746,0.2214222683,114.5864298,0.873175717,0.9375234557,-0.5448482239,FALSE
2.5GY,9,16,0.4288,0.5383,78.66,0.9069834637,0.2353261953,114.7259156,0.8718779695,0.9395880829,-0.9729535231,FALSE
2.5GY,9,18,0.4354,0.5508,78.66,0.9067195476,0.2472147624,114.8178508,0.8710743951,0.9412008897,-1.322984346,FALSE
2.5GY,9,20,0.438,0.556,78.66,0.9065982861,0.2521341568,114.884668,0.8703558119,0.9419476039,-1.461583338,FALSE
2.5GY,9,22,0.442,0.564,78.66,0.9064167804,0.2597006444,114.9830712,0.869274702,0.9430680386,-1.669822086,FALSE
5GY,9,2,0.3284,0.3534,78.66,0.9129085788,0.04581081335,116.1897378,0.8785578749,0.9044497654,0.7703608304,TRUE
5GY,9,4,0.3437,0.3861,78.66,0.9110408078,0.08307014536,117.0678878,0.8673533995,0.9157595411,0.6681105271,TRUE
5GY,9,6,0.3572,0.4179,78.66,0.9093165361,0.1172968103,118.2293033,0.8529055279,0.926190116,0.5676993169,TRUE
5GY,9,8,0.3698,0.4497,78.66,0.9077230229,0.1498084282,119.1950335,0.8370710633,0.9357804546,0.4601528555,TRUE
5GY,9,10,0.381,0.4791,78.66,0.9063870372,0.178560526,119.8644945,0.8224887921,0.9437713272,0.3431929576,TRUE
5GY,9,12,0.3911,0.5082,78.66,0.9051043602,0.2060293962,120.5653662,0.806207168,0.9514153174,0.1739635928,TRUE
5GY,9,14,0.3993,0.5329,78.66,0.9040863009,0.2286615806,121.0677743,0.7922943603,0.9574509893,-0.3624951052,FALSE
5GY,9,16,0.4058,0.5541,78.66,0.9032277064,0.24766348,121.507771,0.7794233183,0.9625209248,-0.8990372665,FALSE
5GY,9,18,0.4108,0.5699,78.66,0.9026476491,0.2616065683,121.7401201,0.7707696747,0.9659343044,-1.275432256,FALSE
5GY,9,20,0.414,0.58,78.66,0.9022945908,0.2704391218,121.8669796,0.7654335756,0.968008637,-1.505354299,FALSE
5GY,9,22,0.417,0.59,78.66,0.9019398276,0.2791231409,122.0096702,0.7597707112,0.9700898359,-1.722653558,FALSE
7.5GY,9,2,0.3198,0.35,78.66,0.9119374554,0.04456742308,129.2987124,0.8493768168,0.9110315685,0.7895031984,TRUE
7.5GY,9,4,0.3274,0.3793,78.66,0.9093346324,0.08010654432,129.7769711,0.8151101325,0.9269533925,0.706609244,TRUE
7.5GY,9,6,0.3351,0.4111,78.66,0.9068395363,0.1159213822,130.0757081,0.7793545684,0.9418511423,0.6175751457,TRUE
7.5GY,9,8,0.3414,0.4415,78.66,0.9046349252,0.148133731,130.5374771,0.7438642101,0.9547429506,0.531350457,TRUE
7.5GY,9,10,0.3471,0.4735,78.66,0.9024892933,0.1801404932,131.0205837,0.7054888177,0.9670393081,0.4347831242,TRUE
7.5GY,9,12,0.3518,0.5042,78.66,0.9005829034,0.2092250148,131.441035,0.667780315,0.9777553161,0.3276468719,TRUE
7.5GY,9,14,0.3551,0.5339,78.66,0.8987901112,0.2361994487,131.9508266,0.6277188186,0.9876496485,0.1846022576,TRUE
7.5GY,9,16,0.3581,0.5654,78.66,0.897028637,0.2634689019,132.3809755,0.5843032984,0.9971957617,-0.3467278883,FALSE
7.5GY,9,18,0.3602,0.592,78.66,0.895632928,0.2855618781,132.6909726,0.5462269029,1.004637245,-0.8846444909,FALSE
7.5GY,9,20,0.361,0.614,78.66,0.8944638338,0.3033830096,133.0294997,0.5102280866,1.010777126,-1.280465867,FALSE
7.5GY,9,22,0.362,0.638,78.66,0.8932890494,0.3221777153,133.2909061,0.4708469144,1.016874652,-1.682949464,FALSE
7.5GY,9,24,0.36,0.657,78.66,0.8921256767,0.3370943767,133.8598065,0.4230301114,1.02278438,-1.942137576,FALSE
7.5GY,9,26,0.36,0.682,78.66,0.8909511775,0.3557165594,134.1255299,0.3707141006,1.028710989,-2.296216254,FALSE
7.5GY,9,28,0.36,0.707,78.66,0.889855092,0.3737964457,134.326459,0.3123525123,1.034178074,-2.625254006,FALSE
10GY,9,2,0.3124,0.3454,78.66,0.9113104285,0.04319125912,140.699159,0.8267597978,0.9152820528,0.8100569787,TRUE
10GY,9,4,0.3144,0.3711,78.66,0.9082408516,0.07764164466,140.4129995,0.7749717863,0.9339824674,0.7432270339,TRUE
10GY,9,6,0.3153,0.4008,78.66,0.9049298583,0.115081099,140.8635494,0.7115896722,0.9534270327,0.6696462046,TRUE
10GY,9,8,0.3157,0.4259,78.66,0.9024098349,0.1444472287,141.0612588,0.6579190418,0.967723036,0.6084235435,TRUE
10GY,9,10,0.3155,0.4558,78.66,0.8996453141,0.1772704877,141.3039654,0.5911637503,0.9829300042,0.5354422166,TRUE
10GY,9,12,0.3139,0.4829,78.66,0.897215889,0.2057325038,141.7551438,0.5213674309,0.9958891178,0.4688414263,TRUE
10GY,9,14,0.3115,0.5129,78.66,0.894714194,0.2354397338,142.1721569,0.4341595076,1.008842976,0.3903356609,FALSE
10GY,9,16,0.3079,0.544,78.66,0.8922413553,0.2647129026,142.6385628,0.317215647,1.021260181,0.2980931774,FALSE
10GY,9,18,0.3032,0.5748,78.66,0.8898873725,0.2923655734,143.129164,0.09480758654,1.03272407,0.1757919945,FALSE
10GY,9,20,0.298,0.602,78.66,0.8878585591,0.315854074,143.5990787,-0.6957563313,1.042324251,-0.124288685,FALSE
10GY,9,22,0.292,0.627,78.66,0.885984719,0.3369165158,144.1072308,-1.454334586,1.050954368,-0.4949996042,FALSE
10GY,9,24,0.284,0.653,78.66,0.8839620241,0.3585835435,144.7670964,-2.2810362,1.060005427,-0.8259495781,FALSE
10GY,9,26,0.277,0.681,78.66,0.8821076623,0.3800155483,145.1411309,-3.013256508,1.068127136,-1.1756391,FALSE
10GY,9,28,0.268,0.707,78.66,0.8802208799,0.4000848218,145.7115617,-3.77164731,1.076139328,-1.443434975,FALSE
2.5G,9,2,0.3058,0.34,78.66,0.910914895,0.04177293548,151.6581021,0.8085744967,0.9180073342,0.8316020302,TRUE
2.5G,9,4,0.3018,0.3606,78.66,0.9074334354,0.07517851917,151.7516226,0.7375960858,0.9391299558,0.7843560756,TRUE
2.5G,9,6,0.2966,0.3846,78.66,0.9036884732,0.1115969422,151.9448887,0.6506504171,0.9607602843,0.7321031563,TRUE
2.5G,9,8,0.2912,0.4054,78.66,0.9006017903,0.1416943344,152.3114441,0.5658836521,0.9777915034,0.6893455478,TRUE
2.5G,9,10,0.2851,0.4275,78.66,0.8975396912,0.1718587381,152.6110043,0.463099369,0.9940076894,0.6454477518,TRUE
2.5G,9,12,0.2786,0.4491,78.66,0.8947058168,0.1999140863,152.910288,0.3335383425,1.008439242,0.6039548053,FALSE
2.5G,9,14,0.2711,0.4726,78.66,0.8918005136,0.2288673163,153.2037395,-0.009032863595,1.02268376,0.5597932258,FALSE
2.5G,9,16,0.263,0.4966,78.66,0.8890008519,0.2569251643,153.4816329,-1.135451656,1.035902804,0.5152859119,FALSE
2.5G,9,18,0.253,0.525,78.66,0.8858973467,0.2882528624,153.7686252,-2.364492831,1.049998339,0.4624536073,FALSE
2.5G,9,20,0.242,0.552,78.66,0.8829767512,0.3172959858,154.182329,-3.515420438,1.062721805,0.4129929938,FALSE
2.5G,9,22,0.23,0.576,78.66,0.8802535998,0.3434710292,154.7712619,-4.590161606,1.074099315,0.3710335553,FALSE
2.5G,9,24,0.219,0.599,78.66,0.8778636722,0.3668660785,155.1672112,-5.508523913,1.083755703,0.3273848507,FALSE
2.5G,9,26,0.206,0.619,78.66,0.875428575,0.3891820839,155.8607798,-6.456259021,1.093194891,0.2943235812,FALSE
2.5G,9,28,0.192,0.643,78.66,0.8728536255,0.4135369974,156.3986564,-7.423952666,1.102863647,0.2468376621,FALSE
5G,9,2,0.3017,0.3357,78.66,0.9107969276,0.04043962778,159.3165879,0.7990986408,0.9189001316,0.8474003299,TRUE
5G,9,4,0.2933,0.3519,78.66,0.907060726,0.07355383072,160.3618864,0.7136729302,0.9415324741,0.8158895639,TRUE
5G,9,6,0.2832,0.3697,78.66,0.9030846499,0.1088757712,161.1660462,0.6069346518,0.9642739277,0.7837774645,TRUE
5G,9,8,0.2735,0.3854,78.66,0.8996618466,0.1393081191,161.8048369,0.4926251339,0.9828135115,0.7575212952,TRUE
5G,9,10,0.2639,0.4001,78.66,0.8965396581,0.1671098765,162.3329993,0.3496347267,0.9989361685,0.7344072974,TRUE
5G,9,12,0.2528,0.416,78.66,0.8932110985,0.1967346945,162.9002758,-0.1535764923,1.015337702,0.7110871107,FALSE
5G,9,14,0.242,0.43,78.66,0.8902408121,0.2230451752,163.4801957,-1.428729235,1.029313442,0.6924093893,FALSE
5G,9,16,0.229,0.446,78.66,0.8868782701,0.2528167989,164.1063084,-2.842357565,1.044420624,0.6725182275,FALSE
5G,9,18,0.214,0.461,78.66,0.8833730228,0.2833591236,164.9989637,-4.303504236,1.059356415,0.6577528793,FALSE
5G,9,20,0.2,0.474,78.66,0.8802535268,0.3104765104,165.7619439,-5.572829144,1.071998251,0.6465427314,FALSE
5G,9,22,0.185,0.487,78.66,0.8770353913,0.3383987655,166.5210738,-6.850112299,1.084423658,0.6368417308,FALSE
5G,9,24,0.17,0.499,78.66,0.8739203029,0.3653604762,167.2434006,-8.05534712,1.095873923,0.6294871903,FALSE
5G,9,26,0.157,0.509,78.66,0.8712712579,0.3883067576,167.8190401,-9.052524962,1.105188263,0.6241057849,FALSE
5G,9,28,0.143,0.519,78.66,0.868468658,0.4125402271,168.4235896,-10.08233201,1.114623774,0.6199887182,FALSE
7.5G,9,2,0.2987,0.3323,78.66,0.9107450341,0.03963924152,165.4396075,0.7925654242,0.9193398855,0.8596290964,TRUE
7.5G,9,4,0.2882,0.3461,78.66,0.9069015566,0.07283266565,166.0013124,0.6997157872,0.9425835185,0.8362443705,TRUE
7.5G,9,6,0.2763,0.3607,78.66,0.9029046419,0.1074270994,166.5734834,0.5849332889,0.9653276561,0.8134848791,TRUE
7.5G,9,8,0.2652,0.3738,78.66,0.8994118358,0.137753099,166.9946026,0.4570773978,0.9840968592,0.7943947651,TRUE
7.5G,9,10,0.2545,0.3855,78.66,0.8962743655,0.1649869808,167.4528423,0.2856323765,1.000131896,0.7788448547,FALSE
7.5G,9,12,0.2419,0.3985,78.66,0.8927859303,0.1952838617,167.97249,-0.69167278,1.017093476,0.7629817811,FALSE
7.5G,9,14,0.229,0.41,78.66,0.8894823259,0.2238342246,168.6361433,-2.137478078,1.032341821,0.7513805465,FALSE
7.5G,9,16,0.216,0.423,78.66,0.886141487,0.2530218464,168.9749096,-3.539228038,1.04704017,0.7370387081,FALSE
7.5G,9,18,0.201,0.436,78.66,0.8825343934,0.2843766394,169.5223678,-5.026553062,1.062083707,0.7253782807,FALSE
7.5G,9,20,0.187,0.446,78.66,0.8793601903,0.3117765614,170.1674113,-6.315184398,1.074621328,0.7193506786,FALSE
7.5G,9,22,0.174,0.457,78.66,0.8763691987,0.3379190777,170.5073578,-7.473871742,1.085944531,0.7104163883,FALSE
7.5G,9,24,0.16,0.467,78.66,0.8732773909,0.3647848462,170.9928654,-8.652150948,1.097081056,0.7048298964,FALSE
10G,9,2,0.2965,0.3293,78.66,0.9107808632,0.0386908393,170.5995303,0.7889606799,0.9192097602,0.869932434,TRUE
10G,9,4,0.284,0.3402,78.66,0.9069160689,0.07148879215,171.3746202,0.6905856104,0.9426009693,0.855880779,TRUE
10G,9,6,0.2703,0.3513,78.66,0.902929367,0.1053996532,172.0480936,0.5685513427,0.9652384752,0.8432485724,TRUE
10G,9,8,0.2574,0.3618,78.66,0.8992785663,0.1365870001,172.3941584,0.4217994164,0.98474081,0.8317350319,TRUE
10G,9,10,0.2457,0.3702,78.66,0.896165836,0.1631789847,172.8878524,0.2090292401,1.00050225,0.824340834,FALSE
10G,9,12,0.2325,0.3796,78.66,0.8927254171,0.1926651478,173.311576,-1.098103272,1.017053254,0.8164712081,FALSE
10G,9,14,0.217,0.388,78.66,0.8889785404,0.2247026644,174.1484377,-2.782886691,1.034056581,0.8135672092,FALSE
10G,9,16,0.203,0.396,78.66,0.8855824268,0.2538926221,174.6625905,-4.250037472,1.048636077,0.8101197139,FALSE
10G,9,18,0.188,0.405,78.66,0.8819379813,0.2853578329,175.0437528,-5.763007179,1.063462684,0.8056218873,FALSE
10G,9,20,0.175,0.411,78.66,0.8789007884,0.3115690008,175.5468823,-7.004025045,1.075142031,0.8057217422,FALSE
10G,9,22,0.161,0.419,78.66,0.8755400702,0.3407513168,175.8255119,-8.310045576,1.087488733,0.8025736938,FALSE
10G,9,24,0.147,0.425,78.66,0.8722633985,0.3692070316,176.2783903,-9.560996696,1.098847972,0.8036846113,FALSE
2.5BG,9,2,0.2947,0.3267,78.66,0.9108323126,0.03798272496,175.1913685,0.786327688,0.9189685841,0.8787639404,TRUE
2.5BG,9,4,0.2805,0.3349,78.66,0.906980676,0.0704734461,176.2908693,0.6836539329,0.9423119332,0.8732930348,TRUE
2.5BG,9,6,0.2652,0.3433,78.66,0.9029514343,0.1045967199,176.9396792,0.5534249624,0.9651519712,0.8687334395,TRUE
2.5BG,9,8,0.2509,0.3507,78.66,0.8992830567,0.1357813408,177.423177,0.3916527629,0.9846547949,0.8657493458,TRUE
2.5BG,9,10,0.2382,0.3568,78.66,0.896099327,0.1629383917,177.8395805,0.09277826394,1.000651631,0.8643314502,FALSE
2.5BG,9,12,0.222,0.364,78.66,0.8921079816,0.1971120366,178.3449171,-1.743092932,1.019563034,0.8639624879,FALSE
2.5BG,9,14,0.208,0.37,78.66,0.8886752152,0.2266179404,178.7048035,-3.286487369,1.034876589,0.8641724726,FALSE
2.5BG,9,16,0.194,0.376,78.66,0.8852306122,0.2563276277,178.9818369,-4.780624538,1.049419794,0.8643756917,FALSE
2.5BG,9,18,0.178,0.382,78.66,0.8813298213,0.290113239,179.3618858,-6.420904588,1.064924515,0.8665304728,FALSE
2.5BG,9,20,0.166,0.386,78.66,0.8784022807,0.3155725924,179.6623063,-7.613480626,1.075920467,0.8692119143,FALSE
2.5BG,9,22,0.152,0.391,78.66,0.8749197575,0.3459441703,179.9102315,-8.975569999,1.088358234,0.8715246948,FALSE
5BG,9,2,0.293,0.3232,78.66,0.9110396835,0.03627472472,181.2003039,0.7865619846,0.9177701765,0.8898837977,TRUE
5BG,9,4,0.2768,0.3287,78.66,0.9071348114,0.06937984115,182.1372539,0.6776516218,0.9415119543,0.893350936,TRUE
5BG,9,6,0.2599,0.3338,78.66,0.9031277465,0.1035552904,182.7775432,0.5401309893,0.9642208635,0.8984550292,TRUE
5BG,9,8,0.2437,0.3378,78.66,0.8993575337,0.1359427166,183.4079188,0.3545919257,0.9841770605,0.9054044115,TRUE
5BG,9,10,0.2301,0.3405,78.66,0.8962197396,0.1630853369,183.9312659,-0.2359017388,0.9998089704,0.9126992595,FALSE
5BG,9,12,0.212,0.344,78.66,0.8919612208,0.2000874339,184.3872754,-2.284488162,1.019711467,0.9223455863,FALSE
5BG,9,14,0.196,0.346,78.66,0.8881971226,0.233104082,184.881523,-4.039462564,1.036101044,0.9332701208,FALSE
5BG,9,16,0.18,0.348,78.66,0.8843046723,0.2673838956,185.2127129,-5.774264847,1.051970346,0.9439054164,FALSE
5BG,9,18,0.164,0.349,78.66,0.8803392957,0.3026279221,185.6046625,-7.479553395,1.067035989,0.9566699376,FALSE
5BG,9,20,0.15,0.35,78.66,0.8767102519,0.3349712943,185.8254407,-8.964365359,1.079955259,0.9672988339,FALSE
7.5BG,9,2,0.2911,0.3188,78.66,0.9113524293,0.0343484473,189.5032766,0.7881424633,0.9159339064,0.9036820958,TRUE
7.5BG,9,4,0.2728,0.3208,78.66,0.907481624,0.06791185277,189.8036947,0.6742666797,0.9396092041,0.9183751881,TRUE
7.5BG,9,6,0.2543,0.322,78.66,0.903563565,0.1022465968,190.2294075,0.5306844247,0.9618735036,0.934892389,TRUE
7.5BG,9,8,0.2361,0.3225,78.66,0.8996517707,0.1368623454,190.5938219,0.3148057014,0.9825283622,0.952430688,TRUE
7.5BG,9,10,0.2215,0.3226,78.66,0.8964256681,0.1655982423,190.7833061,-0.62895413,0.9984668532,0.9669411713,FALSE
7.5BG,9,12,0.203,0.323,78.66,0.8921236247,0.2039358539,190.7409421,-2.753850659,1.018318663,0.9842031326,FALSE
7.5BG,9,14,0.187,0.323,78.66,0.8882563183,0.2386202059,190.7067044,-4.580630276,1.03488605,0.9996749033,FALSE
7.5BG,9,16,0.17,0.323,78.66,0.883930394,0.2775205512,190.5851784,-6.521583619,1.052111012,1.015772839,FALSE
7.5BG,9,18,0.156,0.322,78.66,0.8802551443,0.3110147265,190.6284067,-8.111474988,1.065673141,1.031358566,FALSE
10BG,9,2,0.2907,0.3159,78.66,0.9117280195,0.03204781421,195.5234831,0.7938131604,0.9136407047,0.9118905354,TRUE
10BG,9,4,0.27,0.314,78.66,0.9079248615,0.06655592763,196.7499246,0.6755141515,0.9371178139,0.9394892193,TRUE
10BG,9,6,0.2501,0.3118,78.66,0.9041039383,0.101490956,196.9660283,0.5277098431,0.9589425955,0.9663500139,TRUE
10BG,9,8,0.232,0.31,78.66,0.900386753,0.1354179035,196.6602637,0.3137193107,0.9786367352,0.9897231506,TRUE
10BG,9,10,0.214,0.306,78.66,0.8967445606,0.1699000712,197.1524047,-0.9772612254,0.996539014,1.01851426,FALSE
10BG,9,12,0.196,0.304,78.66,0.8925676262,0.2082364939,196.5627723,-3.09574893,1.015615678,1.041501758,FALSE
10BG,9,14,0.18,0.301,78.66,0.8887341557,0.2441475297,196.3673279,-4.97856158,1.031774368,1.064990951,FALSE
10BG,9,16,0.162,0.298,78.66,0.884022682,0.2880536396,195.9239938,-7.146787328,1.050100108,1.090113966,FALSE
10BG,9,18,0.147,0.294,78.66,0.8798866093,0.3275002421,195.796875,-8.977665713,1.064755203,1.115068204,FALSE
2.5B,9,2,0.2909,0.3125,78.66,0.9123068196,0.02870831118,204.1206441,0.8041180044,0.9100485292,0.9208444674,TRUE
2.5B,9,4,0.268,0.3073,78.66,0.9085381282,0.06485987497,204.1356323,0.6819393484,0.9336100225,0.959765844,TRUE
2.5B,9,6,0.247,0.302,78.66,0.9048642491,0.1004157497,203.8359462,0.5335318786,0.9547882998,0.9962664827,TRUE
2.5B,9,8,0.228,0.296,78.66,0.9014236394,0.1345902883,203.9109927,0.3231547302,0.9731421773,1.032253345,FALSE
2.5B,9,10,0.211,0.29,78.66,0.8981480194,0.1675348616,203.8719314,-0.812944303,0.9893615404,1.06608199,FALSE
2.5B,9,12,0.193,0.284,78.66,0.8942787808,0.205899457,203.3425322,-2.937813312,1.007108133,1.100840149,FALSE
2.5B,9,14,0.176,0.278,78.66,0.8902738409,0.2457047412,202.7733416,-5.021748202,1.023982552,1.134664733,FALSE
2.5B,9,16,0.158,0.271,78.66,0.8855951148,0.2925367371,202.166902,-7.320151222,1.041909115,1.172583412,FALSE
5B,9,2,0.2919,0.3102,78.66,0.9128733689,0.02543933118,212.0922294,0.8157106868,0.9064644292,0.9259934916,TRUE
5B,9,4,0.2675,0.3005,78.66,0.9095106628,0.06157683168,212.9450527,0.6989908757,0.9279267461,0.9790513051,TRUE
5B,9,6,0.246,0.29,78.66,0.9065037674,0.09587093022,213.8005984,0.5671747218,0.945695938,1.031067145,FALSE
5B,9,8,0.228,0.281,78.66,0.903703801,0.1275475806,213.5522214,0.4025931199,0.9610476863,1.075430086,FALSE
5B,9,10,0.21,0.272,78.66,0.9005537168,0.1625766032,212.776368,-0.2829751114,0.9770654636,1.120189234,FALSE
5B,9,12,0.191,0.26,78.66,0.8971465156,0.2034872907,212.7054365,-2.489275255,0.9928595542,1.176001123,FALSE
5B,9,14,0.175,0.251,78.66,0.8936285064,0.2428559504,211.7180408,-4.53956182,1.007848316,1.220534055,FALSE
5B,9,16,0.157,0.241,78.66,0.8889877145,0.2935573219,210.3009998,-7.031263663,1.025743117,1.271408136,FALSE
7.5B,9,2,0.2937,0.3087,78.66,0.9134701255,0.02182323099,220.5675163,0.8292493653,0.9026147902,0.9281051228,TRUE
7.5B,9,4,0.2688,0.2961,78.66,0.9105066948,0.05751512855,220.5566069,0.7208270324,0.9219729012,0.990009566,TRUE
7.5B,9,6,0.247,0.285,78.66,0.9075514914,0.09223006939,219.1430448,0.5937354683,0.9397777549,1.044497917,FALSE
7.5B,9,8,0.228,0.273,78.66,0.9050153972,0.1252337573,219.341348,0.4408201854,0.9539609151,1.099377491,FALSE
7.5B,9,10,0.211,0.262,78.66,0.9024503297,0.1581391162,218.8716506,0.152856378,0.9672554659,1.15027711,FALSE
7.5B,9,12,0.194,0.252,78.66,0.899314914,0.195154242,217.3988446,-1.784190523,0.9822941867,1.199112242,FALSE
10B,9,2,0.2949,0.3076,78.66,0.9138863301,0.01973399609,228.3440745,0.8384605555,0.8999092204,0.9297954259,TRUE
10B,9,4,0.2712,0.2924,78.66,0.9116412375,0.05292742261,229.3887673,0.7473148182,0.915047671,0.9979683103,TRUE
10B,9,6,0.25,0.278,78.66,0.9094443182,0.08581632052,228.7872772,0.6430364011,0.9288505578,1.062069711,FALSE
10B,9,8,0.233,0.265,78.66,0.9076671118,0.1150017802,228.7586296,0.534603527,0.9393049633,1.119028493,FALSE
10B,9,10,0.216,0.25,78.66,0.9059649593,0.1476203433,229.2239466,0.3791368473,0.9486225635,1.184302821,FALSE
2.5PB,9,2,0.2975,0.3063,78.66,0.9146100832,0.01646991231,244.6827993,0.85524098,0.8951271782,0.930493038,TRUE
2.5PB,9,4,0.276,0.289,78.66,0.9132526,0.04668151249,243.1943481,0.7868344716,0.9049241445,1.002625724,FALSE
2.5PB,9,6,0.256,0.272,78.66,0.911925112,0.07768202038,242.1483061,0.7089347621,0.9139898418,1.073993086,FALSE
2.5PB,9,8,0.239,0.257,78.66,0.9106892072,0.1067918887,241.0119393,0.624593672,0.9218987229,1.138399436,FALSE
2.5PB,9,10,0.224,0.243,78.66,0.9095517456,0.1353012635,240.0903911,0.5274552649,0.9287056797,1.199994479,FALSE
5PB,9,2,0.2991,0.3057,78.66,0.9150222061,0.01520706382,256.4097065,0.8648806316,0.8923682378,0.9303720435,TRUE
5PB,9,4,0.281,0.287,78.66,0.9146670787,0.0426060026,257.6099855,0.8217758688,0.8957533856,1.003073013,FALSE
5PB,9,6,0.262,0.268,78.66,0.9140771625,0.07302735536,255.3289221,0.7637235165,0.9005611826,1.080057702,FALSE
5PB,9,8,0.247,0.252,78.66,0.9137132374,0.09974099048,254.400935,0.7099045733,0.903570706,1.146562038,FALSE
5PB,9,10,0.232,0.235,78.66,0.9134755387,0.129526701,253.7313983,0.645555503,0.9056262324,1.21986365,FALSE
7.5PB,9,2,0.3015,0.3052,78.66,0.9155717547,0.01426892588,274.3400205,0.8780638348,0.8886386706,0.9290813801,TRUE
7.5PB,9,4,0.286,0.285,78.66,0.9160836147,0.04165568602,273.8108811,0.8553215483,0.8863256901,1.003526309,FALSE
7.5PB,9,6,0.271,0.266,78.66,0.9165319075,0.06908958097,272.0263141,0.8273060732,0.8844652989,1.076848899,FALSE
7.5PB,9,8,0.257,0.245,78.66,0.9177297658,0.1006331096,273.3942409,0.8071233056,0.8777482453,1.159653946,FALSE
7.5PB,9,10,0.247,0.227,78.66,0.9194619504,0.1293009251,275.7106279,0.8011553727,0.8672596261,1.2334893,FALSE
10PB,9,2,0.3038,0.3054,78.66,0.9159799132,0.01381349036,289.3946219,0.8886595853,0.8858084614,0.9259557142,TRUE
10PB,9,4,0.291,0.285,78.66,0.9171211826,0.04109947909,286.5930822,0.8818402774,0.8791602839,0.9981111094,TRUE
10PB,9,6,0.278,0.266,78.66,0.9181026701,0.06794689405,283.7572978,0.8683683527,0.8736578558,1.069445715,FALSE
10PB,9,8,0.267,0.245,78.66,0.9201761812,0.09993633042,285.9890257,0.8716510129,0.8607359045,1.149237322,FALSE
10PB,9,10,0.256,0.226,78.66,0.9221079042,0.1310540515,285.8719176,0.8681543107,0.8486856463,1.227866684,FALSE
2.5P,9,2,0.305,0.3051,78.66,0.9162619151,0.01457369715,298.5638338,0.8952084464,0.8838648571,0.9254414829,TRUE
2.5P,9,4,0.2963,0.2865,78.66,0.9179218116,0.04020378352,298.0271225,0.9045345412,0.8734119848,0.9879426928,TRUE
2.5P,9,6,0.288,0.268,78.66,0.9198779347,0.06746925394,298.4285136,0.9168014489,0.860817365,1.052531935,FALSE
2.5P,9,8,0.28,0.249,78.66,0.9223084354,0.09777912412,299.2199446,0.9339218586,0.844703776,1.122075702,FALSE
2.5P,9,10,0.273,0.23,78.66,0.9253813049,0.1312952418,300.6176904,0.9591499898,0.8234602119,1.195407727,FALSE
5P,9,2,0.3067,0.306,78.66,0.916430768,0.01403506252,307.2232563,0.9008314813,0.8826292736,0.9210375493,TRUE
5P,9,4,0.3003,0.287,78.66,0.918635343,0.04163571581,307.0960139,0.9228281744,0.8682579113,0.982087292,TRUE
5P,9,6,0.296,0.271,78.66,0.9209554099,0.06727612011,308.8047605,0.9485506003,0.852579397,1.03461686,FALSE
5P,9,8,0.292,0.253,78.66,0.9240863782,0.09906883304,310.692119,0.9843468407,0.830539411,1.095991123,FALSE
5P,9,10,0.286,0.235,78.66,0.9271965487,0.1317027155,310.2763439,1.013170238,0.808046458,1.163665531,FALSE
5P,9,12,0.284,0.221,78.66,0.930610271,0.1620240936,311.9822146,1.052226268,0.7815494766,1.21691293,FALSE
5P,9,14,0.281,0.208,78.66,0.9338617406,0.1911194109,312.5508394,1.085065667,0.7551864054,1.270844356,FALSE
7.5P,9,2,0.3107,0.3081,78.66,0.9168250777,0.01410818031,328.4563821,0.9138030972,0.8797211774,0.910716028,TRUE
7.5P,9,4,0.3117,0.2928,78.66,0.9197829099,0.04207068623,328.1905794,0.9599513088,0.8593658656,0.9526120065,TRUE
7.5P,9,6,0.312,0.2788,78.66,0.9226129792,0.06864373255,327.6266494,1.001046985,0.8390802564,0.9933204227,FALSE
7.5P,9,8,0.311,0.262,78.66,0.9260755461,0.1012246394,326.4369777,1.046768078,0.8131860067,1.046177279,FALSE
7.5P,9,10,0.31,0.247,78.66,0.929498961,0.1325614285,325.8959127,1.089819264,0.7861531797,1.096194854,FALSE
7.5P,9,12,0.308,0.233,78.66,0.9328085144,0.1626807724,325.0923267,1.127808561,0.7586936452,1.146787501,FALSE
7.5P,9,14,0.306,0.22,78.66,0.9361892653,0.1926161717,324.548402,1.165010352,0.7289532192,1.196694899,FALSE
7.5P,9,16,0.305,0.208,78.66,0.9398536044,0.2235773792,324.5676361,1.205862956,0.6941712931,1.244588923,FALSE
10P,9,2,0.3128,0.3094,78.66,0.9169947483,0.0145273654,339.0161959,0.9199245713,0.8784344371,0.9047488142,TRUE
10P,9,4,0.3176,0.2966,78.66,0.9201992968,0.04272126121,338.4379337,0.9757081293,0.8559193385,0.9350714899,TRUE
10P,9,6,0.3218,0.2845,78.66,0.9233693533,0.07042059135,338.0780207,1.027525971,0.8324538738,0.965329797,FALSE
10P,9,8,0.326,0.27,78.66,0.9272965812,0.1045671493,337.4526353,1.087399143,0.8016041086,1.004290825,FALSE
10P,9,10,0.33,0.257,78.66,0.9311654573,0.1376471933,337.2941685,1.143725121,0.768919065,1.040803128,FALSE
10P,9,12,0.334,0.246,78.66,0.9348188708,0.1683019324,337.4637915,1.195383282,0.7355514946,1.072545809,FALSE
10P,9,14,0.336,0.235,78.66,0.9383190192,0.1978217616,336.9504079,1.240680702,0.7013615353,1.108182895,FALSE
10P,9,16,0.339,0.224,78.66,0.9423157638,0.2307647058,336.8701065,1.291986722,0.6584648369,1.14448455,FALSE
2.5RP,9,2,0.3149,0.3108,78.66,0.9171451734,0.01522341045,348.8921526,0.9256788229,0.8772720701,0.8985056113,TRUE
2.5RP,9,4,0.3234,0.301,78.66,0.9204706877,0.04333527029,348.3871853,0.9887086277,0.8534802826,0.9159692942,TRUE
2.5RP,9,6,0.3322,0.291,78.66,0.924034204,0.0732912718,348.3078796,1.052337297,0.8263224328,0.9343672808,FALSE
2.5RP,9,8,0.34,0.28,78.66,0.9277876341,0.1048650848,347.4385514,1.11426086,0.7957657578,0.957723186,FALSE
2.5RP,9,10,0.349,0.271,78.66,0.9315091537,0.1356823204,347.9119775,1.174939585,0.7628317913,0.9745551015,FALSE
2.5RP,9,12,0.356,0.261,78.66,0.9352607664,0.1668455834,347.4051707,1.231331855,0.727058912,0.9976995327,FALSE
2.5RP,9,14,0.364,0.251,78.66,0.939411353,0.2009833726,347.2712229,1.292123718,0.6834000378,1.020716539,FALSE
2.5RP,9,16,0.371,0.243,78.66,0.943013077,0.2303642331,347.3044087,1.343539259,0.6412396415,1.03923265,FALSE
5RP,9,2,0.3172,0.3126,78.66,0.9172621583,0.01604392977,359.2868202,0.931171389,0.8763178423,0.8909379082,TRUE
5RP,9,4,0.3301,0.306,78.66,0.9207856496,0.04548462996,358.9619179,1.003216141,0.8506302483,0.8941733684,FALSE
5RP,9,6,0.3431,0.2988,78.66,0.9244937662,0.07634318244,358.4731226,1.073752127,0.8216208448,0.8991253627,FALSE
5RP,9,8,0.355,0.292,78.66,0.927992664,0.1053514205,358.1456344,1.136591669,0.7921308639,0.9044480584,FALSE
5RP,9,10,0.368,0.284,78.66,0.9320206893,0.1386115837,357.6925248,1.205024596,0.7552774396,0.912209519,FALSE
5RP,9,12,0.38,0.276,78.66,0.9359799513,0.1711657689,357.2051358,1.26886738,0.7154962882,0.9215756505,FALSE
5RP,9,14,0.389,0.269,78.66,0.9392778291,0.1981782595,356.6415027,1.319417213,0.6792199548,0.9320116575,FALSE
5RP,9,16,0.4,0.263,78.66,0.9427590971,0.2265905256,356.7371799,1.373073143,0.6365431444,0.9370736248,FALSE
7.5RP,9,2,0.319,0.3141,78.66,0.9173368922,0.01688070751,6.86915849,0.9351592922,0.8756833105,0.8847683364,TRUE
7.5RP,9,4,0.335,0.3099,78.66,0.9209632545,0.04746323932,6.212804472,1.012727531,0.8489151595,0.8775685948,FALSE
7.5RP,9,6,0.3512,0.3052,78.66,0.9246989041,0.07877662621,5.791878735,1.087019402,0.8191646187,0.8712533826,FALSE
7.5RP,9,8,0.364,0.3,78.66,0.9279421795,0.1056688861,4.761842243,1.146717313,0.7914315243,0.8703324942,FALSE
7.5RP,9,10,0.382,0.295,78.66,0.9320528209,0.1398884246,5.036138906,1.220989465,0.7528901745,0.8622016762,FALSE
7.5RP,9,12,0.397,0.289,78.66,0.9358860969,0.1714399985,4.495838319,1.285512614,0.7134173966,0.8605928241,FALSE
7.5RP,9,14,0.41,0.284,78.66,0.9391961101,0.1986070036,4.238179922,1.339542044,0.6757801578,0.8585318135,FALSE
10RP,9,2,0.3205,0.3155,78.66,0.9173730424,0.01759755359,13.15215315,0.9380485035,0.8753316476,0.8792211343,TRUE
10RP,9,4,0.34,0.314,78.66,0.9211168163,0.04992216052,13.06458565,1.021763205,0.8473610136,0.8602981165,FALSE
10RP,9,6,0.359,0.3118,78.66,0.9248038624,0.08140219937,12.67341028,1.097958858,0.8175297027,0.843191294,FALSE
10RP,9,8,0.376,0.31,78.66,0.9280051421,0.1086799995,12.78908441,1.160980265,0.7894639069,0.8267996243,FALSE
10RP,9,10,0.394,0.306,78.66,0.9317539945,0.139913366,11.8747331,1.229354739,0.7539578571,0.8147557652,FALSE
10RP,9,12,0.414,0.302,78.66,0.9357960404,0.1735646907,11.52220706,1.300475722,0.7115105719,0.799402004,FALSE
10RP,9,14,0.431,0.298,78.66,0.9393393447,0.2028032581,11.16035219,1.360102261,0.6701214441,0.7875006298,FALSE
2.5R,9,2,0.322,0.3168,78.66,0.9174255676,0.01859629645,18.46324408,0.9411581138,0.8748679641,0.8739481014,TRUE
2.5R,9,4,0.3445,0.3179,78.66,0.9212135449,0.05235529755,18.9151974,1.029075561,0.8462644407,0.8441768653,FALSE
2.5R,9,6,0.3665,0.3183,78.66,0.9248706963,0.08454196414,18.91849453,1.107531994,0.8162405396,0.8157463566,FALSE
2.5R,9,8,0.384,0.318,78.66,0.9277922751,0.1099066592,18.74696435,1.166464351,0.7903554801,0.7939477911,FALSE
2.5R,9,10,0.406,0.316,78.66,0.9316712449,0.14280387,17.95354552,1.239652795,0.7531285834,0.7699375658,FALSE
2.5R,9,12,0.429,0.314,78.66,0.9356123477,0.1761431348,17.68598819,1.311084077,0.7110817769,0.7431282629,FALSE
2.5R,9,14,0.448,0.311,78.66,0.9390849406,0.204930544,17.13021819,1.37061852,0.6700027031,0.7237345707,FALSE
5R,9,2,0.324,0.3188,78.66,0.9174500484,0.01990022219,25.74459913,0.9445618036,0.8745605513,0.866198983,TRUE
5R,9,4,0.3495,0.3226,78.66,0.9212539393,0.05518810086,25.29009293,1.035997474,0.8455428926,0.8252577155,FALSE
5R,9,6,0.3734,0.3256,78.66,0.9246943032,0.08676627723,25.45444668,1.112629194,0.816969975,0.7867962962,FALSE
5R,9,8,0.395,0.326,78.66,0.9280602068,0.1161828156,24.31775492,1.180947768,0.7868465552,0.7568765959,FALSE
5R,9,10,0.418,0.326,78.66,0.9315926781,0.146816177,23.69474757,1.249215809,0.7523490999,0.7245201866,FALSE
5R,9,12,0.444,0.325,78.66,0.9356379405,0.1813342814,23.09545012,1.323354832,0.7086260291,0.6884526576,FALSE
7.5R,9,2,0.3263,0.321,78.66,0.917494195,0.02178024411,32.505257,0.9486578778,0.8740977761,0.8575639117,TRUE
7.5R,9,4,0.3551,0.3283,78.66,0.9212232511,0.05863407993,32.25634914,1.042372681,0.8453057074,0.8028701643,FALSE
7.5R,9,6,0.3812,0.3348,78.66,0.924342252,0.0896566243,33.22441417,1.115798778,0.8190500153,0.7513668383,FALSE
7.5R,9,8,0.407,0.338,78.66,0.9277572584,0.1208818949,32.07969511,1.187808973,0.7882027917,0.7066579861,FALSE
7.5R,9,10,0.431,0.34,78.66,0.9309418531,0.1494106615,31.34552837,1.251171954,0.7569451141,0.6651367629,FALSE
7.5R,9,12,0.457,0.34,78.66,0.9346340013,0.1810861528,30.15042971,1.319784732,0.7173941262,0.6231028051,FALSE
7.5R,9,14,0.48,0.34,78.66,0.9377934878,0.2082609533,29.6703558,1.376715107,0.6798768277,0.5826135237,FALSE
10R,9,2,0.3284,0.3233,78.66,0.9174857453,0.0235486365,38.79316116,0.9515950172,0.8740102848,0.8489020846,TRUE
10R,9,4,0.36,0.3348,78.66,0.920947053,0.06135846757,39.84010011,1.044077206,0.8469620653,0.7791963325,FALSE
10R,9,6,0.388,0.3439,78.66,0.9238733209,0.09270018652,40.48981868,1.11587531,0.822186269,0.7173607117,FALSE
10R,9,8,0.416,0.35,78.66,0.9270411782,0.1236378747,39.58222023,1.185621893,0.793503654,0.6598911524,FALSE
10R,9,10,0.441,0.356,78.66,0.9295920386,0.1495123437,40.03416668,1.240460633,0.768439437,0.602828736,FALSE
10R,9,12,0.465,0.361,78.66,0.9320216725,0.1737076748,40.40824799,1.290365661,0.7429061151,0.5451443434,FALSE
10R,9,14,0.49,0.364,78.66,0.934791609,0.199348141,40.0961665,1.343419158,0.7118321241,0.4850040691,FALSE
10R,9,16,0.51,0.368,78.66,0.9366451438,0.2182051383,40.84454597,1.379677052,0.6891754281,0.4239556573,FALSE
2.5YR,9,2,0.332,0.3273,78.66,0.917462003,0.02704840588,47.67146239,0.9563650966,0.8739270046,0.8339163978,TRUE
2.5YR,9,4,0.3641,0.3422,78.66,0.9204100152,0.06372518895,48.35765308,1.040811032,0.8506218176,0.7541543328,FALSE
2.5YR,9,6,0.3927,0.355,78.66,0.9228002253,0.09398808171,49.74209564,1.104911718,0.8302734767,0.6806565564,FALSE
2.5YR,9,8,0.422,0.365,78.66,0.9254792653,0.1239070217,49.34183371,1.168539047,0.8062362422,0.6083439153,FALSE
2.5YR,9,10,0.446,0.373,78.66,0.9275323282,0.1473152285,49.69898371,1.215496218,0.7865714129,0.5437970363,FALSE
2.5YR,9,12,0.469,0.38,78.66,0.9294757239,0.1691470935,50.07857164,1.258035222,0.7669523409,0.4766052373,FALSE
2.5YR,9,14,0.492,0.387,78.66,0.9313066454,0.1903361862,50.78787693,1.297285025,0.7474015747,0.3980596428,FALSE
2.5YR,9,16,0.513,0.392,78.66,0.9331041966,0.209670521,51.0374165,1.333565018,0.7273588358,0.3146894084,FALSE
2.5YR,9,18,0.532,0.396,78.66,0.9347442975,0.2270446749,51.2676823,1.365637276,0.7081540823,0.2124325235,FALSE
5YR,9,2,0.3353,0.3325,78.66,0.9171959143,0.03063697379,58.53166913,0.9568497565,0.8755374725,0.8161316259,TRUE
5YR,9,4,0.3668,0.3509,78.66,0.919476576,0.06579141486,58.74848038,1.029874131,0.8572725433,0.7275501767,FALSE
5YR,9,6,0.3948,0.3659,78.66,0.9214416356,0.09493743574,59.24768243,1.08697899,0.8406479452,0.6481065916,FALSE
5YR,9,8,0.422,0.379,78.66,0.9233614346,0.1218389338,59.5406086,1.138076196,0.8236487088,0.5685584287,FALSE
5YR,9,10,0.448,0.39,78.66,0.9252489624,0.1465938023,59.60547181,1.184423326,0.8062076724,0.4877751718,FALSE
5YR,9,12,0.47,0.4,78.66,0.926631678,0.1669741226,60.51614042,1.218548697,0.7927055407,0.4054459295,FALSE
5YR,9,14,0.491,0.408,78.66,0.9280839054,0.1861059042,60.86435271,1.251588156,0.7781707569,0.3137809649,FALSE
5YR,9,16,0.51,0.416,78.66,0.929222885,0.2032288523,61.74364609,1.27795168,0.7662212929,0.1874621981,FALSE
5YR,9,18,0.525,0.421,78.66,0.9302638,0.2166781393,62.00364247,1.300153348,0.7551548886,-0.08690440128,FALSE
5YR,9,20,0.541,0.426,78.66,0.9313811925,0.2310036827,62.29761065,1.323380907,0.7429394735,-0.5631599291,FALSE
5YR,9,22,0.55,0.43,78.66,0.9318292859,0.2390993312,62.9566481,1.333679946,0.7377702302,-0.8559301079,FALSE
5YR,9,24,0.559,0.433,78.66,0.9324041023,0.2472015789,63.27829628,1.345605809,0.7312157952,-1.119150945,FALSE
5YR,9,26,0.567,0.435,78.66,0.9329970881,0.2544067583,63.36600383,1.357230308,0.7244268305,-1.334370909,FALSE
7.5YR,9,2,0.338,0.3377,78.66,0.9168372264,0.03444417465,67.93994423,0.9549533294,0.8778260561,0.7991338231,TRUE
7.5YR,9,4,0.3679,0.3585,78.66,0.9185028118,0.06804092495,67.91626722,1.016335754,0.8642428939,0.7060732277,FALSE
7.5YR,9,6,0.395,0.3763,78.66,0.919954408,0.09658103316,68.57142085,1.064980973,0.8518992019,0.6196654534,FALSE
7.5YR,9,8,0.422,0.393,78.66,0.9213747767,0.1236624815,69.29300815,1.108774233,0.8393987506,0.5281239463,FALSE
7.5YR,9,10,0.447,0.407,78.66,0.9227536937,0.1477162275,69.66003695,1.147287978,0.8269577557,0.434889314,FALSE
7.5YR,9,12,0.468,0.418,78.66,0.923920418,0.1674338862,69.99141093,1.177947194,0.8161386909,0.3415543474,FALSE
7.5YR,9,14,0.486,0.428,78.66,0.9247851211,0.1843658454,70.77347854,1.20111521,0.8078026835,0.2286697606,FALSE
7.5YR,9,16,0.503,0.436,78.66,0.9257413549,0.1999810227,71.05073128,1.22421808,0.798559881,-0.02477825696,FALSE
7.5YR,9,18,0.517,0.444,78.66,0.9263174056,0.2132553482,71.93848189,1.239604627,0.7927024781,-0.51973618,FALSE
7.5YR,9,20,0.529,0.45,78.66,0.926899077,0.2244824122,72.42647029,1.253725098,0.7868289392,-0.9096790118,FALSE
7.5YR,9,22,0.537,0.454,78.66,0.927276586,0.2320208216,72.782644,1.262817703,0.7829683898,-1.163914867,FALSE
7.5YR,9,24,0.545,0.459,78.66,0.9275236226,0.2399172451,73.48783652,1.269876104,0.7802993152,-1.435905333,FALSE
7.5YR,9,26,0.553,0.463,78.66,0.927886705,0.2475867906,73.87715671,1.278505112,0.7765294109,-1.680653006,FALSE
10YR,9,2,0.3392,0.343,78.66,0.916224969,0.03785215582,78.24300511,0.9469986363,0.8819323129,0.783791591,TRUE
10YR,9,4,0.3677,0.3668,78.66,0.9172687561,0.07123699906,78.02228132,0.9971341768,0.8730322468,0.6846335574,TRUE
10YR,9,6,0.3941,0.3877,78.66,0.9182469363,0.100271263,78.45957163,1.038129299,0.8645497518,0.5901382779,FALSE
10YR,9,8,0.4199,0.4069,78.66,0.9192425251,0.1272603651,78.89344669,1.074863834,0.8558255201,0.490908513,FALSE
10YR,9,10,0.444,0.424,78.66,0.9201787741,0.1516768655,79.40200312,1.106495554,0.8474940903,0.3829886922,FALSE
10YR,9,12,0.463,0.436,78.66,0.9210356162,0.1701303421,79.44569235,1.131685935,0.8398941773,0.2774644109,FALSE
10YR,9,14,0.48,0.447,78.66,0.9217239591,0.1867874227,79.83772212,1.152027798,0.8336224582,0.1132393629,FALSE
10YR,9,16,0.495,0.455,78.66,0.9224993837,0.2007863612,79.70596128,1.171830629,0.8266400355,-0.34851388,FALSE
10YR,9,18,0.506,0.462,78.66,0.9229150131,0.2116496478,80.11209772,1.18365446,0.822731915,-0.7352508406,FALSE
10YR,9,20,0.516,0.468,78.66,0.9233225851,0.2214424272,80.40382126,1.194597871,0.8189062558,-1.068620802,FALSE
10YR,9,22,0.524,0.473,78.66,0.9236174863,0.2294403152,80.73082387,1.202716153,0.8160941556,-1.333568146,FALSE
10YR,9,24,0.532,0.478,78.66,0.9239057287,0.2375151989,81.07889567,1.210594142,0.8133285178,-1.59297266,FALSE
2.5Y,9,2,0.339,0.3472,78.66,0.9155623432,0.04061562058,87.0797512,0.93628263,0.8864280306,0.7731319446,TRUE
2.5Y,9,4,0.3655,0.3738,78.66,0.9159591209,0.07431995658,87.33638909,0.9742109385,0.882281941,0.6694829111,TRUE
2.5Y,9,6,0.391,0.3972,78.66,0.916559944,0.1040342354,87.11368118,1.008958146,0.8768101633,0.5692436394,FALSE
2.5Y,9,8,0.4154,0.4186,78.66,0.9171818857,0.1311983575,87.25869423,1.039279161,0.8712372624,0.4642510107,FALSE
2.5Y,9,10,0.437,0.4369,78.66,0.9177501542,0.1545897985,87.56819573,1.064008289,0.8661683425,0.3532473368,FALSE
2.5Y,9,12,0.4569,0.4527,78.66,0.9183486059,0.1754557801,87.73855252,1.086326345,0.8609280804,0.2109243529,FALSE
2.5Y,9,14,0.473,0.465,78.66,0.9188533702,0.1921363615,87.91053412,1.103712058,0.8565127759,-0.1608244366,FALSE
2.5Y,9,16,0.486,0.476,78.66,0.9191250889,0.2063833929,88.48860364,1.115034043,0.8539882616,-0.6732460005,FALSE
2.5Y,9,18,0.494,0.483,78.66,0.9192619493,0.2153715092,88.92607367,1.121287182,0.8526781912,-0.9820519714,FALSE
2.5Y,9,20,0.501,0.488,78.66,0.9194968049,0.2225970917,89.00163979,1.128435857,0.8506349976,-1.221131717,FALSE
2.5Y,9,22,0.509,0.494,78.66,0.919729391,0.2311096814,89.19659977,1.13588989,0.848577946,-1.494285182,FALSE
2.5Y,9,24,0.515,0.499,78.66,0.9198487621,0.2378683474,89.48776514,1.140510723,0.8474726705,-1.70476159,FALSE
5Y,9,2,0.3378,0.3504,78.66,0.9148944392,0.04288944742,94.81169878,0.9240308851,0.8909688843,0.7663680683,TRUE
5Y,9,4,0.3621,0.3799,78.66,0.9146265426,0.07786659936,95.89133874,0.9491254112,0.8915419381,0.6584727506,TRUE
5Y,9,6,0.3858,0.4071,78.66,0.9145948303,0.1093626088,96.22870505,0.9725845958,0.8907140927,0.5507534915,TRUE
5Y,9,8,0.408,0.4319,78.66,0.914647541,0.1376476492,96.64592384,0.992607008,0.8894962007,0.4381679812,TRUE
5Y,9,10,0.4275,0.4529,78.66,0.9147761914,0.1616089089,96.9521385,1.009417328,0.8879401842,0.3167914184,FALSE
5Y,9,12,0.4455,0.4719,78.66,0.914926977,0.1834011886,97.28244107,1.023981999,0.8863415828,0.1312199465,FALSE
5Y,9,14,0.4602,0.4869,78.66,0.9150952794,0.2008947474,97.51017615,1.035709538,0.8847560009,-0.4366486393,FALSE
5Y,9,16,0.4711,0.4977,78.66,0.9152463947,0.2137315616,97.65711296,1.044367693,0.883412396,-0.8778248504,FALSE
5Y,9,18,0.4782,0.5049,78.66,0.9153261099,0.2222852495,97.81746601,1.049495638,0.8826820162,-1.158458892,FALSE
5Y,9,20,0.483,0.5092,78.66,0.9154331954,0.2276813154,97.80746351,1.053761203,0.8818058697,-1.332257735,FALSE
5Y,9,22,0.489,0.515,78.66,0.9155246422,0.2347910549,97.90567125,1.058295591,0.8810228225,-1.553720224,FALSE
5Y,9,24,0.495,0.522,78.66,0.9155030177,0.242851857,98.2650106,1.060847177,0.8810741904,-1.792850338,FALSE
7.5Y,9,2,0.3365,0.3527,78.66,0.9143483261,0.04485397743,100.5657416,0.913478642,0.894661316,0.7620832597,TRUE
7.5Y,9,4,0.3591,0.3832,78.66,0.9137442536,0.08015568649,101.1496952,0.9313631209,0.897589074,0.654200075,TRUE
7.5Y,9,6,0.3811,0.4123,78.66,0.9133175129,0.1126041794,101.6784758,0.9470624372,0.8995468452,0.544357469,TRUE
7.5Y,9,8,0.4019,0.4392,78.66,0.9130396458,0.1419267019,102.1125544,0.9608746492,0.9007024116,0.4280274731,TRUE
7.5Y,9,10,0.4201,0.4622,78.66,0.9128843299,0.1667554862,102.4456115,0.9724070414,0.9012251905,0.3002650302,TRUE
7.5Y,9,12,0.4369,0.4829,78.66,0.9128113779,0.1891223251,102.7081202,0.9828312759,0.9013072909,0.08065705511,TRUE
7.5Y,9,14,0.4503,0.4993,78.66,0.9127717925,0.2069093481,102.954274,0.9906129117,0.9012959879,-0.5338466047,FALSE
7.5Y,9,16,0.4595,0.5104,78.66,0.9127629564,0.2190555008,103.1157662,0.995876303,0.9011871482,-0.9382441192,FALSE
7.5Y,9,18,0.4663,0.5188,78.66,0.9127401979,0.2282422418,103.2864594,0.9992941358,0.9012321001,-1.229933198,FALSE
7.5Y,9,20,0.471,0.523,78.66,0.9128690146,0.2333392832,103.1057238,1.004064714,0.9002655099,-1.394838899,FALSE
7.5Y,9,22,0.476,0.528,78.66,0.9129566112,0.2392284126,103.0333938,1.008209163,0.8995823738,-1.577495976,FALSE
10Y,10,2,0.334,0.352,102.57,0.998586433,0.0477981124,104.2713193,1.017271502,1.00814636,0.8631209642,FALSE
10Y,10,4,0.355,0.382,102.57,0.9977610872,0.08548547401,104.1571697,1.032923169,1.01260333,0.7469556222,FALSE
10Y,10,6,0.371,0.409,102.57,0.9966810737,0.1175996755,106.4257183,1.033811837,1.019166431,0.6425245885,FALSE
10Y,10,8,0.39,0.437,102.57,0.9960593474,0.150162751,106.7237258,1.043184286,1.022656756,0.5187878086,FALSE
10Y,10,10,0.405,0.46,102.57,0.9955293768,0.1762357772,107.2692072,1.047932766,1.025772431,0.3984988015,FALSE
10Y,10,12,0.42,0.481,102.57,0.9952666921,0.2000193228,107.3134133,1.055987795,1.027166564,0.2384105514,FALSE
10Y,10,14,0.433,0.502,102.57,0.9947818223,0.2231997397,107.9784231,1.05726726,1.030173314,-0.3656156008,FALSE
10Y,10,16,0.442,0.515,102.57,0.9946212005,0.2377585931,108.1137149,1.060808344,1.031105027,-0.9452132806,FALSE
10Y,10,18,0.45,0.527,102.57,0.9944457144,0.2511398469,108.317648,1.063028791,1.032176193,-1.447931981,FALSE
10Y,10,20,0.455,0.534,102.57,0.994387361,0.2590663723,108.3649041,1.065214846,1.032508038,-1.738142892,FALSE
10Y,10,22,0.46,0.541,102.57,0.9943313783,0.2670226626,108.4178922,1.067338603,1.03283116,-2.020843725,FALSE
2.5GY,10,2,0.332,0.354,102.57,0.9979145953,0.05031134988,110.2966328,1.002913787,1.012744874,0.8601859846,FALSE
2.5GY,10,4,0.348,0.384,102.57,0.9963191155,0.0875504935,112.0516349,0.998842945,1.022525971,0.752040152,FALSE
2.5GY,10,6,0.365,0.413,102.57,0.9952442369,0.1217130647,111.8752803,1.001539701,1.028924506,0.6412584502,FALSE
2.5GY,10,8,0.38,0.442,102.57,0.9940301659,0.1545352891,112.857477,0.9964732682,1.036391893,0.5237792011,FALSE
2.5GY,10,10,0.393,0.466,102.57,0.993227921,0.1808886103,113.1999974,0.9948106823,1.041285616,0.4081464285,FALSE
2.5GY,10,12,0.406,0.492,102.57,0.9923133266,0.2087262132,113.8405689,0.9895448061,1.046955294,0.2354029706,FALSE
2.5GY,10,14,0.416,0.514,102.57,0.99149215,0.2317555727,114.5268534,0.9822272521,1.052098858,-0.3185759496,FALSE
2.5GY,10,16,0.424,0.529,102.57,0.9911193974,0.2474309449,114.6285192,0.9813066288,1.054403535,-0.9175933389,FALSE
2.5GY,10,18,0.432,0.546,102.57,0.9905985742,0.2649550848,114.9698414,0.9770341446,1.057674355,-1.533555672,FALSE
2.5GY,10,20,0.436,0.552,102.57,0.9905618569,0.2713230181,114.8334802,0.9791778797,1.057884998,-1.767135968,FALSE
2.5GY,10,22,0.44,0.56,102.57,0.9903602348,0.2795902156,114.9345094,0.9779539216,1.059155529,-2.042593561,FALSE
5GY,10,2,0.328,0.354,102.57,0.9971895289,0.05099516392,117.4193358,0.984268367,1.017746138,0.8657180781,FALSE
5GY,10,4,0.343,0.384,102.57,0.9954815328,0.08816763282,116.770104,0.9771962187,1.028213676,0.7596244531,FALSE
5GY,10,6,0.356,0.414,102.57,0.9937164941,0.123604341,117.8465188,0.9628308238,1.039129086,0.6538462604,FALSE
5GY,10,8,0.37,0.446,102.57,0.9921228025,0.1594301921,118.3618023,0.9499068991,1.048894352,0.5317781507,FALSE
5GY,10,10,0.38,0.47,102.57,0.9910061292,0.1852795768,118.7824351,0.9393511403,1.055727024,0.4273608512,FALSE
5GY,10,12,0.391,0.497,102.57,0.9898515193,0.2134728773,119.180218,0.9276244207,1.06277535,0.2731850377,FALSE
5GY,10,14,0.398,0.518,102.57,0.9888420072,0.2348765542,119.814824,0.9137147372,1.068954248,-0.02141247436,FALSE
5GY,10,16,0.405,0.538,102.57,0.9879973496,0.2548375838,120.2037646,0.9024037534,1.074097003,-0.7370763089,FALSE
5GY,10,18,0.41,0.56,102.57,0.9868174078,0.2763281005,121.1063183,0.8814424953,1.081261176,-1.408165758,FALSE
5GY,10,20,0.413,0.572,102.57,0.9862440971,0.2878691459,121.4616518,0.8713656734,1.08471898,-1.758102932,FALSE
5GY,10,22,0.416,0.58,102.57,0.9859919044,0.2955481095,121.4830539,0.8682065496,1.086239744,-2.003768215,FALSE
7.5GY,10,2,0.32,0.351,102.57,0.9961775661,0.05010636541,129.4395826,0.9534591377,1.024731058,0.885144009,FALSE
7.5GY,10,4,0.327,0.378,102.57,0.9935557394,0.08589490229,129.8309975,0.9181657285,1.041126007,0.7998413169,FALSE
7.5GY,10,6,0.334,0.41,102.57,0.990674878,0.1257558961,130.575928,0.8742730022,1.058741834,0.7010013438,FALSE
7.5GY,10,8,0.342,0.439,102.57,0.9886737563,0.1585485638,130.0075277,0.8456406332,1.070667221,0.6060687628,FALSE
7.5GY,10,10,0.347,0.47,102.57,0.9862890476,0.1928874943,130.7994144,0.801404393,1.084699173,0.5034149609,FALSE
7.5GY,10,12,0.351,0.493,102.57,0.9847480877,0.2168773721,131.0402375,0.7716866336,1.093602456,0.4168962484,FALSE
7.5GY,10,14,0.354,0.518,102.57,0.9830420831,0.2422524135,131.533873,0.734482415,1.103321158,0.3059147331,FALSE
7.5GY,10,16,0.357,0.545,102.57,0.9813374374,0.2684787952,131.9342051,0.6944356642,1.112879393,0.09573677715,FALSE
7.5GY,10,18,0.36,0.571,102.57,0.9798568284,0.2926253971,132.1610889,0.6573731263,1.121065084,-0.6354579046,FALSE
7.5GY,10,20,0.361,0.592,102.57,0.9785787289,0.3117874086,132.5424704,0.6206745414,1.128025617,-1.16955031,FALSE
7.5GY,10,22,0.36,0.608,102.57,0.9774487632,0.3263745668,133.0820311,0.5831115272,1.134078732,-1.517395711,FALSE
10GY,10,2,0.312,0.346,102.57,0.995439768,0.04852615816,141.4204201,0.9261428875,1.029832217,0.9100301442,FALSE
10GY,10,4,0.314,0.37,102.57,0.9923324151,0.083550778,140.711812,0.8727704499,1.049164682,0.8401497246,FALSE
10GY,10,6,0.314,0.4,102.57,0.9885091746,0.1257097828,141.5900697,0.7960919108,1.072125266,0.7584322153,FALSE
10GY,10,8,0.314,0.423,102.57,0.985913588,0.1554888287,141.7893876,0.7387054189,1.087163132,0.6964559034,FALSE
10GY,10,10,0.314,0.454,102.57,0.9827974373,0.1926625791,141.8179335,0.6619482701,1.104668301,0.6120237331,FALSE
10GY,10,12,0.314,0.474,102.57,0.9809864023,0.2150766564,141.7626473,0.6119826021,1.114581156,0.5557480182,FALSE
10GY,10,14,0.313,0.5,102.57,0.9786851498,0.2432514069,141.9011669,0.5380047028,1.126903724,0.4803013935,FALSE
10GY,10,16,0.31,0.527,102.57,0.9762358947,0.2719198538,142.3817846,0.4374820819,1.13966655,0.3979465537,FALSE
10GY,10,18,0.307,0.556,102.57,0.9738721634,0.3006729359,142.6715456,0.3035000434,1.151665892,0.2901426895,FALSE
10GY,10,20,0.303,0.58,102.57,0.9718727636,0.323986689,143.0900453,0.01054098167,1.161548323,0.1660362299,FALSE
10GY,10,22,0.299,0.6,102.57,0.9702255339,0.3428982418,143.4681187,-0.7828729673,1.169510927,-0.1319201176,FALSE
2.5G,10,2,0.306,0.342,102.57,0.9949040971,0.04859554635,150.8604177,0.9050786877,1.033490165,0.9292916729,FALSE
2.5G,10,4,0.303,0.361,102.57,0.9915430491,0.08132765805,150.7077348,0.8361114327,1.054314481,0.8798145076,FALSE
2.5G,10,6,0.298,0.385,102.57,0.987487301,0.1208923072,151.1558035,0.7409651988,1.078333165,0.8211734033,FALSE
2.5G,10,8,0.293,0.404,102.57,0.9843821917,0.1510904283,151.7000009,0.6553236377,1.095934303,0.7775682139,FALSE
2.5G,10,10,0.286,0.427,102.57,0.9807679609,0.1862256842,152.3577353,0.5331595585,1.115591424,0.727361174,FALSE
2.5G,10,12,0.282,0.444,102.57,0.97849261,0.209414342,152.3231741,0.4379945786,1.127538888,0.6891481244,FALSE
2.5G,10,14,0.276,0.467,102.57,0.9755407729,0.2395620433,152.3937911,0.2510209776,1.142565157,0.6386126157,FALSE
2.5G,10,16,0.27,0.49,102.57,0.9728217622,0.2678018953,152.4105152,-0.6226452947,1.155956434,0.5878928218,FALSE
2.5G,10,18,0.262,0.517,102.57,0.9697407543,0.2996778121,152.5664905,-2.074478191,1.17061105,0.5288525964,FALSE
2.5G,10,20,0.254,0.543,102.57,0.9669692159,0.3286200944,152.7011743,-3.362320335,1.1833461,0.4703199509,FALSE
2.5G,10,22,0.248,0.563,102.57,0.9650042062,0.349527055,152.7449488,-4.258886565,1.192134915,0.4223853939,FALSE
5G,10,2,0.301,0.337,102.57,0.9947038823,0.04720055032,159.4962935,0.8913414745,1.034965593,0.9500719379,FALSE
5G,10,4,0.293,0.353,102.57,0.9907510173,0.08236001566,160.2124982,0.7985614924,1.059345958,0.9150450575,FALSE
5G,10,6,0.283,0.369,102.57,0.9866716306,0.1183066767,161.4216509,0.6849677864,1.083181261,0.884007397,FALSE
5G,10,8,0.274,0.384,102.57,0.9831372654,0.1498046277,161.8899715,0.5658352661,1.102789088,0.855573589,FALSE
5G,10,10,0.265,0.398,102.57,0.9798964864,0.1786880899,162.3482773,0.4202516669,1.119974367,0.8307016593,FALSE
5G,10,12,0.256,0.412,102.57,0.9768085897,0.2063649522,162.6746552,0.1676671237,1.135680815,0.8066054543,FALSE
5G,10,14,0.245,0.426,102.57,0.9734870813,0.2356909342,163.3477299,-1.408769292,1.151855383,0.7858122664,FALSE
5G,10,16,0.235,0.44,102.57,0.9704847691,0.2625856678,163.6823626,-2.907850736,1.16589412,0.764364261,FALSE
5G,10,18,0.222,0.457,102.57,0.9668416849,0.2951355127,164.1449262,-4.694878195,1.182194846,0.740221102,FALSE
7.5G,10,2,0.298,0.333,102.57,0.9947384784,0.04544366185,165.6743846,0.8856365082,1.034881062,0.9654392531,FALSE
7.5G,10,4,0.288,0.346,102.57,0.9907661119,0.0797361236,166.1689821,0.7869647837,1.059391419,0.9409951861,FALSE
7.5G,10,6,0.277,0.36,102.57,0.9866548092,0.1153931344,166.5004205,0.6673899128,1.083339536,0.9160702426,FALSE
7.5G,10,8,0.266,0.374,102.57,0.98274382,0.1495032589,166.6974587,0.5244004464,1.10488327,0.8921857487,FALSE
7.5G,10,10,0.256,0.385,102.57,0.9795315867,0.1773862611,167.1679079,0.353410825,1.121728523,0.8757804605,FALSE
7.5G,10,12,0.246,0.397,102.57,0.976326404,0.2054777721,167.3463931,-0.355145638,1.137825453,0.857358014,FALSE
7.5G,10,14,0.235,0.409,102.57,0.9730393276,0.2342098231,167.6836325,-2.053913496,1.153618079,0.8407674855,FALSE
7.5G,10,16,0.224,0.42,102.57,0.9699388577,0.2612442314,168.0885314,-3.630795497,1.167873869,0.8271670192,FALSE
10G,10,2,0.296,0.331,102.57,0.9946549587,0.04558648885,169.4488847,0.8797924414,1.035489586,0.9737699387,FALSE
10G,10,4,0.284,0.341,102.57,0.9906896433,0.07918480754,170.9329886,0.775375804,1.059950509,0.9601255728,FALSE
10G,10,6,0.271,0.351,102.57,0.9866353604,0.1136112632,171.9202872,0.6482407696,1.083505894,0.9482518829,FALSE
10G,10,8,0.258,0.361,102.57,0.9826844904,0.1473005412,172.4730848,0.4877719218,1.105146254,0.9368524182,FALSE
10G,10,10,0.248,0.369,102.57,0.9796753681,0.1730745845,172.6894734,0.3012248597,1.120822448,0.9275708857,FALSE
10G,10,12,0.235,0.378,102.57,0.9759921319,0.2045974198,173.2022402,-1.059912477,1.139104977,0.9195476461,FALSE
10G,10,14,0.223,0.387,102.57,0.9725811687,0.2339478149,173.4356416,-2.855993801,1.155217118,0.9106329873,FALSE
2.5BG,10,2,0.294,0.327,102.57,0.9948937826,0.04310901516,175.4090335,0.879691252,1.034090212,0.9879510579,FALSE
2.5BG,10,4,0.28,0.335,102.57,0.9907593227,0.0779907627,176.4358767,0.7662648903,1.059645016,0.9821721619,FALSE
2.5BG,10,6,0.265,0.343,102.57,0.9864750688,0.1142742475,177.1286299,0.6238327278,1.084449476,0.9778317074,FALSE
2.5BG,10,8,0.251,0.35,102.57,0.9825778789,0.1474040657,177.6440481,0.4483554186,1.105644521,0.9752189711,FALSE
2.5BG,10,10,0.241,0.357,102.57,0.979574078,0.1730332241,177.3088831,0.2215652085,1.121175933,0.968001513,FALSE
2.5BG,10,12,0.227,0.362,102.57,0.9759514522,0.2040093705,178.1536444,-1.542984769,1.13896083,0.9709551966,FALSE
2.5BG,10,14,0.213,0.368,102.57,0.9722058393,0.2361629694,178.5572427,-3.578358361,1.156381538,0.9711987518,FALSE
5BG,10,2,0.293,0.323,102.57,0.9953456245,0.03936459323,181.5025492,0.8855627863,1.031312695,1.000963827,FALSE
5BG,10,4,0.277,0.33,102.57,0.9908892017,0.0770208182,181.0741556,0.7606784791,1.058959255,1.00023745,FALSE
5BG,10,6,0.262,0.335,102.57,0.9869528539,0.1105243371,181.7405235,0.6247741555,1.081802439,1.004021707,FALSE
5BG,10,8,0.246,0.34,102.57,0.982773383,0.1462704159,182.2224882,0.4260023183,1.104539912,1.008848854,FALSE
5BG,10,10,0.233,0.342,102.57,0.9796008869,0.1737328084,183.1323887,0.039335404,1.12080199,1.018360006,FALSE
5BG,10,12,0.22,0.345,102.57,0.976247375,0.2027445863,183.4772788,-1.896266437,1.137139918,1.024894757,FALSE
5BG,10,14,0.203,0.348,102.57,0.9718731368,0.2408631306,183.992289,-4.351229423,1.157180496,1.035696505,FALSE
7.5BG,10,2,0.293,0.318,102.57,0.9961874783,0.03308550404,190.6718048,0.9004641525,1.026014159,1.015817749,FALSE
7.5BG,10,4,0.273,0.32,102.57,0.9915962438,0.07294648937,190.5533504,0.7635781363,1.05489691,1.034318114,FALSE
7.5BG,10,6,0.256,0.321,102.57,0.9876783531,0.1073154085,190.7910668,0.6194303334,1.077785022,1.051582722,FALSE
7.5BG,10,8,0.238,0.322,102.57,0.9833886056,0.1450937118,190.7868996,0.3946795219,1.101141614,1.069519586,FALSE
7.5BG,10,10,0.224,0.322,102.57,0.9800368451,0.1749766208,190.9924239,-0.4218988574,1.118236882,1.085383988,FALSE
7.5BG,10,12,0.209,0.322,102.57,0.9763038075,0.2083433929,191.0533623,-2.662014803,1.136174421,1.10204561,FALSE
10BG,10,2,0.293,0.315,102.57,0.9967041705,0.02980203287,198.031582,0.9094726326,1.022736151,1.024814898,FALSE
10BG,10,4,0.27,0.313,102.57,0.9920740099,0.0717775291,197.8519983,0.7642211688,1.052155172,1.058782202,FALSE
10BG,10,6,0.251,0.311,102.57,0.9880705188,0.1083337045,197.6218086,0.6081335826,1.075622294,1.087144127,FALSE
10BG,10,8,0.234,0.31,102.57,0.984164056,0.1435841019,196.8084268,0.3938697803,1.096932316,1.109626773,FALSE
10BG,10,10,0.219,0.308,102.57,0.9807050228,0.1754844395,196.6748922,-0.5774355884,1.114589428,1.13246063,FALSE
10BG,10,12,0.203,0.305,102.57,0.9769134423,0.2110045336,196.7136702,-2.966335669,1.132698289,1.159109063,FALSE
2.5B,10,2,0.293,0.313,102.57,0.9970535973,0.02791690718,203.8947471,0.9155079206,1.020507949,1.030849685,FALSE
2.5B,10,4,0.27,0.308,102.57,0.992911238,0.06747470341,203.8681678,0.780685758,1.047164583,1.07391645,FALSE
2.5B,10,6,0.249,0.304,102.57,0.9887184863,0.1069478379,202.6796012,0.6150973615,1.071990994,1.110737509,FALSE
2.5B,10,8,0.232,0.299,102.57,0.9853515084,0.1400340796,202.8750975,0.4219956265,1.09051558,1.145535843,FALSE
2.5B,10,10,0.215,0.293,102.57,0.9818567437,0.1751736027,203.1366864,-0.5378387545,1.108452184,1.183251216,FALSE
5B,10,2,0.294,0.312,102.57,0.9974411566,0.02526816395,208.0558031,0.9243785562,1.017968388,1.032641815,FALSE
5B,10,4,0.268,0.302,102.57,0.9934929347,0.06717744677,211.1111607,0.7858437778,1.043743683,1.094720738,FALSE
5B,10,6,0.248,0.296,102.57,0.9898102792,0.1037288564,209.1588705,0.6363412252,1.065808671,1.13673843,FALSE
5B,10,8,0.23,0.288,102.57,0.986628321,0.13805189,209.4417002,0.449880405,1.083551965,1.182578578,FALSE
7.5B,10,2,0.295,0.31,102.57,0.9980093616,0.02221168064,217.485633,0.9362206958,1.014245285,1.037486956,FALSE
7.5B,10,4,0.269,0.298,102.57,0.9944324983,0.06319899837,217.7017295,0.8066225384,1.038020102,1.105999862,FALSE
7.5B,10,6,0.249,0.287,102.57,0.9916375885,0.09743782481,218.2746776,0.6809714021,1.055271779,1.164287738,FALSE
10B,10,2,0.296,0.309,102.57,0.9984013575,0.02013240521,224.4660866,0.9449839883,1.011639494,1.039302462,FALSE
10B,10,4,0.272,0.294,102.57,0.9958559353,0.05666075418,227.4172205,0.8413975154,1.029145324,1.115060495,FALSE
10B,10,6,0.251,0.28,102.57,0.9934384324,0.0920512713,227.3195077,0.7260018329,1.044644132,1.184901478,FALSE
2.5PB,10,2,0.298,0.307,102.57,0.9991898687,0.01716639334,242.8973967,0.962361527,1.006349631,1.042956156,FALSE
2.5PB,10,4,0.278,0.29,102.57,0.9979968689,0.0480336423,244.7350634,0.8951532961,1.015354042,1.120695756,FALSE
2.5PB,10,6,0.26,0.274,102.57,0.9968759544,0.07841219968,244.4080308,0.8225929353,1.023420891,1.194594744,FALSE
5PB,10,2,0.299,0.307,102.57,0.9994011899,0.01598176089,247.9001095,0.9679474668,1.004889546,1.041714024,FALSE
5PB,10,4,0.282,0.288,102.57,0.9993055822,0.04486763611,257.7269083,0.9273244083,1.006665194,1.122358599,FALSE
5PB,10,6,0.265,0.27,102.57,0.9989546132,0.07518333188,257.0950003,0.8743122077,1.010051476,1.202403171,FALSE
7.5PB,10,2,0.302,0.307,102.57,1.000032486,0.01339757042,267.3672352,0.98445442,1.000492303,1.037975758,FALSE
7.5PB,10,4,0.286,0.286,102.57,1.000619199,0.04427555079,271.880827,0.9585051779,0.9977519714,1.124041348,FALSE
7.5PB,10,6,0.273,0.268,102.57,1.001361729,0.07207825632,272.9249858,0.9368579314,0.9938390207,1.199906364,FALSE
10PB,10,2,0.303,0.307,102.57,1.000242036,0.01296116413,275.2004105,0.9898758947,0.9990208426,1.036725684,FALSE
10PB,10,4,0.291,0.286,102.57,1.001750166,0.04335488861,285.0065921,0.988151999,0.9897912923,1.117990639,FALSE
10PB,10,6,0.28,0.268,102.57,1.003061017,0.07110133586,285.0796791,0.9820018832,0.9818508112,1.191613579,FALSE
2.5P,10,2,0.305,0.307,102.57,1.000659828,0.01286132371,291.6355418,1.000602304,0.9960692623,1.034219505,FALSE
2.5P,10,4,0.296,0.288,102.57,1.002454683,0.04117270981,295.3890179,1.010259786,0.9845849307,1.105390252,FALSE
2.5P,10,6,0.289,0.27,102.57,1.004747248,0.07045146627,298.5694186,1.029478058,0.969356424,1.173940233,FALSE
5P,10,2,0.307,0.307,102.57,1.001075889,0.01377568525,307.006628,1.01117825,0.9931060322,1.031705227,FALSE
5P,10,4,0.302,0.289,102.57,1.003566659,0.04302259764,309.5295326,1.040004789,0.9763713751,1.094769268,FALSE
5P,10,6,0.298,0.274,102.57,1.005920542,0.06915425852,310.3920456,1.066906369,0.9601056709,1.149364589,FALSE
5P,10,8,0.294,0.258,102.57,1.008782876,0.09916784646,311.2433433,1.099401668,0.9396726544,1.210039498,FALSE
7.5P,10,2,0.31,0.308,102.57,1.001507832,0.01475837368,324.8125117,1.023791215,0.9899337867,1.024836235,FALSE
7.5P,10,4,0.311,0.294,102.57,1.004468937,0.04270290042,327.0509946,1.071371069,0.9691780368,1.06747434,FALSE
7.5P,10,6,0.311,0.28,102.57,1.007468242,0.07115763444,326.5437021,1.115615619,0.9473792892,1.113146996,FALSE
7.5P,10,8,0.311,0.266,102.57,1.010745931,0.1015266595,326.4363742,1.161940271,0.9224868292,1.160880219,FALSE
10P,10,2,0.313,0.309,102.57,1.001934523,0.01688069886,339.1463255,1.036121344,0.9867686648,1.01795058,FALSE
10P,10,4,0.317,0.297,102.57,1.005112932,0.04502667925,337.8128266,1.092077007,0.9639882512,1.050337284,FALSE
10P,10,6,0.321,0.284,102.57,1.008724745,0.07677505935,337.2488007,1.151888218,0.9367647466,1.087305246,FALSE
10P,10,8,0.326,0.273,102.57,1.012342128,0.1076242804,338.0804972,1.211027382,0.9077141104,1.117860979,FALSE
10P,10,10,0.328,0.264,102.57,1.015016096,0.1308647024,337.4442517,1.250485147,0.8853041576,1.14652582,FALSE
2.5RP,10,2,0.315,0.311,102.57,1.001965495,0.01645421455,349.6838413,1.04026531,0.9863978552,1.009262988,FALSE
2.5RP,10,4,0.323,0.301,102.57,1.005534458,0.04670746595,347.9826178,1.108861284,0.9603463582,1.030024016,FALSE
2.5RP,10,6,0.332,0.291,102.57,1.009468161,0.07975175349,348.1879762,1.180922612,0.9297212589,1.050317846,FALSE
2.5RP,10,8,0.339,0.282,102.57,1.012933433,0.1088392588,347.7494975,1.240226186,0.9010150185,1.070769845,FALSE
2.5RP,10,10,0.344,0.275,102.57,1.015641943,0.1315213025,347.3562829,1.284434946,0.8773183334,1.087802775,FALSE
5RP,10,2,0.318,0.313,102.57,1.002196581,0.0182908335,1.826528376,1.049253956,0.9845601849,0.9993005084,FALSE
5RP,10,4,0.332,0.307,102.57,1.006137546,0.05126051219,1.217855335,1.132631469,0.9550287042,0.9995629884,FALSE
5RP,10,6,0.345,0.3,102.57,1.010128659,0.08444897713,0.01601523411,1.210201245,0.9229676329,1.004346807,FALSE
5RP,10,8,0.355,0.293,102.57,1.013607966,0.1132469062,358.6762541,1.272843146,0.89310635,1.013391121,FALSE
5RP,10,10,0.363,0.288,102.57,1.016310843,0.1355820145,358.2543097,1.320260173,0.8683857784,1.018882715,FALSE
7.5RP,10,2,0.32,0.314,102.57,1.002410273,0.02031603616,7.307760281,1.056094373,0.982913083,0.9936709567,FALSE
7.5RP,10,4,0.335,0.31,102.57,1.006134318,0.05170557982,6.347342777,1.137290245,0.9547600336,0.9863088636,FALSE
7.5RP,10,6,0.351,0.305,102.57,1.01023853,0.0860522635,5.583777525,1.220329222,0.9213810355,0.9804648285,FALSE
7.5RP,10,8,0.365,0.301,102.57,1.013748112,0.1153713175,5.554346188,1.288117373,0.8905323759,0.9739531863,FALSE
10RP,10,2,0.322,0.316,102.57,1.002436534,0.02123428721,15.32690487,1.059946898,0.9825707195,0.9849984077,FALSE
10RP,10,4,0.342,0.315,102.57,1.006510767,0.05659207709,14.68208942,1.153436551,0.9512663876,0.961572003,FALSE
10RP,10,6,0.361,0.314,102.57,1.010275639,0.08913017407,14.81212508,1.234345684,0.9199301899,0.9386044101,FALSE
10RP,10,8,0.378,0.311,102.57,1.013998127,0.1204107332,13.61609276,1.307639064,0.8866377521,0.9238919237,FALSE
2.5R,10,2,0.324,0.318,102.57,1.002462258,0.0225063381,22.54146862,1.063732764,0.9822325071,0.9763344363,FALSE
2.5R,10,4,0.345,0.318,102.57,1.006502658,0.05790856724,19.03913025,1.157676881,0.9510387035,0.9483371741,FALSE
2.5R,10,6,0.366,0.318,102.57,1.010391614,0.09194161384,18.64188624,1.242398413,0.9184283417,0.9192010585,FALSE
2.5R,10,8,0.385,0.318,102.57,1.013790915,0.1216093681,18.75850624,1.312878763,0.8875458407,0.8917461681,FALSE
5R,10,2,0.326,0.32,102.57,1.002487462,0.02407082278,28.89096394,1.067453787,0.9818983709,0.9676775887,FALSE
5R,10,4,0.348,0.322,102.57,1.006305665,0.05847140402,24.67832998,1.159012299,0.9522396113,0.9320729802,FALSE
5R,10,6,0.372,0.325,102.57,1.010097788,0.0932705905,25.01256012,1.245585452,0.9201610085,0.8890992124,FALSE
5R,10,8,0.392,0.326,102.57,1.013393741,0.1224740288,24.45697718,1.315084802,0.8901522196,0.8563799057,FALSE
7.5R,10,2,0.329,0.322,102.57,1.002705204,0.02748883417,33.32830613,1.075736058,0.9801293419,0.9577024993,FALSE
7.5R,10,4,0.354,0.329,102.57,1.006109312,0.06183345416,33.72168388,1.164317391,0.9531701892,0.9026234538,FALSE
7.5R,10,6,0.38,0.334,102.57,1.009788118,0.09684989766,32.67522424,1.250511165,0.9218460308,0.8498886881,FALSE
7.5R,10,8,0.402,0.337,102.57,1.012942058,0.1259216402,31.90769289,1.319197979,0.8929355363,0.8068168367,FALSE
10R,10,2,0.332,0.326,102.57,1.002560121,0.0299826723,43.28871607,1.078244945,0.980919694,0.9417349781,FALSE
10R,10,4,0.359,0.336,102.57,1.005743394,0.06497532172,42.14318284,1.165409113,0.9554899114,0.8745921657,FALSE
10R,10,6,0.386,0.344,102.57,1.008979951,0.09848690183,41.16186277,1.245458159,0.9278111364,0.8104721331,FALSE
10R,10,8,0.411,0.349,102.57,1.012178194,0.1291211243,39.70820731,1.317196974,0.8986116719,0.7550272183,FALSE
2.5YR,10,2,0.334,0.329,102.57,1.002406549,0.03197996962,49.99014508,1.078958651,0.9818509865,0.9301193368,FALSE
2.5YR,10,4,0.362,0.342,102.57,1.005217121,0.06689692071,49.3947171,1.161282742,0.9591934094,0.8524284696,FALSE
2.5YR,10,6,0.389,0.354,102.57,1.007726517,0.09835059174,50.18802753,1.230207186,0.937573663,0.775618011,FALSE
2.5YR,10,8,0.415,0.363,102.57,1.010346048,0.1276019883,49.61230305,1.294488583,0.9138775673,0.7046738054,FALSE
5YR,10,2,0.336,0.333,102.57,1.002082035,0.03436553713,58.73405021,1.076926589,0.9839890776,0.9155698096,FALSE
5YR,10,4,0.364,0.35,102.57,1.004199883,0.06861716584,59.66228958,1.1482296,0.9666108134,0.8258736772,FALSE
5YR,10,6,0.391,0.365,102.57,1.006214321,0.09953582413,60.21055007,1.20961395,0.9492800009,0.7393188547,FALSE
5YR,10,8,0.416,0.378,102.57,1.008026789,0.1267722551,60.82074684,1.261107972,0.9329711774,0.6559055947,FALSE
5YR,10,10,0.44,0.388,102.57,1.010000966,0.1519179676,60.37133458,1.310792225,0.9147120905,0.5756606666,FALSE
7.5YR,10,2,0.337,0.338,102.57,1.001411207,0.03674841088,70.66383683,1.06782026,0.9886198029,0.8995049521,FALSE
7.5YR,10,4,0.366,0.357,102.57,1.003387648,0.07201761031,67.59929062,1.138098267,0.9724426478,0.802341199,FALSE
7.5YR,10,6,0.391,0.375,102.57,1.00462334,0.1013987978,69.61325565,1.185256716,0.9614862047,0.7092805881,FALSE
7.5YR,10,8,0.415,0.391,102.57,1.005866623,0.1282213502,70.67565499,1.227439259,0.9502774275,0.6165981125,FALSE
7.5YR,10,10,0.439,0.405,102.57,1.007278586,0.1537459244,70.91228178,1.269101104,0.937431514,0.5187197835,FALSE
7.5YR,10,12,0.455,0.416,102.57,1.007913585,0.1710540729,72.2196973,1.290769131,0.9312102434,0.4359026024,FALSE
10YR,10,2,0.338,0.343,102.57,1.000758834,0.04044582796,80.59588959,1.058879394,0.9930881662,0.8835377436,FALSE
10YR,10,4,0.366,0.367,102.57,1.001803691,0.07666958717,79.79933882,1.113126106,0.9839150027,0.7731645051,FALSE
10YR,10,6,0.389,0.385,102.57,1.002792854,0.1042507737,79.37774609,1.154538993,0.9753008513,0.6826559463,FALSE
10YR,10,8,0.412,0.402,102.57,1.003814991,0.1305940122,79.3010841,1.19283629,0.9662911681,0.5871995802,FALSE
10YR,10,10,0.435,0.42,102.57,1.004599658,0.1570440511,80.38334969,1.224481698,0.9589781606,0.4735989696,FALSE
10YR,10,12,0.452,0.431,102.57,1.005437781,0.1752090183,80.26504207,1.250372264,0.9514887896,0.3803581374,FALSE
10YR,10,14,0.467,0.442,102.57,1.005965964,0.191913349,80.92640244,1.268953271,0.9465003977,0.2631378419,FALSE
10YR,10,16,0.483,0.453,102.57,1.006591375,0.2093992252,81.43845171,1.288876386,0.9406414989,-0.0759545758,FALSE
2.5Y,10,2,0.337,0.347,102.57,0.9999238905,0.04316066641,90.62323129,1.043865942,0.9989013796,0.8733312092,FALSE
2.5Y,10,4,0.363,0.373,102.57,1.000393047,0.07918825421,88.93268561,1.086744275,0.9940934837,0.7604050604,FALSE
2.5Y,10,6,0.385,0.395,102.57,1.000729713,0.1086641512,89.35794761,1.117212209,0.9904995435,0.6596022868,FALSE
2.5Y,10,8,0.407,0.413,102.57,1.001559311,0.1344564456,88.10091154,1.152254883,0.9833739643,0.5616728256,FALSE
2.5Y,10,10,0.428,0.431,102.57,1.002168767,0.1594738969,88.17376796,1.180125573,0.9778630445,0.4498917518,FALSE
2.5Y,10,12,0.446,0.446,102.57,1.002700925,0.1805419005,88.37363991,1.202481031,0.9730573483,0.3290364436,FALSE
2.5Y,10,14,0.463,0.46,102.57,1.003189001,0.2003763504,88.70253821,1.222129,0.9686240812,0.1345507357,FALSE
2.5Y,10,16,0.476,0.47,102.57,1.003625194,0.2151583927,88.83042675,1.237457962,0.9647406086,-0.4440045936,FALSE
2.5Y,10,18,0.487,0.477,102.57,1.004149998,0.2267820165,88.58070486,1.252502051,0.9602115276,-0.9325916638,FALSE
2.5Y,10,20,0.496,0.486,102.57,1.004188213,0.2386154943,89.38833571,1.258218901,0.9596052819,-1.414775033,FALSE
2.5Y,10,22,0.503,0.49,102.57,1.004558837,0.2458438005,89.18443012,1.268006265,0.9564156846,-1.695899179,FALSE
5Y,10,2,0.336,0.348,102.57,0.9995817214,0.04373061194,94.39463535,1.036768366,1.001299136,0.8718338362,FALSE
5Y,10,4,0.36,0.377,102.57,0.999305674,0.08149029019,95.49144758,1.065175278,1.001821762,0.7535258344,FALSE
5Y,10,6,0.381,0.402,102.57,0.9991477335,0.1129675382,96.34902661,1.086866067,1.001863855,0.6456824754,FALSE
5Y,10,8,0.4,0.425,102.57,0.9989748213,0.1411337662,97.3659769,1.103069036,1.002237298,0.5369841045,FALSE
5Y,10,10,0.418,0.446,102.57,0.9989260361,0.1667354034,97.98961675,1.118233702,1.001886075,0.4182142262,FALSE
5Y,10,12,0.435,0.465,102.57,0.9989829233,0.190047827,98.37151474,1.132701454,1.000902973,0.2686733598,FALSE
5Y,10,14,0.45,0.481,102.57,0.9991164869,0.2099905653,98.58001841,1.145772893,0.9994919068,-0.1396662231,FALSE
5Y,10,16,0.462,0.494,102.57,0.9991976841,0.2262083688,98.86291151,1.15512478,0.9985826799,-0.8217676481,FALSE
5Y,10,18,0.472,0.502,102.57,0.9995607408,0.2374707239,98.4771211,1.167554311,0.9956834589,-1.285662294,FALSE
5Y,10,20,0.478,0.508,102.57,0.9996477225,0.2452926882,98.56224407,1.172610234,0.994905597,-1.589026444,FALSE
5Y,10,22,0.484,0.514,102.57,0.999733172,0.2531679744,98.66117877,1.177520139,0.9941451158,-1.885308162,FALSE
7.5Y,10,2,0.335,0.351,102.57,0.998924035,0.04674995852,101.0193315,1.024410674,1.005816854,0.8645960269,FALSE
7.5Y,10,4,0.357,0.38,102.57,0.9983760681,0.08366787407,100.8056794,1.045880613,1.008343061,0.7495719507,FALSE
7.5Y,10,6,0.376,0.407,102.57,0.997712268,0.1163847301,102.2629995,1.05718763,1.011986489,0.6396240056,FALSE
7.5Y,10,8,0.395,0.432,102.57,0.9973820653,0.1461848072,102.6071253,1.071158925,1.013497221,0.5245491476,FALSE
7.5Y,10,10,0.412,0.454,102.57,0.9971653337,0.1720629412,102.9170089,1.082920139,1.014413703,0.4028891682,FALSE
7.5Y,10,12,0.427,0.473,102.57,0.9970407018,0.1943367249,103.1552674,1.093056766,1.014837986,0.256171195,FALSE
7.5Y,10,14,0.442,0.492,102.57,0.996930451,0.2165809457,103.4610744,1.102300583,1.015229291,-0.2822042465,FALSE
7.5Y,10,16,0.453,0.505,102.57,0.9969528262,0.2321090258,103.5189624,1.110250311,1.014834068,-0.9223279244,FALSE
7.5Y,10,18,0.462,0.515,102.57,0.9970352525,0.2443348462,103.4786589,1.117521151,1.014080155,-1.405122108,FALSE
7.5Y,10,20,0.467,0.521,102.57,0.9970367053,0.2515637825,103.5600246,1.120642046,1.013981813,-1.676810355,FALSE
7.5Y,10,22,0.472,0.528,102.57,0.9969422447,0.2597042404,103.8301538,1.121966752,1.014569395,-1.967284746,FALSE
